Account_ID,Assessment_Area,Region,Check_ID,Finding,Change,Previous_Status,Current_Status,Previous_Severity,Current_Severity,Previous_Finding_Details,Current_Finding_Details,Resolution,Reference,Match_Rule,Previous_Execution_ID,Current_Execution_ID
123456789012,bedrock,Global,BR-01,AmazonBedrockFullAccess role check,Not failing,Passed,Passed,High,High,No roles found with AmazonBedrockFullAccess policy,No roles found with AmazonBedrockFullAccess policy,No action required,https://docs.aws.amazon.com/bedrock/latest/userguide/security-iam-awsmanpol.html,exact,2f6c1a7e-5b3d-4e8a-9c0f-000000000903,2f6c1a7e-5b3d-4e8a-9c0f-000000000927
123456789012,bedrock,Global,BR-03,Marketplace Subscription Access Check,New,Not present,Failed,,High,,Role 'sample-new-app-role' has overly permissive marketplace subscription access through policy 'AWSMarketplaceFullAccess',"Ensure that users have access to only the models that you want user to be able to subscribe to based on your organizational policies. For example, you may want users to have access to only text based models and not image and video generation model. This can also help to keep cost in check.",https://docs.aws.amazon.com/bedrock/latest/userguide/security-iam-awsmanpol.html#security-iam-awsmanpol-AmazonBedrockMarketplaceAccess,unmatched,2f6c1a7e-5b3d-4e8a-9c0f-000000000903,2f6c1a7e-5b3d-4e8a-9c0f-000000000927
123456789012,bedrock,Global,BR-03,Marketplace Subscription Access Check,Still open,Failed,Failed,High,High,Role 'RescoAppStack-Ec2Role8DF2B528-BZ4vfVHs10Kw' has overly permissive marketplace subscription access through policy 'AWSElasticBeanstalkWebTier',Role 'RescoAppStack-Ec2Role8DF2B528-BZ4vfVHs10Kw' has overly permissive marketplace subscription access through policy 'AWSElasticBeanstalkWebTier',"Ensure that users have access to only the models that you want user to be able to subscribe to based on your organizational policies. For example, you may want users to have access to only text based models and not image and video generation model. This can also help to keep cost in check.",https://docs.aws.amazon.com/bedrock/latest/userguide/security-iam-awsmanpol.html#security-iam-awsmanpol-AmazonBedrockMarketplaceAccess,exact,2f6c1a7e-5b3d-4e8a-9c0f-000000000903,2f6c1a7e-5b3d-4e8a-9c0f-000000000927
123456789012,bedrock,Global,BR-03,Marketplace Subscription Access Check,Still open,Failed,Failed,High,High,Role 'aws-elasticbeanstalk-ec2-role' has overly permissive marketplace subscription access through policy 'AWSElasticBeanstalkMulticontainerDocker',Role 'aws-elasticbeanstalk-ec2-role' has overly permissive marketplace subscription access through policy 'AWSElasticBeanstalkMulticontainerDocker',"Ensure that users have access to only the models that you want user to be able to subscribe to based on your organizational policies. For example, you may want users to have access to only text based models and not image and video generation model. This can also help to keep cost in check.",https://docs.aws.amazon.com/bedrock/latest/userguide/security-iam-awsmanpol.html#security-iam-awsmanpol-AmazonBedrockMarketplaceAccess,exact,2f6c1a7e-5b3d-4e8a-9c0f-000000000903,2f6c1a7e-5b3d-4e8a-9c0f-000000000927
123456789012,bedrock,Global,BR-03,Marketplace Subscription Access Check,Still open,Failed,Failed,High,High,Role 'xray-sample-SampleInstanceProfileRole-2YE24B4A5Y3RU' has overly permissive marketplace subscription access through policy 'AWSElasticBeanstalkWebTier',Role 'xray-sample-SampleInstanceProfileRole-2YE24B4A5Y3RU' has overly permissive marketplace subscription access through policy 'AWSElasticBeanstalkWebTier',"Ensure that users have access to only the models that you want user to be able to subscribe to based on your organizational policies. For example, you may want users to have access to only text based models and not image and video generation model. This can also help to keep cost in check.",https://docs.aws.amazon.com/bedrock/latest/userguide/security-iam-awsmanpol.html#security-iam-awsmanpol-AmazonBedrockMarketplaceAccess,exact,2f6c1a7e-5b3d-4e8a-9c0f-000000000903,2f6c1a7e-5b3d-4e8a-9c0f-000000000927
123456789012,bedrock,Global,BR-15,Cross-Account Guardrails Enforcement Check,Still open,Failed,Failed,High,High,The Organizations Bedrock policy type is not enabled and no account-level enforced guardrail configuration was observed.,The Organizations Bedrock policy type is not enabled and no account-level enforced guardrail configuration was observed.,Enable Bedrock policies in AWS Organizations or configure account-level enforced guardrails.,https://docs.aws.amazon.com/organizations/latest/userguide/orgs_manage_policies_bedrock.html,exact,2f6c1a7e-5b3d-4e8a-9c0f-000000000903,2f6c1a7e-5b3d-4e8a-9c0f-000000000927
123456789012,bedrock,us-east-1,BR-02,Amazon Bedrock private connectivity check,Not failing,N/A,N/A,Informational,Informational,No regional Bedrock resources found to assess private connectivity,No regional Bedrock resources found to assess private connectivity,No action required,https://docs.aws.amazon.com/bedrock/latest/userguide/vpc-interface-endpoints.html,exact,2f6c1a7e-5b3d-4e8a-9c0f-000000000903,2f6c1a7e-5b3d-4e8a-9c0f-000000000927
123456789012,bedrock,us-east-1,BR-04,Bedrock Model Invocation Logging Check,Not failing,N/A,N/A,Informational,Informational,No regional Bedrock resources found to monitor with invocation logging,No regional Bedrock resources found to monitor with invocation logging,No action required,https://docs.aws.amazon.com/bedrock/latest/userguide/model-invocation-logging.html,exact,2f6c1a7e-5b3d-4e8a-9c0f-000000000903,2f6c1a7e-5b3d-4e8a-9c0f-000000000927
123456789012,bedrock,us-east-1,BR-05,Bedrock Guardrails Check,Not failing,N/A,N/A,Informational,Informational,No regional Bedrock resources found to protect with guardrails,No regional Bedrock resources found to protect with guardrails,No action required,https://docs.aws.amazon.com/bedrock/latest/userguide/guardrails.html,exact,2f6c1a7e-5b3d-4e8a-9c0f-000000000903,2f6c1a7e-5b3d-4e8a-9c0f-000000000927
123456789012,bedrock,us-east-1,BR-06,Bedrock CloudTrail Logging Check,Not failing,N/A,N/A,Informational,Informational,No regional Bedrock resources found to audit with Bedrock-specific CloudTrail coverage,No regional Bedrock resources found to audit with Bedrock-specific CloudTrail coverage,No action required,https://docs.aws.amazon.com/bedrock/latest/userguide/logging-using-cloudtrail.html,exact,2f6c1a7e-5b3d-4e8a-9c0f-000000000903,2f6c1a7e-5b3d-4e8a-9c0f-000000000927
123456789012,bedrock,us-east-1,BR-07,Bedrock Prompt Management Check,Not failing,N/A,N/A,Informational,Informational,Prompt Management feature is not being used. This may lead to inconsistent prompt handling and suboptimal model responses.,Prompt Management feature is not being used. This may lead to inconsistent prompt handling and suboptimal model responses.,"Implement Prompt Management to:
1. Create and version your prompts
2. Test different prompt variants
3. Share prompts across your organization
4. Maintain consistent prompt templates",https://docs.aws.amazon.com/bedrock/latest/userguide/prompt-management.html,exact,2f6c1a7e-5b3d-4e8a-9c0f-000000000903,2f6c1a7e-5b3d-4e8a-9c0f-000000000927
123456789012,bedrock,us-east-1,BR-08,Bedrock Agent IAM Roles Check,Not failing,N/A,N/A,Informational,Informational,No Bedrock agents found in the account,No Bedrock agents found in the account,No action required,https://docs.aws.amazon.com/bedrock/latest/userguide/security_iam_service-with-iam.html,exact,2f6c1a7e-5b3d-4e8a-9c0f-000000000903,2f6c1a7e-5b3d-4e8a-9c0f-000000000927
123456789012,bedrock,us-east-1,BR-09,Bedrock Knowledge Base Encryption Check,Not failing,N/A,N/A,Informational,Informational,No Knowledge Bases found in the account,No Knowledge Bases found in the account,No action required,https://docs.aws.amazon.com/bedrock/latest/userguide/encryption-kb.html,exact,2f6c1a7e-5b3d-4e8a-9c0f-000000000903,2f6c1a7e-5b3d-4e8a-9c0f-000000000927
123456789012,bedrock,us-east-1,BR-10,Bedrock Guardrail IAM Enforcement Check,Not failing,N/A,N/A,Informational,Informational,No guardrails configured - IAM enforcement check not applicable,No guardrails configured - IAM enforcement check not applicable,"Configure Bedrock Guardrails first, then enforce their use via IAM policies",https://docs.aws.amazon.com/bedrock/latest/userguide/guardrails-permissions-id.html,exact,2f6c1a7e-5b3d-4e8a-9c0f-000000000903,2f6c1a7e-5b3d-4e8a-9c0f-000000000927
123456789012,bedrock,us-east-1,BR-11,Bedrock Custom Model Encryption Check,Not failing,N/A,N/A,Informational,Informational,No custom/fine-tuned models found in the account,No custom/fine-tuned models found in the account,No action required,https://docs.aws.amazon.com/bedrock/latest/userguide/encryption-custom-job.html,exact,2f6c1a7e-5b3d-4e8a-9c0f-000000000903,2f6c1a7e-5b3d-4e8a-9c0f-000000000927
123456789012,bedrock,us-east-1,BR-12,Bedrock Invocation Log Encryption Check,Not failing,N/A,N/A,Informational,Informational,Model invocation logging to S3 is not configured,Model invocation logging to S3 is not configured,"If logging is enabled to CloudWatch only, ensure CloudWatch log group uses CMK encryption",https://docs.aws.amazon.com/bedrock/latest/userguide/model-invocation-logging.html,exact,2f6c1a7e-5b3d-4e8a-9c0f-000000000903,2f6c1a7e-5b3d-4e8a-9c0f-000000000927
123456789012,bedrock,us-east-1,BR-13,Bedrock Flows Guardrails Check,Not failing,N/A,N/A,Informational,Informational,No Bedrock Flows found in the account,No Bedrock Flows found in the account,No action required,https://docs.aws.amazon.com/bedrock/latest/userguide/flows-guardrails.html,exact,2f6c1a7e-5b3d-4e8a-9c0f-000000000903,2f6c1a7e-5b3d-4e8a-9c0f-000000000927
123456789012,bedrock,us-east-1,BR-16,Guardrail Tier Validation Check,Not failing,N/A,N/A,Medium,Medium,No Bedrock guardrails configured in this region,No Bedrock guardrails configured in this region,Create Bedrock guardrails with Standard tier for enhanced content filtering and protection,https://docs.aws.amazon.com/bedrock/latest/userguide/guardrails-components.html,exact,2f6c1a7e-5b3d-4e8a-9c0f-000000000903,2f6c1a7e-5b3d-4e8a-9c0f-000000000927
123456789012,bedrock,us-east-1,BR-17,Custom Model Customer-Managed KMS Encryption Check,Not failing,N/A,N/A,High,High,No custom (fine-tuned) Bedrock models found in this region,No custom (fine-tuned) Bedrock models found in this region,"When creating custom models, specify a customer-managed KMS key for encryption to maintain control over encryption keys",https://docs.aws.amazon.com/bedrock/latest/userguide/encryption-custom-job.html,exact,2f6c1a7e-5b3d-4e8a-9c0f-000000000903,2f6c1a7e-5b3d-4e8a-9c0f-000000000927
123456789012,bedrock,us-east-1,BR-18,Model Evaluation Implementation Check,Not failing,N/A,N/A,Informational,Informational,No regional Bedrock resources found to assess with model evaluation jobs,No regional Bedrock resources found to assess with model evaluation jobs,No action required,https://docs.aws.amazon.com/bedrock/latest/userguide/evaluation.html,exact,2f6c1a7e-5b3d-4e8a-9c0f-000000000903,2f6c1a7e-5b3d-4e8a-9c0f-000000000927
123456789012,bedrock,us-east-1,BR-19,Prompt Flow Validation Check,Not failing,N/A,N/A,Medium,Medium,No Bedrock prompt flows configured in this region,No Bedrock prompt flows configured in this region,"When creating prompt flows, use the ValidateFlowDefinition API to validate flow definitions before deployment",https://docs.aws.amazon.com/bedrock/latest/userguide/flows.html,exact,2f6c1a7e-5b3d-4e8a-9c0f-000000000903,2f6c1a7e-5b3d-4e8a-9c0f-000000000927
123456789012,bedrock,us-east-1,BR-20,Knowledge Base Customer-Managed KMS Encryption Check,Not failing,N/A,N/A,High,High,No Bedrock knowledge bases found in this region,No Bedrock knowledge bases found in this region,"When creating knowledge bases, specify customer-managed KMS keys for both vector store and data source encryption",https://docs.aws.amazon.com/bedrock/latest/userguide/encryption-kb.html,exact,2f6c1a7e-5b3d-4e8a-9c0f-000000000903,2f6c1a7e-5b3d-4e8a-9c0f-000000000927
123456789012,bedrock,us-east-1,BR-21,Agent Action Group IAM Least Privilege Check,Not failing,N/A,N/A,High,High,No Bedrock agents configured in this region,No Bedrock agents configured in this region,"When creating agents with action groups, ensure Lambda execution roles follow least privilege principles",https://docs.aws.amazon.com/bedrock/latest/userguide/agents-permissions.html,exact,2f6c1a7e-5b3d-4e8a-9c0f-000000000903,2f6c1a7e-5b3d-4e8a-9c0f-000000000927
123456789012,bedrock,us-east-1,BR-22,Model Invocation Throttling Limits Check,Not failing,N/A,N/A,Informational,Informational,No regional Bedrock resources found to assess model invocation throttling quotas,No regional Bedrock resources found to assess model invocation throttling quotas,No action required,https://docs.aws.amazon.com/bedrock/latest/userguide/quotas.html,exact,2f6c1a7e-5b3d-4e8a-9c0f-000000000903,2f6c1a7e-5b3d-4e8a-9c0f-000000000927
123456789012,bedrock,us-east-1,BR-23,Guardrail Content Filter Coverage Check,Not failing,N/A,N/A,Informational,Informational,No Bedrock guardrails configured in this region,No Bedrock guardrails configured in this region,Create guardrails with all harmful-content filters enabled.,https://docs.aws.amazon.com/bedrock/latest/userguide/guardrails-content-filters.html,exact,2f6c1a7e-5b3d-4e8a-9c0f-000000000903,2f6c1a7e-5b3d-4e8a-9c0f-000000000927
123456789012,bedrock,us-east-1,BR-24,Automated Reasoning Policy Implementation Check,Not failing,N/A,N/A,Medium,Medium,No Bedrock guardrails configured in this region,No Bedrock guardrails configured in this region,Create guardrails with Automated Reasoning policies for formal verification of model responses,https://docs.aws.amazon.com/bedrock/latest/userguide/deploy-automated-reasoning-policy.html,exact,2f6c1a7e-5b3d-4e8a-9c0f-000000000903,2f6c1a7e-5b3d-4e8a-9c0f-000000000927
123456789012,bedrock,us-east-1,BR-25,RAG Evaluation Jobs Check,Not failing,N/A,N/A,Low,Low,No Bedrock knowledge bases found in this region,No Bedrock knowledge bases found in this region,"When implementing RAG applications, configure evaluation jobs to assess context relevance, response correctness, and prevent hallucinations",https://docs.aws.amazon.com/bedrock/latest/userguide/evaluation-kb.html,exact,2f6c1a7e-5b3d-4e8a-9c0f-000000000903,2f6c1a7e-5b3d-4e8a-9c0f-000000000927
123456789012,bedrock,us-east-1,BR-26,Guardrail Sensitive Information Filter Check,Not failing,N/A,N/A,High,High,No Bedrock guardrails configured in this region,No Bedrock guardrails configured in this region,Create guardrails with sensitive-information filters (PII entities and/or regex patterns) to detect and redact sensitive data in prompts and model responses,https://docs.aws.amazon.com/bedrock/latest/userguide/guardrails-sensitive-filters.html,exact,2f6c1a7e-5b3d-4e8a-9c0f-000000000903,2f6c1a7e-5b3d-4e8a-9c0f-000000000927
123456789012,bedrock,us-east-1,BR-27,Guardrail Contextual Grounding Check,Not failing,N/A,N/A,Medium,Medium,No Bedrock guardrails configured in this region,No Bedrock guardrails configured in this region,"Create guardrails with contextual grounding checks to detect hallucinations (ungrounded responses) and irrelevant answers, especially for RAG applications",https://docs.aws.amazon.com/bedrock/latest/userguide/guardrails-contextual-grounding-check.html,exact,2f6c1a7e-5b3d-4e8a-9c0f-000000000903,2f6c1a7e-5b3d-4e8a-9c0f-000000000927
123456789012,bedrock,us-east-1,BR-28,Agent Guardrail Association Check,Not failing,N/A,N/A,High,High,No Bedrock agents configured in this region,No Bedrock agents configured in this region,"When creating agents, associate a Bedrock guardrail so agent inputs and responses are filtered for harmful content, PII, and denied topics",https://docs.aws.amazon.com/bedrock/latest/userguide/guardrails-use.html,exact,2f6c1a7e-5b3d-4e8a-9c0f-000000000903,2f6c1a7e-5b3d-4e8a-9c0f-000000000927
123456789012,bedrock,us-east-1,BR-29,Agent Idle Session TTL Check,Not failing,N/A,N/A,Low,Low,No Bedrock agents configured in this region,No Bedrock agents configured in this region,"When creating agents, set a conservative idleSessionTTLInSeconds to limit how long an idle session remains resumable",https://docs.aws.amazon.com/bedrock/latest/userguide/agents-create.html,exact,2f6c1a7e-5b3d-4e8a-9c0f-000000000903,2f6c1a7e-5b3d-4e8a-9c0f-000000000927
123456789012,bedrock,us-east-1,BR-30,Imported Model Customer-Managed KMS Encryption Check,Not failing,N/A,N/A,High,High,No imported custom Bedrock models found in this region,No imported custom Bedrock models found in this region,"When importing models, specify a customer-managed KMS key for encryption to maintain control over encryption keys",https://docs.aws.amazon.com/bedrock/latest/userguide/model-customization-import-model.html,exact,2f6c1a7e-5b3d-4e8a-9c0f-000000000903,2f6c1a7e-5b3d-4e8a-9c0f-000000000927
123456789012,bedrock,us-east-1,BR-31,Batch Inference Output Encryption Check,Not failing,N/A,N/A,Medium,Medium,No Bedrock batch inference (model invocation) jobs found in this region,No Bedrock batch inference (model invocation) jobs found in this region,"When creating batch inference jobs, set outputDataConfig.s3OutputDataConfig.s3EncryptionKeyId to a customer-managed KMS key to encrypt the job output",https://docs.aws.amazon.com/bedrock/latest/userguide/batch-inference.html,exact,2f6c1a7e-5b3d-4e8a-9c0f-000000000903,2f6c1a7e-5b3d-4e8a-9c0f-000000000927
123456789012,bedrock,us-east-1,BR-32,Bedrock CloudWatch Alarm Check,Not failing,N/A,N/A,Informational,Informational,No regional Bedrock resources found to monitor with CloudWatch alarms,No regional Bedrock resources found to monitor with CloudWatch alarms,No action required,https://docs.aws.amazon.com/bedrock/latest/userguide/monitoring-runtime-metrics.html,exact,2f6c1a7e-5b3d-4e8a-9c0f-000000000903,2f6c1a7e-5b3d-4e8a-9c0f-000000000927
123456789012,bedrock,us-east-1,BR-33,Amazon Inspector Lambda Code Scanning Check,Not failing,Passed,Passed,Medium,Medium,Amazon Inspector Lambda standard scanning and Lambda code scanning are both ENABLED in us-east-1. Detected 1 Lambda function(s) with Bedrock indicators: aiml-security-aiml-sec-123456789012-BedrockAssessment.,Amazon Inspector Lambda standard scanning and Lambda code scanning are both ENABLED in us-east-1. Detected 1 Lambda function(s) with Bedrock indicators: aiml-security-aiml-sec-123456789012-BedrockAssessment.,No action required.,https://docs.aws.amazon.com/inspector/latest/user/scanning-lambda.html,exact,2f6c1a7e-5b3d-4e8a-9c0f-000000000903,2f6c1a7e-5b3d-4e8a-9c0f-000000000927
123456789012,bedrock,us-east-1,BR-34,Guardrail Prompt Attack Filter,Not failing,N/A,N/A,Informational,Informational,No Bedrock guardrails configured in this region,No Bedrock guardrails configured in this region,Create guardrails with a preventive PROMPT_ATTACK filter.,https://docs.aws.amazon.com/bedrock/latest/userguide/guardrails-prompt-attack.html,exact,2f6c1a7e-5b3d-4e8a-9c0f-000000000903,2f6c1a7e-5b3d-4e8a-9c0f-000000000927
123456789012,bedrock,us-east-1,BR-35,Guardrail Image Content Filter Coverage,Not failing,N/A,N/A,Informational,Informational,No Bedrock guardrails configured in this region,No Bedrock guardrails configured in this region,No action required,https://docs.aws.amazon.com/bedrock/latest/userguide/guardrails-mmfilter.html,exact,2f6c1a7e-5b3d-4e8a-9c0f-000000000903,2f6c1a7e-5b3d-4e8a-9c0f-000000000927
123456789012,bedrock,us-east-1,BR-36,Application Inference Profile Governance,Not failing,N/A,N/A,Informational,Informational,No application inference profiles found,No application inference profiles found,No action required,https://docs.aws.amazon.com/bedrock/latest/userguide/inference-profiles-create.html,exact,2f6c1a7e-5b3d-4e8a-9c0f-000000000903,2f6c1a7e-5b3d-4e8a-9c0f-000000000927
123456789012,bedrock,us-east-1,BR-37,Bedrock Account Data Retention,Still open,Failed,Failed,High,High,Bedrock account data retention is inherit; this does not establish an explicit account-level zero-data-retention setting.,Bedrock account data retention is inherit; this does not establish an explicit account-level zero-data-retention setting.,Set the account data-retention mode to none.,https://docs.aws.amazon.com/bedrock/latest/userguide/data-retention.html,exact,2f6c1a7e-5b3d-4e8a-9c0f-000000000903,2f6c1a7e-5b3d-4e8a-9c0f-000000000927
123456789012,bedrock,us-east-1,BR-38,Automated Reasoning Policy CMK Encryption,Not failing,N/A,N/A,Informational,Informational,No Automated Reasoning policies found,No Automated Reasoning policies found,No action required,https://docs.aws.amazon.com/bedrock/latest/userguide/create-automated-reasoning-policy.html,exact,2f6c1a7e-5b3d-4e8a-9c0f-000000000903,2f6c1a7e-5b3d-4e8a-9c0f-000000000927
123456789012,bedrock,us-east-1,BR-39,Marketplace Model Endpoint VPC Configuration,Not failing,N/A,N/A,Informational,Informational,No Bedrock Marketplace model endpoints found,No Bedrock Marketplace model endpoints found,No action required,https://docs.aws.amazon.com/bedrock/latest/APIReference/API_GetMarketplaceModelEndpoint.html,exact,2f6c1a7e-5b3d-4e8a-9c0f-000000000903,2f6c1a7e-5b3d-4e8a-9c0f-000000000927
123456789012,bedrock,us-east-1,BR-40,Marketplace Model Endpoint CMK Encryption,Not failing,N/A,N/A,Informational,Informational,No Bedrock Marketplace model endpoints found,No Bedrock Marketplace model endpoints found,No action required,https://docs.aws.amazon.com/bedrock/latest/userguide/setup-amazon-bedrock-marketplace.html,exact,2f6c1a7e-5b3d-4e8a-9c0f-000000000903,2f6c1a7e-5b3d-4e8a-9c0f-000000000927
123456789012,bedrock,us-east-2,BR-02,Amazon Bedrock private connectivity check,Not failing,N/A,N/A,Informational,Informational,No regional Bedrock resources found to assess private connectivity,No regional Bedrock resources found to assess private connectivity,No action required,https://docs.aws.amazon.com/bedrock/latest/userguide/vpc-interface-endpoints.html,exact,2f6c1a7e-5b3d-4e8a-9c0f-000000000903,2f6c1a7e-5b3d-4e8a-9c0f-000000000927
123456789012,bedrock,us-east-2,BR-04,Bedrock Model Invocation Logging Check,Not failing,N/A,N/A,Informational,Informational,No regional Bedrock resources found to monitor with invocation logging,No regional Bedrock resources found to monitor with invocation logging,No action required,https://docs.aws.amazon.com/bedrock/latest/userguide/model-invocation-logging.html,exact,2f6c1a7e-5b3d-4e8a-9c0f-000000000903,2f6c1a7e-5b3d-4e8a-9c0f-000000000927
123456789012,bedrock,us-east-2,BR-05,Bedrock Guardrails Check,Not failing,N/A,N/A,Informational,Informational,No regional Bedrock resources found to protect with guardrails,No regional Bedrock resources found to protect with guardrails,No action required,https://docs.aws.amazon.com/bedrock/latest/userguide/guardrails.html,exact,2f6c1a7e-5b3d-4e8a-9c0f-000000000903,2f6c1a7e-5b3d-4e8a-9c0f-000000000927
123456789012,bedrock,us-east-2,BR-06,Bedrock CloudTrail Logging Check,Not failing,N/A,N/A,Informational,Informational,No regional Bedrock resources found to audit with Bedrock-specific CloudTrail coverage,No regional Bedrock resources found to audit with Bedrock-specific CloudTrail coverage,No action required,https://docs.aws.amazon.com/bedrock/latest/userguide/logging-using-cloudtrail.html,exact,2f6c1a7e-5b3d-4e8a-9c0f-000000000903,2f6c1a7e-5b3d-4e8a-9c0f-000000000927
123456789012,bedrock,us-east-2,BR-07,Bedrock Prompt Management Check,Not failing,N/A,N/A,Informational,Informational,Prompt Management feature is not being used. This may lead to inconsistent prompt handling and suboptimal model responses.,Prompt Management feature is not being used. This may lead to inconsistent prompt handling and suboptimal model responses.,"Implement Prompt Management to:
1. Create and version your prompts
2. Test different prompt variants
3. Share prompts across your organization
4. Maintain consistent prompt templates",https://docs.aws.amazon.com/bedrock/latest/userguide/prompt-management.html,exact,2f6c1a7e-5b3d-4e8a-9c0f-000000000903,2f6c1a7e-5b3d-4e8a-9c0f-000000000927
123456789012,bedrock,us-east-2,BR-08,Bedrock Agent IAM Roles Check,Not failing,N/A,N/A,Informational,Informational,No Bedrock agents found in the account,No Bedrock agents found in the account,No action required,https://docs.aws.amazon.com/bedrock/latest/userguide/security_iam_service-with-iam.html,exact,2f6c1a7e-5b3d-4e8a-9c0f-000000000903,2f6c1a7e-5b3d-4e8a-9c0f-000000000927
123456789012,bedrock,us-east-2,BR-09,Bedrock Knowledge Base Encryption Check,Not failing,N/A,N/A,Informational,Informational,No Knowledge Bases found in the account,No Knowledge Bases found in the account,No action required,https://docs.aws.amazon.com/bedrock/latest/userguide/encryption-kb.html,exact,2f6c1a7e-5b3d-4e8a-9c0f-000000000903,2f6c1a7e-5b3d-4e8a-9c0f-000000000927
123456789012,bedrock,us-east-2,BR-10,Bedrock Guardrail IAM Enforcement Check,Not failing,N/A,N/A,Informational,Informational,No guardrails configured - IAM enforcement check not applicable,No guardrails configured - IAM enforcement check not applicable,"Configure Bedrock Guardrails first, then enforce their use via IAM policies",https://docs.aws.amazon.com/bedrock/latest/userguide/guardrails-permissions-id.html,exact,2f6c1a7e-5b3d-4e8a-9c0f-000000000903,2f6c1a7e-5b3d-4e8a-9c0f-000000000927
123456789012,bedrock,us-east-2,BR-11,Bedrock Custom Model Encryption Check,Not failing,N/A,N/A,Low,Low,Custom model API not available in us-east-2,Custom model API not available in us-east-2,Verify permissions to access Bedrock custom models,https://docs.aws.amazon.com/bedrock/latest/userguide/model-customization-iam-role.html,exact,2f6c1a7e-5b3d-4e8a-9c0f-000000000903,2f6c1a7e-5b3d-4e8a-9c0f-000000000927
123456789012,bedrock,us-east-2,BR-12,Bedrock Invocation Log Encryption Check,Not failing,N/A,N/A,Informational,Informational,Model invocation logging to S3 is not configured,Model invocation logging to S3 is not configured,"If logging is enabled to CloudWatch only, ensure CloudWatch log group uses CMK encryption",https://docs.aws.amazon.com/bedrock/latest/userguide/model-invocation-logging.html,exact,2f6c1a7e-5b3d-4e8a-9c0f-000000000903,2f6c1a7e-5b3d-4e8a-9c0f-000000000927
123456789012,bedrock,us-east-2,BR-13,Bedrock Flows Guardrails Check,Not failing,N/A,N/A,Informational,Informational,No Bedrock Flows found in the account,No Bedrock Flows found in the account,No action required,https://docs.aws.amazon.com/bedrock/latest/userguide/flows-guardrails.html,exact,2f6c1a7e-5b3d-4e8a-9c0f-000000000903,2f6c1a7e-5b3d-4e8a-9c0f-000000000927
123456789012,bedrock,us-east-2,BR-16,Guardrail Tier Validation Check,Not failing,N/A,N/A,Medium,Medium,No Bedrock guardrails configured in this region,No Bedrock guardrails configured in this region,Create Bedrock guardrails with Standard tier for enhanced content filtering and protection,https://docs.aws.amazon.com/bedrock/latest/userguide/guardrails-components.html,exact,2f6c1a7e-5b3d-4e8a-9c0f-000000000903,2f6c1a7e-5b3d-4e8a-9c0f-000000000927
123456789012,bedrock,us-east-2,BR-17,Custom Model Customer-Managed KMS Encryption Check,Not failing,N/A,N/A,Informational,Informational,Could not assess this check in us-east-2. Assessment error: UnknownOperationException.,Could not assess this check in us-east-2. Assessment error: UnknownOperationException.,No action required on the assessed workload. Resolve the assessment prerequisite or permission issue and rerun the assessment.,https://docs.aws.amazon.com/bedrock/latest/userguide/encryption-custom-job.html,exact,2f6c1a7e-5b3d-4e8a-9c0f-000000000903,2f6c1a7e-5b3d-4e8a-9c0f-000000000927
123456789012,bedrock,us-east-2,BR-18,Model Evaluation Implementation Check,Not failing,N/A,N/A,Informational,Informational,No regional Bedrock resources found to assess with model evaluation jobs,No regional Bedrock resources found to assess with model evaluation jobs,No action required,https://docs.aws.amazon.com/bedrock/latest/userguide/evaluation.html,exact,2f6c1a7e-5b3d-4e8a-9c0f-000000000903,2f6c1a7e-5b3d-4e8a-9c0f-000000000927
123456789012,bedrock,us-east-2,BR-19,Prompt Flow Validation Check,Not failing,N/A,N/A,Medium,Medium,No Bedrock prompt flows configured in this region,No Bedrock prompt flows configured in this region,"When creating prompt flows, use the ValidateFlowDefinition API to validate flow definitions before deployment",https://docs.aws.amazon.com/bedrock/latest/userguide/flows.html,exact,2f6c1a7e-5b3d-4e8a-9c0f-000000000903,2f6c1a7e-5b3d-4e8a-9c0f-000000000927
123456789012,bedrock,us-east-2,BR-20,Knowledge Base Customer-Managed KMS Encryption Check,Not failing,N/A,N/A,High,High,No Bedrock knowledge bases found in this region,No Bedrock knowledge bases found in this region,"When creating knowledge bases, specify customer-managed KMS keys for both vector store and data source encryption",https://docs.aws.amazon.com/bedrock/latest/userguide/encryption-kb.html,exact,2f6c1a7e-5b3d-4e8a-9c0f-000000000903,2f6c1a7e-5b3d-4e8a-9c0f-000000000927
123456789012,bedrock,us-east-2,BR-21,Agent Action Group IAM Least Privilege Check,Not failing,N/A,N/A,High,High,No Bedrock agents configured in this region,No Bedrock agents configured in this region,"When creating agents with action groups, ensure Lambda execution roles follow least privilege principles",https://docs.aws.amazon.com/bedrock/latest/userguide/agents-permissions.html,exact,2f6c1a7e-5b3d-4e8a-9c0f-000000000903,2f6c1a7e-5b3d-4e8a-9c0f-000000000927
123456789012,bedrock,us-east-2,BR-22,Model Invocation Throttling Limits Check,Not failing,N/A,N/A,Informational,Informational,No regional Bedrock resources found to assess model invocation throttling quotas,No regional Bedrock resources found to assess model invocation throttling quotas,No action required,https://docs.aws.amazon.com/bedrock/latest/userguide/quotas.html,exact,2f6c1a7e-5b3d-4e8a-9c0f-000000000903,2f6c1a7e-5b3d-4e8a-9c0f-000000000927
123456789012,bedrock,us-east-2,BR-23,Guardrail Content Filter Coverage Check,Not failing,N/A,N/A,Informational,Informational,No Bedrock guardrails configured in this region,No Bedrock guardrails configured in this region,Create guardrails with all harmful-content filters enabled.,https://docs.aws.amazon.com/bedrock/latest/userguide/guardrails-content-filters.html,exact,2f6c1a7e-5b3d-4e8a-9c0f-000000000903,2f6c1a7e-5b3d-4e8a-9c0f-000000000927
123456789012,bedrock,us-east-2,BR-24,Automated Reasoning Policy Implementation Check,Not failing,N/A,N/A,Medium,Medium,No Bedrock guardrails configured in this region,No Bedrock guardrails configured in this region,Create guardrails with Automated Reasoning policies for formal verification of model responses,https://docs.aws.amazon.com/bedrock/latest/userguide/deploy-automated-reasoning-policy.html,exact,2f6c1a7e-5b3d-4e8a-9c0f-000000000903,2f6c1a7e-5b3d-4e8a-9c0f-000000000927
123456789012,bedrock,us-east-2,BR-25,RAG Evaluation Jobs Check,Not failing,N/A,N/A,Low,Low,No Bedrock knowledge bases found in this region,No Bedrock knowledge bases found in this region,"When implementing RAG applications, configure evaluation jobs to assess context relevance, response correctness, and prevent hallucinations",https://docs.aws.amazon.com/bedrock/latest/userguide/evaluation-kb.html,exact,2f6c1a7e-5b3d-4e8a-9c0f-000000000903,2f6c1a7e-5b3d-4e8a-9c0f-000000000927
123456789012,bedrock,us-east-2,BR-26,Guardrail Sensitive Information Filter Check,Not failing,N/A,N/A,High,High,No Bedrock guardrails configured in this region,No Bedrock guardrails configured in this region,Create guardrails with sensitive-information filters (PII entities and/or regex patterns) to detect and redact sensitive data in prompts and model responses,https://docs.aws.amazon.com/bedrock/latest/userguide/guardrails-sensitive-filters.html,exact,2f6c1a7e-5b3d-4e8a-9c0f-000000000903,2f6c1a7e-5b3d-4e8a-9c0f-000000000927
123456789012,bedrock,us-east-2,BR-27,Guardrail Contextual Grounding Check,Not failing,N/A,N/A,Medium,Medium,No Bedrock guardrails configured in this region,No Bedrock guardrails configured in this region,"Create guardrails with contextual grounding checks to detect hallucinations (ungrounded responses) and irrelevant answers, especially for RAG applications",https://docs.aws.amazon.com/bedrock/latest/userguide/guardrails-contextual-grounding-check.html,exact,2f6c1a7e-5b3d-4e8a-9c0f-000000000903,2f6c1a7e-5b3d-4e8a-9c0f-000000000927
123456789012,bedrock,us-east-2,BR-28,Agent Guardrail Association Check,Not failing,N/A,N/A,High,High,No Bedrock agents configured in this region,No Bedrock agents configured in this region,"When creating agents, associate a Bedrock guardrail so agent inputs and responses are filtered for harmful content, PII, and denied topics",https://docs.aws.amazon.com/bedrock/latest/userguide/guardrails-use.html,exact,2f6c1a7e-5b3d-4e8a-9c0f-000000000903,2f6c1a7e-5b3d-4e8a-9c0f-000000000927
123456789012,bedrock,us-east-2,BR-29,Agent Idle Session TTL Check,Not failing,N/A,N/A,Low,Low,No Bedrock agents configured in this region,No Bedrock agents configured in this region,"When creating agents, set a conservative idleSessionTTLInSeconds to limit how long an idle session remains resumable",https://docs.aws.amazon.com/bedrock/latest/userguide/agents-create.html,exact,2f6c1a7e-5b3d-4e8a-9c0f-000000000903,2f6c1a7e-5b3d-4e8a-9c0f-000000000927
123456789012,bedrock,us-east-2,BR-30,Imported Model Customer-Managed KMS Encryption Check,Not failing,N/A,N/A,High,High,No imported custom Bedrock models found in this region,No imported custom Bedrock models found in this region,"When importing models, specify a customer-managed KMS key for encryption to maintain control over encryption keys",https://docs.aws.amazon.com/bedrock/latest/userguide/model-customization-import-model.html,exact,2f6c1a7e-5b3d-4e8a-9c0f-000000000903,2f6c1a7e-5b3d-4e8a-9c0f-000000000927
123456789012,bedrock,us-east-2,BR-31,Batch Inference Output Encryption Check,Not failing,N/A,N/A,Medium,Medium,No Bedrock batch inference (model invocation) jobs found in this region,No Bedrock batch inference (model invocation) jobs found in this region,"When creating batch inference jobs, set outputDataConfig.s3OutputDataConfig.s3EncryptionKeyId to a customer-managed KMS key to encrypt the job output",https://docs.aws.amazon.com/bedrock/latest/userguide/batch-inference.html,exact,2f6c1a7e-5b3d-4e8a-9c0f-000000000903,2f6c1a7e-5b3d-4e8a-9c0f-000000000927
123456789012,bedrock,us-east-2,BR-32,Bedrock CloudWatch Alarm Check,Not failing,N/A,N/A,Informational,Informational,No regional Bedrock resources found to monitor with CloudWatch alarms,No regional Bedrock resources found to monitor with CloudWatch alarms,No action required,https://docs.aws.amazon.com/bedrock/latest/userguide/monitoring-runtime-metrics.html,exact,2f6c1a7e-5b3d-4e8a-9c0f-000000000903,2f6c1a7e-5b3d-4e8a-9c0f-000000000927
123456789012,bedrock,us-east-2,BR-33,Amazon Inspector Lambda Code Scanning Check,Not failing,N/A,N/A,Informational,Informational,No Lambda functions with Bedrock indicators were found in us-east-2; Inspector Lambda code-scanning coverage was not assessed for Bedrock-calling Lambda workloads.,No Lambda functions with Bedrock indicators were found in us-east-2; Inspector Lambda code-scanning coverage was not assessed for Bedrock-calling Lambda workloads.,"No action required. If Bedrock-calling Lambda functions exist, ensure their function name, ARN, description, handler, role, or environment variables contain a Bedrock identifier that the assessment can detect, or evaluate Inspector coverage manually.",https://docs.aws.amazon.com/inspector/latest/user/scanning-lambda.html,exact,2f6c1a7e-5b3d-4e8a-9c0f-000000000903,2f6c1a7e-5b3d-4e8a-9c0f-000000000927
123456789012,bedrock,us-east-2,BR-34,Guardrail Prompt Attack Filter,Not failing,N/A,N/A,Informational,Informational,No Bedrock guardrails configured in this region,No Bedrock guardrails configured in this region,Create guardrails with a preventive PROMPT_ATTACK filter.,https://docs.aws.amazon.com/bedrock/latest/userguide/guardrails-prompt-attack.html,exact,2f6c1a7e-5b3d-4e8a-9c0f-000000000903,2f6c1a7e-5b3d-4e8a-9c0f-000000000927
123456789012,bedrock,us-east-2,BR-35,Guardrail Image Content Filter Coverage,Not failing,N/A,N/A,Informational,Informational,No Bedrock guardrails configured in this region,No Bedrock guardrails configured in this region,No action required,https://docs.aws.amazon.com/bedrock/latest/userguide/guardrails-mmfilter.html,exact,2f6c1a7e-5b3d-4e8a-9c0f-000000000903,2f6c1a7e-5b3d-4e8a-9c0f-000000000927
123456789012,bedrock,us-east-2,BR-36,Application Inference Profile Governance,Not failing,N/A,N/A,Informational,Informational,No application inference profiles found,No application inference profiles found,No action required,https://docs.aws.amazon.com/bedrock/latest/userguide/inference-profiles-create.html,exact,2f6c1a7e-5b3d-4e8a-9c0f-000000000903,2f6c1a7e-5b3d-4e8a-9c0f-000000000927
123456789012,bedrock,us-east-2,BR-37,Bedrock Account Data Retention,Still open,Failed,Failed,High,High,Bedrock account data retention is inherit; this does not establish an explicit account-level zero-data-retention setting.,Bedrock account data retention is inherit; this does not establish an explicit account-level zero-data-retention setting.,Set the account data-retention mode to none.,https://docs.aws.amazon.com/bedrock/latest/userguide/data-retention.html,exact,2f6c1a7e-5b3d-4e8a-9c0f-000000000903,2f6c1a7e-5b3d-4e8a-9c0f-000000000927
123456789012,bedrock,us-east-2,BR-38,Automated Reasoning Policy CMK Encryption,Not failing,N/A,N/A,Informational,Informational,No Automated Reasoning policies found,No Automated Reasoning policies found,No action required,https://docs.aws.amazon.com/bedrock/latest/userguide/create-automated-reasoning-policy.html,exact,2f6c1a7e-5b3d-4e8a-9c0f-000000000903,2f6c1a7e-5b3d-4e8a-9c0f-000000000927
123456789012,bedrock,us-east-2,BR-39,Marketplace Model Endpoint VPC Configuration,Not failing,N/A,N/A,Informational,Informational,No Bedrock Marketplace model endpoints found,No Bedrock Marketplace model endpoints found,No action required,https://docs.aws.amazon.com/bedrock/latest/APIReference/API_GetMarketplaceModelEndpoint.html,exact,2f6c1a7e-5b3d-4e8a-9c0f-000000000903,2f6c1a7e-5b3d-4e8a-9c0f-000000000927
123456789012,bedrock,us-east-2,BR-40,Marketplace Model Endpoint CMK Encryption,Not failing,N/A,N/A,Informational,Informational,No Bedrock Marketplace model endpoints found,No Bedrock Marketplace model endpoints found,No action required,https://docs.aws.amazon.com/bedrock/latest/userguide/setup-amazon-bedrock-marketplace.html,exact,2f6c1a7e-5b3d-4e8a-9c0f-000000000903,2f6c1a7e-5b3d-4e8a-9c0f-000000000927
123456789012,bedrock,us-west-2,BR-02,Amazon Bedrock private connectivity check,Not failing,N/A,N/A,Informational,Informational,No regional Bedrock resources found to assess private connectivity,No regional Bedrock resources found to assess private connectivity,No action required,https://docs.aws.amazon.com/bedrock/latest/userguide/vpc-interface-endpoints.html,exact,2f6c1a7e-5b3d-4e8a-9c0f-000000000903,2f6c1a7e-5b3d-4e8a-9c0f-000000000927
123456789012,bedrock,us-west-2,BR-04,Bedrock Model Invocation Logging Check,Not failing,N/A,N/A,Informational,Informational,No regional Bedrock resources found to monitor with invocation logging,No regional Bedrock resources found to monitor with invocation logging,No action required,https://docs.aws.amazon.com/bedrock/latest/userguide/model-invocation-logging.html,exact,2f6c1a7e-5b3d-4e8a-9c0f-000000000903,2f6c1a7e-5b3d-4e8a-9c0f-000000000927
123456789012,bedrock,us-west-2,BR-05,Bedrock Guardrails Check,Not failing,N/A,N/A,Informational,Informational,No regional Bedrock resources found to protect with guardrails,No regional Bedrock resources found to protect with guardrails,No action required,https://docs.aws.amazon.com/bedrock/latest/userguide/guardrails.html,exact,2f6c1a7e-5b3d-4e8a-9c0f-000000000903,2f6c1a7e-5b3d-4e8a-9c0f-000000000927
123456789012,bedrock,us-west-2,BR-06,Bedrock CloudTrail Logging Check,Not failing,N/A,N/A,Informational,Informational,No regional Bedrock resources found to audit with Bedrock-specific CloudTrail coverage,No regional Bedrock resources found to audit with Bedrock-specific CloudTrail coverage,No action required,https://docs.aws.amazon.com/bedrock/latest/userguide/logging-using-cloudtrail.html,exact,2f6c1a7e-5b3d-4e8a-9c0f-000000000903,2f6c1a7e-5b3d-4e8a-9c0f-000000000927
123456789012,bedrock,us-west-2,BR-07,Bedrock Prompt Management Check,Not failing,N/A,N/A,Informational,Informational,Prompt Management feature is not being used. This may lead to inconsistent prompt handling and suboptimal model responses.,Prompt Management feature is not being used. This may lead to inconsistent prompt handling and suboptimal model responses.,"Implement Prompt Management to:
1. Create and version your prompts
2. Test different prompt variants
3. Share prompts across your organization
4. Maintain consistent prompt templates",https://docs.aws.amazon.com/bedrock/latest/userguide/prompt-management.html,exact,2f6c1a7e-5b3d-4e8a-9c0f-000000000903,2f6c1a7e-5b3d-4e8a-9c0f-000000000927
123456789012,bedrock,us-west-2,BR-08,Bedrock Agent IAM Roles Check,Not failing,N/A,N/A,Informational,Informational,No Bedrock agents found in the account,No Bedrock agents found in the account,No action required,https://docs.aws.amazon.com/bedrock/latest/userguide/security_iam_service-with-iam.html,exact,2f6c1a7e-5b3d-4e8a-9c0f-000000000903,2f6c1a7e-5b3d-4e8a-9c0f-000000000927
123456789012,bedrock,us-west-2,BR-09,Bedrock Knowledge Base Encryption Check,Not failing,N/A,N/A,Informational,Informational,No Knowledge Bases found in the account,No Knowledge Bases found in the account,No action required,https://docs.aws.amazon.com/bedrock/latest/userguide/encryption-kb.html,exact,2f6c1a7e-5b3d-4e8a-9c0f-000000000903,2f6c1a7e-5b3d-4e8a-9c0f-000000000927
123456789012,bedrock,us-west-2,BR-10,Bedrock Guardrail IAM Enforcement Check,Not failing,N/A,N/A,Informational,Informational,No guardrails configured - IAM enforcement check not applicable,No guardrails configured - IAM enforcement check not applicable,"Configure Bedrock Guardrails first, then enforce their use via IAM policies",https://docs.aws.amazon.com/bedrock/latest/userguide/guardrails-permissions-id.html,exact,2f6c1a7e-5b3d-4e8a-9c0f-000000000903,2f6c1a7e-5b3d-4e8a-9c0f-000000000927
123456789012,bedrock,us-west-2,BR-11,Bedrock Custom Model Encryption Check,Not failing,N/A,N/A,Informational,Informational,No custom/fine-tuned models found in the account,No custom/fine-tuned models found in the account,No action required,https://docs.aws.amazon.com/bedrock/latest/userguide/encryption-custom-job.html,exact,2f6c1a7e-5b3d-4e8a-9c0f-000000000903,2f6c1a7e-5b3d-4e8a-9c0f-000000000927
123456789012,bedrock,us-west-2,BR-12,Bedrock Invocation Log Encryption Check,Not failing,N/A,N/A,Informational,Informational,Model invocation logging to S3 is not configured,Model invocation logging to S3 is not configured,"If logging is enabled to CloudWatch only, ensure CloudWatch log group uses CMK encryption",https://docs.aws.amazon.com/bedrock/latest/userguide/model-invocation-logging.html,exact,2f6c1a7e-5b3d-4e8a-9c0f-000000000903,2f6c1a7e-5b3d-4e8a-9c0f-000000000927
123456789012,bedrock,us-west-2,BR-13,Bedrock Flows Guardrails Check,Not failing,N/A,N/A,Informational,Informational,No Bedrock Flows found in the account,No Bedrock Flows found in the account,No action required,https://docs.aws.amazon.com/bedrock/latest/userguide/flows-guardrails.html,exact,2f6c1a7e-5b3d-4e8a-9c0f-000000000903,2f6c1a7e-5b3d-4e8a-9c0f-000000000927
123456789012,bedrock,us-west-2,BR-16,Guardrail Tier Validation Check,Not failing,N/A,N/A,Medium,Medium,No Bedrock guardrails configured in this region,No Bedrock guardrails configured in this region,Create Bedrock guardrails with Standard tier for enhanced content filtering and protection,https://docs.aws.amazon.com/bedrock/latest/userguide/guardrails-components.html,exact,2f6c1a7e-5b3d-4e8a-9c0f-000000000903,2f6c1a7e-5b3d-4e8a-9c0f-000000000927
123456789012,bedrock,us-west-2,BR-17,Custom Model Customer-Managed KMS Encryption Check,Not failing,N/A,N/A,High,High,No custom (fine-tuned) Bedrock models found in this region,No custom (fine-tuned) Bedrock models found in this region,"When creating custom models, specify a customer-managed KMS key for encryption to maintain control over encryption keys",https://docs.aws.amazon.com/bedrock/latest/userguide/encryption-custom-job.html,exact,2f6c1a7e-5b3d-4e8a-9c0f-000000000903,2f6c1a7e-5b3d-4e8a-9c0f-000000000927
123456789012,bedrock,us-west-2,BR-18,Model Evaluation Implementation Check,Not failing,N/A,N/A,Informational,Informational,No regional Bedrock resources found to assess with model evaluation jobs,No regional Bedrock resources found to assess with model evaluation jobs,No action required,https://docs.aws.amazon.com/bedrock/latest/userguide/evaluation.html,exact,2f6c1a7e-5b3d-4e8a-9c0f-000000000903,2f6c1a7e-5b3d-4e8a-9c0f-000000000927
123456789012,bedrock,us-west-2,BR-19,Prompt Flow Validation Check,Not failing,N/A,N/A,Medium,Medium,No Bedrock prompt flows configured in this region,No Bedrock prompt flows configured in this region,"When creating prompt flows, use the ValidateFlowDefinition API to validate flow definitions before deployment",https://docs.aws.amazon.com/bedrock/latest/userguide/flows.html,exact,2f6c1a7e-5b3d-4e8a-9c0f-000000000903,2f6c1a7e-5b3d-4e8a-9c0f-000000000927
123456789012,bedrock,us-west-2,BR-20,Knowledge Base Customer-Managed KMS Encryption Check,Not failing,N/A,N/A,High,High,No Bedrock knowledge bases found in this region,No Bedrock knowledge bases found in this region,"When creating knowledge bases, specify customer-managed KMS keys for both vector store and data source encryption",https://docs.aws.amazon.com/bedrock/latest/userguide/encryption-kb.html,exact,2f6c1a7e-5b3d-4e8a-9c0f-000000000903,2f6c1a7e-5b3d-4e8a-9c0f-000000000927
123456789012,bedrock,us-west-2,BR-21,Agent Action Group IAM Least Privilege Check,Not failing,N/A,N/A,High,High,No Bedrock agents configured in this region,No Bedrock agents configured in this region,"When creating agents with action groups, ensure Lambda execution roles follow least privilege principles",https://docs.aws.amazon.com/bedrock/latest/userguide/agents-permissions.html,exact,2f6c1a7e-5b3d-4e8a-9c0f-000000000903,2f6c1a7e-5b3d-4e8a-9c0f-000000000927
123456789012,bedrock,us-west-2,BR-22,Model Invocation Throttling Limits Check,Not failing,N/A,N/A,Informational,Informational,No regional Bedrock resources found to assess model invocation throttling quotas,No regional Bedrock resources found to assess model invocation throttling quotas,No action required,https://docs.aws.amazon.com/bedrock/latest/userguide/quotas.html,exact,2f6c1a7e-5b3d-4e8a-9c0f-000000000903,2f6c1a7e-5b3d-4e8a-9c0f-000000000927
123456789012,bedrock,us-west-2,BR-23,Guardrail Content Filter Coverage Check,Not failing,N/A,N/A,Informational,Informational,No Bedrock guardrails configured in this region,No Bedrock guardrails configured in this region,Create guardrails with all harmful-content filters enabled.,https://docs.aws.amazon.com/bedrock/latest/userguide/guardrails-content-filters.html,exact,2f6c1a7e-5b3d-4e8a-9c0f-000000000903,2f6c1a7e-5b3d-4e8a-9c0f-000000000927
123456789012,bedrock,us-west-2,BR-24,Automated Reasoning Policy Implementation Check,Not failing,N/A,N/A,Medium,Medium,No Bedrock guardrails configured in this region,No Bedrock guardrails configured in this region,Create guardrails with Automated Reasoning policies for formal verification of model responses,https://docs.aws.amazon.com/bedrock/latest/userguide/deploy-automated-reasoning-policy.html,exact,2f6c1a7e-5b3d-4e8a-9c0f-000000000903,2f6c1a7e-5b3d-4e8a-9c0f-000000000927
123456789012,bedrock,us-west-2,BR-25,RAG Evaluation Jobs Check,Not failing,N/A,N/A,Low,Low,No Bedrock knowledge bases found in this region,No Bedrock knowledge bases found in this region,"When implementing RAG applications, configure evaluation jobs to assess context relevance, response correctness, and prevent hallucinations",https://docs.aws.amazon.com/bedrock/latest/userguide/evaluation-kb.html,exact,2f6c1a7e-5b3d-4e8a-9c0f-000000000903,2f6c1a7e-5b3d-4e8a-9c0f-000000000927
123456789012,bedrock,us-west-2,BR-26,Guardrail Sensitive Information Filter Check,Not failing,N/A,N/A,High,High,No Bedrock guardrails configured in this region,No Bedrock guardrails configured in this region,Create guardrails with sensitive-information filters (PII entities and/or regex patterns) to detect and redact sensitive data in prompts and model responses,https://docs.aws.amazon.com/bedrock/latest/userguide/guardrails-sensitive-filters.html,exact,2f6c1a7e-5b3d-4e8a-9c0f-000000000903,2f6c1a7e-5b3d-4e8a-9c0f-000000000927
123456789012,bedrock,us-west-2,BR-27,Guardrail Contextual Grounding Check,Not failing,N/A,N/A,Medium,Medium,No Bedrock guardrails configured in this region,No Bedrock guardrails configured in this region,"Create guardrails with contextual grounding checks to detect hallucinations (ungrounded responses) and irrelevant answers, especially for RAG applications",https://docs.aws.amazon.com/bedrock/latest/userguide/guardrails-contextual-grounding-check.html,exact,2f6c1a7e-5b3d-4e8a-9c0f-000000000903,2f6c1a7e-5b3d-4e8a-9c0f-000000000927
123456789012,bedrock,us-west-2,BR-28,Agent Guardrail Association Check,Not failing,N/A,N/A,High,High,No Bedrock agents configured in this region,No Bedrock agents configured in this region,"When creating agents, associate a Bedrock guardrail so agent inputs and responses are filtered for harmful content, PII, and denied topics",https://docs.aws.amazon.com/bedrock/latest/userguide/guardrails-use.html,exact,2f6c1a7e-5b3d-4e8a-9c0f-000000000903,2f6c1a7e-5b3d-4e8a-9c0f-000000000927
123456789012,bedrock,us-west-2,BR-29,Agent Idle Session TTL Check,Not failing,N/A,N/A,Low,Low,No Bedrock agents configured in this region,No Bedrock agents configured in this region,"When creating agents, set a conservative idleSessionTTLInSeconds to limit how long an idle session remains resumable",https://docs.aws.amazon.com/bedrock/latest/userguide/agents-create.html,exact,2f6c1a7e-5b3d-4e8a-9c0f-000000000903,2f6c1a7e-5b3d-4e8a-9c0f-000000000927
123456789012,bedrock,us-west-2,BR-30,Imported Model Customer-Managed KMS Encryption Check,Not failing,N/A,N/A,High,High,No imported custom Bedrock models found in this region,No imported custom Bedrock models found in this region,"When importing models, specify a customer-managed KMS key for encryption to maintain control over encryption keys",https://docs.aws.amazon.com/bedrock/latest/userguide/model-customization-import-model.html,exact,2f6c1a7e-5b3d-4e8a-9c0f-000000000903,2f6c1a7e-5b3d-4e8a-9c0f-000000000927
123456789012,bedrock,us-west-2,BR-31,Batch Inference Output Encryption Check,Not failing,N/A,N/A,Medium,Medium,No Bedrock batch inference (model invocation) jobs found in this region,No Bedrock batch inference (model invocation) jobs found in this region,"When creating batch inference jobs, set outputDataConfig.s3OutputDataConfig.s3EncryptionKeyId to a customer-managed KMS key to encrypt the job output",https://docs.aws.amazon.com/bedrock/latest/userguide/batch-inference.html,exact,2f6c1a7e-5b3d-4e8a-9c0f-000000000903,2f6c1a7e-5b3d-4e8a-9c0f-000000000927
123456789012,bedrock,us-west-2,BR-32,Bedrock CloudWatch Alarm Check,Not failing,N/A,N/A,Informational,Informational,No regional Bedrock resources found to monitor with CloudWatch alarms,No regional Bedrock resources found to monitor with CloudWatch alarms,No action required,https://docs.aws.amazon.com/bedrock/latest/userguide/monitoring-runtime-metrics.html,exact,2f6c1a7e-5b3d-4e8a-9c0f-000000000903,2f6c1a7e-5b3d-4e8a-9c0f-000000000927
123456789012,bedrock,us-west-2,BR-33,Amazon Inspector Lambda Code Scanning Check,Not failing,N/A,N/A,Informational,Informational,No Lambda functions with Bedrock indicators were found in us-west-2; Inspector Lambda code-scanning coverage was not assessed for Bedrock-calling Lambda workloads.,No Lambda functions with Bedrock indicators were found in us-west-2; Inspector Lambda code-scanning coverage was not assessed for Bedrock-calling Lambda workloads.,"No action required. If Bedrock-calling Lambda functions exist, ensure their function name, ARN, description, handler, role, or environment variables contain a Bedrock identifier that the assessment can detect, or evaluate Inspector coverage manually.",https://docs.aws.amazon.com/inspector/latest/user/scanning-lambda.html,exact,2f6c1a7e-5b3d-4e8a-9c0f-000000000903,2f6c1a7e-5b3d-4e8a-9c0f-000000000927
123456789012,bedrock,us-west-2,BR-34,Guardrail Prompt Attack Filter,Not failing,N/A,N/A,Informational,Informational,No Bedrock guardrails configured in this region,No Bedrock guardrails configured in this region,Create guardrails with a preventive PROMPT_ATTACK filter.,https://docs.aws.amazon.com/bedrock/latest/userguide/guardrails-prompt-attack.html,exact,2f6c1a7e-5b3d-4e8a-9c0f-000000000903,2f6c1a7e-5b3d-4e8a-9c0f-000000000927
123456789012,bedrock,us-west-2,BR-35,Guardrail Image Content Filter Coverage,Not failing,N/A,N/A,Informational,Informational,No Bedrock guardrails configured in this region,No Bedrock guardrails configured in this region,No action required,https://docs.aws.amazon.com/bedrock/latest/userguide/guardrails-mmfilter.html,exact,2f6c1a7e-5b3d-4e8a-9c0f-000000000903,2f6c1a7e-5b3d-4e8a-9c0f-000000000927
123456789012,bedrock,us-west-2,BR-36,Application Inference Profile Governance,Not failing,N/A,N/A,Informational,Informational,No application inference profiles found,No application inference profiles found,No action required,https://docs.aws.amazon.com/bedrock/latest/userguide/inference-profiles-create.html,exact,2f6c1a7e-5b3d-4e8a-9c0f-000000000903,2f6c1a7e-5b3d-4e8a-9c0f-000000000927
123456789012,bedrock,us-west-2,BR-37,Bedrock Account Data Retention,No longer reported,Failed,Not present,High,,Bedrock account data retention is inherit; this does not establish an explicit account-level zero-data-retention setting.,,Set the account data-retention mode to none.,https://docs.aws.amazon.com/bedrock/latest/userguide/data-retention.html,unmatched,2f6c1a7e-5b3d-4e8a-9c0f-000000000903,2f6c1a7e-5b3d-4e8a-9c0f-000000000927
123456789012,bedrock,us-west-2,BR-38,Automated Reasoning Policy CMK Encryption,Not failing,N/A,N/A,Informational,Informational,No Automated Reasoning policies found,No Automated Reasoning policies found,No action required,https://docs.aws.amazon.com/bedrock/latest/userguide/create-automated-reasoning-policy.html,exact,2f6c1a7e-5b3d-4e8a-9c0f-000000000903,2f6c1a7e-5b3d-4e8a-9c0f-000000000927
123456789012,bedrock,us-west-2,BR-39,Marketplace Model Endpoint VPC Configuration,Not failing,N/A,N/A,Informational,Informational,No Bedrock Marketplace model endpoints found,No Bedrock Marketplace model endpoints found,No action required,https://docs.aws.amazon.com/bedrock/latest/APIReference/API_GetMarketplaceModelEndpoint.html,exact,2f6c1a7e-5b3d-4e8a-9c0f-000000000903,2f6c1a7e-5b3d-4e8a-9c0f-000000000927
123456789012,bedrock,us-west-2,BR-40,Marketplace Model Endpoint CMK Encryption,Not failing,N/A,N/A,Informational,Informational,No Bedrock Marketplace model endpoints found,No Bedrock Marketplace model endpoints found,No action required,https://docs.aws.amazon.com/bedrock/latest/userguide/setup-amazon-bedrock-marketplace.html,exact,2f6c1a7e-5b3d-4e8a-9c0f-000000000903,2f6c1a7e-5b3d-4e8a-9c0f-000000000927
123456789012,sagemaker,Global,SM-02,SageMaker IAM Permissions Check,Not failing,Passed,Passed,High,High,No issues found with IAM permissions and no stale access detected,No issues found with IAM permissions and no stale access detected,No action required,https://docs.aws.amazon.com/sagemaker-unified-studio/latest/adminguide/security-iam.html,exact,2f6c1a7e-5b3d-4e8a-9c0f-000000000903,2f6c1a7e-5b3d-4e8a-9c0f-000000000927
123456789012,sagemaker,us-east-1,SM-01,SageMaker Internet Access Check,Not failing,N/A,N/A,Informational,Informational,No SageMaker notebook instances or domains found to check,No SageMaker notebook instances or domains found to check,No action required,https://docs.aws.amazon.com/sagemaker/latest/dg/infrastructure-security.html,exact,2f6c1a7e-5b3d-4e8a-9c0f-000000000903,2f6c1a7e-5b3d-4e8a-9c0f-000000000927
123456789012,sagemaker,us-east-1,SM-02,SageMaker SSO Configuration Check,Not failing,Passed,Passed,Medium,Medium,"No SageMaker domains found, or all domains use SSO with IAM Identity Center configured","No SageMaker domains found, or all domains use SSO with IAM Identity Center configured",No action required,https://docs.aws.amazon.com/sagemaker/latest/dg/onboard-custom.html#onboard-custom-authentication-details,exact,2f6c1a7e-5b3d-4e8a-9c0f-000000000903,2f6c1a7e-5b3d-4e8a-9c0f-000000000927
123456789012,sagemaker,us-east-1,SM-03,Data Protection Check,Not failing,N/A,N/A,Informational,Informational,No SageMaker resources found to check for data protection,No SageMaker resources found to check for data protection,No action required,https://docs.aws.amazon.com/sagemaker/latest/dg/security.html,exact,2f6c1a7e-5b3d-4e8a-9c0f-000000000903,2f6c1a7e-5b3d-4e8a-9c0f-000000000927
123456789012,sagemaker,us-east-1,SM-04,GuardDuty Not Enabled,Regressed,Passed,Failed,Medium,High,Amazon GuardDuty is properly enabled and monitoring for security threats in SageMaker workloads.,"Amazon GuardDuty is not enabled, so threats to SageMaker workloads in this Region are not monitored.",Enable Amazon GuardDuty in this Region.,https://docs.aws.amazon.com/guardduty/latest/ug/ai-protection.html,single-row,2f6c1a7e-5b3d-4e8a-9c0f-000000000903,2f6c1a7e-5b3d-4e8a-9c0f-000000000927
123456789012,sagemaker,us-east-1,SM-05,SageMaker Feature Store Issue,Not failing,N/A,N/A,Informational,Informational,No feature groups found,No feature groups found,"Utilize SageMaker Feature Store to create, share, and manage features for machine learning development and production",https://docs.aws.amazon.com/sagemaker/latest/dg/mlops.html,exact,2f6c1a7e-5b3d-4e8a-9c0f-000000000903,2f6c1a7e-5b3d-4e8a-9c0f-000000000927
123456789012,sagemaker,us-east-1,SM-05,SageMaker Model Registry Issue,Not failing,N/A,N/A,Informational,Informational,No model package groups found,No model package groups found,"Implement model versioning using SageMaker Model Registry to track model lineage, approve model versions, and manage model deployment",https://docs.aws.amazon.com/sagemaker/latest/dg/mlops.html,exact,2f6c1a7e-5b3d-4e8a-9c0f-000000000903,2f6c1a7e-5b3d-4e8a-9c0f-000000000927
123456789012,sagemaker,us-east-1,SM-05,SageMaker Pipelines Issue,Not failing,N/A,N/A,Informational,Informational,No ML pipelines found,No ML pipelines found,"Implement SageMaker Pipelines to automate and manage ML workflows, including data preparation, training, and model deployment",https://docs.aws.amazon.com/sagemaker/latest/dg/mlops.html,exact,2f6c1a7e-5b3d-4e8a-9c0f-000000000903,2f6c1a7e-5b3d-4e8a-9c0f-000000000927
123456789012,sagemaker,us-east-1,SM-06,SageMaker Clarify No Clarify Usage,Not failing,N/A,N/A,Informational,Informational,No SageMaker Clarify jobs found,No SageMaker Clarify jobs found,Implement SageMaker Clarify for model explainability and bias detection,https://docs.aws.amazon.com/sagemaker/latest/dg/clarify-configure-processing-jobs.html,exact,2f6c1a7e-5b3d-4e8a-9c0f-000000000903,2f6c1a7e-5b3d-4e8a-9c0f-000000000927
123456789012,sagemaker,us-east-1,SM-07,SageMaker Model Monitor No Model Monitoring,Not failing,N/A,N/A,Informational,Informational,No Model Monitor schedules found,No Model Monitor schedules found,Configure comprehensive model monitoring schedules,https://docs.aws.amazon.com/sagemaker/latest/dg/model-monitor.html,exact,2f6c1a7e-5b3d-4e8a-9c0f-000000000903,2f6c1a7e-5b3d-4e8a-9c0f-000000000927
123456789012,sagemaker,us-east-1,SM-08,Model Registry Registry Not Used,Not failing,N/A,N/A,Informational,Informational,Model Registry is not being utilized,Model Registry is not being utilized,Implement proper model versioning and approval workflows,https://docs.aws.amazon.com/sagemaker/latest/dg/model-registry.html,exact,2f6c1a7e-5b3d-4e8a-9c0f-000000000903,2f6c1a7e-5b3d-4e8a-9c0f-000000000927
123456789012,sagemaker,us-east-1,SM-09,SageMaker Notebook Root Access Check,Not failing,N/A,N/A,Informational,Informational,No notebook instances found,No notebook instances found,No action required,https://docs.aws.amazon.com/sagemaker/latest/dg/nbi-root-access.html,exact,2f6c1a7e-5b3d-4e8a-9c0f-000000000903,2f6c1a7e-5b3d-4e8a-9c0f-000000000927
123456789012,sagemaker,us-east-1,SM-10,SageMaker Notebook VPC Deployment Check,Not failing,N/A,N/A,Informational,Informational,No notebook instances found,No notebook instances found,No action required,https://docs.aws.amazon.com/sagemaker/latest/dg/appendix-notebook-and-internet-access.html,exact,2f6c1a7e-5b3d-4e8a-9c0f-000000000903,2f6c1a7e-5b3d-4e8a-9c0f-000000000927
123456789012,sagemaker,us-east-1,SM-11,SageMaker Model Network Isolation Check,Not failing,N/A,N/A,Informational,Informational,No models found,No models found,No action required,https://docs.aws.amazon.com/sagemaker/latest/dg/mkt-algo-model-internet-free.html,exact,2f6c1a7e-5b3d-4e8a-9c0f-000000000903,2f6c1a7e-5b3d-4e8a-9c0f-000000000927
123456789012,sagemaker,us-east-1,SM-12,SageMaker Endpoint Instance Count Check,Not failing,N/A,N/A,Informational,Informational,No InService endpoints found,No InService endpoints found,No action required,https://docs.aws.amazon.com/sagemaker/latest/dg/endpoint-auto-scaling.html,exact,2f6c1a7e-5b3d-4e8a-9c0f-000000000903,2f6c1a7e-5b3d-4e8a-9c0f-000000000927
123456789012,sagemaker,us-east-1,SM-13,SageMaker Monitoring Network Isolation Check,Not failing,N/A,N/A,Informational,Informational,No monitoring schedules found,No monitoring schedules found,No action required,https://docs.aws.amazon.com/sagemaker/latest/APIReference/API_MonitoringNetworkConfig.html,exact,2f6c1a7e-5b3d-4e8a-9c0f-000000000903,2f6c1a7e-5b3d-4e8a-9c0f-000000000927
123456789012,sagemaker,us-east-1,SM-14,SageMaker Model Repository Access Check,Not failing,N/A,N/A,Informational,Informational,No models found or all use default Platform access,No models found or all use default Platform access,No action required,https://docs.aws.amazon.com/sagemaker/latest/dg/your-algorithms-containers-inference-private.html,exact,2f6c1a7e-5b3d-4e8a-9c0f-000000000903,2f6c1a7e-5b3d-4e8a-9c0f-000000000927
123456789012,sagemaker,us-east-1,SM-15,SageMaker Feature Store Encryption Check,Not failing,N/A,N/A,Informational,Informational,No feature groups with offline stores found,No feature groups with offline stores found,No action required,https://docs.aws.amazon.com/sagemaker/latest/dg/feature-store-security.html,exact,2f6c1a7e-5b3d-4e8a-9c0f-000000000903,2f6c1a7e-5b3d-4e8a-9c0f-000000000927
123456789012,sagemaker,us-east-1,SM-16,SageMaker Data Quality Job Encryption Check,Not failing,N/A,N/A,Informational,Informational,No data quality job definitions found,No data quality job definitions found,No action required,https://docs.aws.amazon.com/sagemaker/latest/dg/model-monitor-data-quality.html,exact,2f6c1a7e-5b3d-4e8a-9c0f-000000000903,2f6c1a7e-5b3d-4e8a-9c0f-000000000927
123456789012,sagemaker,us-east-1,SM-17,SageMaker Processing Job Encryption Check,Not failing,N/A,N/A,Informational,Informational,No processing jobs found,No processing jobs found,No action required,https://docs.aws.amazon.com/sagemaker/latest/dg/processing-job.html,exact,2f6c1a7e-5b3d-4e8a-9c0f-000000000903,2f6c1a7e-5b3d-4e8a-9c0f-000000000927
123456789012,sagemaker,us-east-1,SM-18,SageMaker Transform Job Encryption Check,Not failing,N/A,N/A,Informational,Informational,No transform jobs found,No transform jobs found,No action required,https://docs.aws.amazon.com/sagemaker/latest/dg/batch-transform.html,exact,2f6c1a7e-5b3d-4e8a-9c0f-000000000903,2f6c1a7e-5b3d-4e8a-9c0f-000000000927
123456789012,sagemaker,us-east-1,SM-19,SageMaker Hyperparameter Tuning Job Encryption Check,Not failing,N/A,N/A,Informational,Informational,No hyperparameter tuning jobs found,No hyperparameter tuning jobs found,No action required,https://docs.aws.amazon.com/sagemaker/latest/dg/automatic-model-tuning.html,exact,2f6c1a7e-5b3d-4e8a-9c0f-000000000903,2f6c1a7e-5b3d-4e8a-9c0f-000000000927
123456789012,sagemaker,us-east-1,SM-20,SageMaker Compilation Job Encryption Check,Not failing,N/A,N/A,Informational,Informational,No compilation jobs found,No compilation jobs found,No action required,https://docs.aws.amazon.com/sagemaker/latest/dg/neo.html,exact,2f6c1a7e-5b3d-4e8a-9c0f-000000000903,2f6c1a7e-5b3d-4e8a-9c0f-000000000927
123456789012,sagemaker,us-east-1,SM-21,SageMaker AutoML Job Network Isolation Check,Not failing,N/A,N/A,Informational,Informational,No AutoML jobs found,No AutoML jobs found,No action required,https://docs.aws.amazon.com/sagemaker/latest/APIReference/API_AutoMLSecurityConfig.html,exact,2f6c1a7e-5b3d-4e8a-9c0f-000000000903,2f6c1a7e-5b3d-4e8a-9c0f-000000000927
123456789012,sagemaker,us-east-1,SM-22,Model Approval Workflow Check,Not failing,N/A,N/A,Informational,Informational,No model package groups found. Model Registry is not being used for model governance.,No model package groups found. Model Registry is not being used for model governance.,Implement Model Registry to track model versions and enforce approval workflows before production deployment.,https://docs.aws.amazon.com/sagemaker/latest/dg/model-registry-approve.html,exact,2f6c1a7e-5b3d-4e8a-9c0f-000000000903,2f6c1a7e-5b3d-4e8a-9c0f-000000000927
123456789012,sagemaker,us-east-1,SM-23,Model Drift Detection Check,Not failing,Passed,Passed,Medium,Medium,No InService endpoints found to monitor.,No InService endpoints found to monitor.,No action required,https://docs.aws.amazon.com/sagemaker/latest/dg/model-monitor.html,exact,2f6c1a7e-5b3d-4e8a-9c0f-000000000903,2f6c1a7e-5b3d-4e8a-9c0f-000000000927
123456789012,sagemaker,us-east-1,SM-24,A/B Testing and Shadow Deployment Check,Not failing,Passed,Passed,Low,Low,No InService endpoints found.,No InService endpoints found.,No action required,https://docs.aws.amazon.com/sagemaker/latest/dg/model-ab-testing.html,exact,2f6c1a7e-5b3d-4e8a-9c0f-000000000903,2f6c1a7e-5b3d-4e8a-9c0f-000000000927
123456789012,sagemaker,us-east-1,SM-25,ML Lineage Tracking - Experiments Not Used,Not failing,N/A,N/A,Informational,Informational,No SageMaker Experiments found. ML Lineage tracking through Experiments is not being utilized.,No SageMaker Experiments found. ML Lineage tracking through Experiments is not being utilized.,"Implement SageMaker Experiments to track ML training runs, hyperparameters, metrics, and model artifacts. This enables reproducibility and auditability.",https://docs.aws.amazon.com/sagemaker/latest/dg/experiments.html,exact,2f6c1a7e-5b3d-4e8a-9c0f-000000000903,2f6c1a7e-5b3d-4e8a-9c0f-000000000927
123456789012,sagemaker,us-east-1,SM-26,GuardDuty AI Protection,Still open,Failed,Failed,High,High,"GuardDuty is enabled, but the AI Protection detector feature is not enabled.","GuardDuty is enabled, but the AI Protection detector feature is not enabled.",Enable the GuardDuty AI_PROTECTION detector feature for this region.,https://docs.aws.amazon.com/guardduty/latest/ug/ai-protection.html,exact,2f6c1a7e-5b3d-4e8a-9c0f-000000000903,2f6c1a7e-5b3d-4e8a-9c0f-000000000927
123456789012,sagemaker,us-east-1,SM-27,HyperPod EBS CMK Encryption,Not failing,N/A,N/A,Informational,Informational,No SageMaker HyperPod clusters found,No SageMaker HyperPod clusters found,No action required,https://docs.aws.amazon.com/sagemaker/latest/dg/smcluster-cmk.html,exact,2f6c1a7e-5b3d-4e8a-9c0f-000000000903,2f6c1a7e-5b3d-4e8a-9c0f-000000000927
123456789012,sagemaker,us-east-1,SM-28,HyperPod VPC Configuration,Not failing,N/A,N/A,Informational,Informational,No SageMaker HyperPod clusters found,No SageMaker HyperPod clusters found,No action required,https://docs.aws.amazon.com/sagemaker/latest/dg/sagemaker-hyperpod-prerequisites.html#sagemaker-hyperpod-prerequisites-optional-vpc,exact,2f6c1a7e-5b3d-4e8a-9c0f-000000000903,2f6c1a7e-5b3d-4e8a-9c0f-000000000927
123456789012,sagemaker,us-east-1,SM-30,Model Package Group Resource Policy Exposure,Not failing,N/A,N/A,Informational,Informational,No SageMaker model package groups found,No SageMaker model package groups found,No action required,https://docs.aws.amazon.com/sagemaker/latest/APIReference/API_GetModelPackageGroupPolicy.html,exact,2f6c1a7e-5b3d-4e8a-9c0f-000000000903,2f6c1a7e-5b3d-4e8a-9c0f-000000000927
123456789012,sagemaker,us-east-2,SM-01,SageMaker Internet Access Check,Not failing,N/A,N/A,Informational,Informational,No SageMaker notebook instances or domains found to check,No SageMaker notebook instances or domains found to check,No action required,https://docs.aws.amazon.com/sagemaker/latest/dg/infrastructure-security.html,exact,2f6c1a7e-5b3d-4e8a-9c0f-000000000903,2f6c1a7e-5b3d-4e8a-9c0f-000000000927
123456789012,sagemaker,us-east-2,SM-02,SageMaker SSO Configuration Check,Not failing,Passed,Passed,Medium,Medium,"No SageMaker domains found, or all domains use SSO with IAM Identity Center configured","No SageMaker domains found, or all domains use SSO with IAM Identity Center configured",No action required,https://docs.aws.amazon.com/sagemaker/latest/dg/onboard-custom.html#onboard-custom-authentication-details,exact,2f6c1a7e-5b3d-4e8a-9c0f-000000000903,2f6c1a7e-5b3d-4e8a-9c0f-000000000927
123456789012,sagemaker,us-east-2,SM-03,Data Protection Check,Not failing,N/A,N/A,Informational,Informational,No SageMaker resources found to check for data protection,No SageMaker resources found to check for data protection,No action required,https://docs.aws.amazon.com/sagemaker/latest/dg/security.html,exact,2f6c1a7e-5b3d-4e8a-9c0f-000000000903,2f6c1a7e-5b3d-4e8a-9c0f-000000000927
123456789012,sagemaker,us-east-2,SM-04,GuardDuty Enabled,Not failing,Passed,Passed,Medium,Medium,Amazon GuardDuty is properly enabled and monitoring for security threats in SageMaker workloads.,Amazon GuardDuty is properly enabled and monitoring for security threats in SageMaker workloads.,No action required,https://docs.aws.amazon.com/guardduty/latest/ug/ai-protection.html,exact,2f6c1a7e-5b3d-4e8a-9c0f-000000000903,2f6c1a7e-5b3d-4e8a-9c0f-000000000927
123456789012,sagemaker,us-east-2,SM-05,SageMaker Feature Store Issue,Not failing,N/A,N/A,Informational,Informational,No feature groups found,No feature groups found,"Utilize SageMaker Feature Store to create, share, and manage features for machine learning development and production",https://docs.aws.amazon.com/sagemaker/latest/dg/mlops.html,exact,2f6c1a7e-5b3d-4e8a-9c0f-000000000903,2f6c1a7e-5b3d-4e8a-9c0f-000000000927
123456789012,sagemaker,us-east-2,SM-05,SageMaker Model Registry Issue,Not failing,N/A,N/A,Informational,Informational,No model package groups found,No model package groups found,"Implement model versioning using SageMaker Model Registry to track model lineage, approve model versions, and manage model deployment",https://docs.aws.amazon.com/sagemaker/latest/dg/mlops.html,exact,2f6c1a7e-5b3d-4e8a-9c0f-000000000903,2f6c1a7e-5b3d-4e8a-9c0f-000000000927
123456789012,sagemaker,us-east-2,SM-05,SageMaker Pipelines Issue,Not failing,N/A,N/A,Informational,Informational,No ML pipelines found,No ML pipelines found,"Implement SageMaker Pipelines to automate and manage ML workflows, including data preparation, training, and model deployment",https://docs.aws.amazon.com/sagemaker/latest/dg/mlops.html,exact,2f6c1a7e-5b3d-4e8a-9c0f-000000000903,2f6c1a7e-5b3d-4e8a-9c0f-000000000927
123456789012,sagemaker,us-east-2,SM-06,SageMaker Clarify No Clarify Usage,Not failing,N/A,N/A,Informational,Informational,No SageMaker Clarify jobs found,No SageMaker Clarify jobs found,Implement SageMaker Clarify for model explainability and bias detection,https://docs.aws.amazon.com/sagemaker/latest/dg/clarify-configure-processing-jobs.html,exact,2f6c1a7e-5b3d-4e8a-9c0f-000000000903,2f6c1a7e-5b3d-4e8a-9c0f-000000000927
123456789012,sagemaker,us-east-2,SM-07,SageMaker Model Monitor No Model Monitoring,Not failing,N/A,N/A,Informational,Informational,No Model Monitor schedules found,No Model Monitor schedules found,Configure comprehensive model monitoring schedules,https://docs.aws.amazon.com/sagemaker/latest/dg/model-monitor.html,exact,2f6c1a7e-5b3d-4e8a-9c0f-000000000903,2f6c1a7e-5b3d-4e8a-9c0f-000000000927
123456789012,sagemaker,us-east-2,SM-08,Model Registry Registry Not Used,Not failing,N/A,N/A,Informational,Informational,Model Registry is not being utilized,Model Registry is not being utilized,Implement proper model versioning and approval workflows,https://docs.aws.amazon.com/sagemaker/latest/dg/model-registry.html,exact,2f6c1a7e-5b3d-4e8a-9c0f-000000000903,2f6c1a7e-5b3d-4e8a-9c0f-000000000927
123456789012,sagemaker,us-east-2,SM-09,SageMaker Notebook Root Access Check,Not failing,N/A,N/A,Informational,Informational,No notebook instances found,No notebook instances found,No action required,https://docs.aws.amazon.com/sagemaker/latest/dg/nbi-root-access.html,exact,2f6c1a7e-5b3d-4e8a-9c0f-000000000903,2f6c1a7e-5b3d-4e8a-9c0f-000000000927
123456789012,sagemaker,us-east-2,SM-10,SageMaker Notebook VPC Deployment Check,Not failing,N/A,N/A,Informational,Informational,No notebook instances found,No notebook instances found,No action required,https://docs.aws.amazon.com/sagemaker/latest/dg/appendix-notebook-and-internet-access.html,exact,2f6c1a7e-5b3d-4e8a-9c0f-000000000903,2f6c1a7e-5b3d-4e8a-9c0f-000000000927
123456789012,sagemaker,us-east-2,SM-11,SageMaker Model Network Isolation Check,Not failing,N/A,N/A,Informational,Informational,No models found,No models found,No action required,https://docs.aws.amazon.com/sagemaker/latest/dg/mkt-algo-model-internet-free.html,exact,2f6c1a7e-5b3d-4e8a-9c0f-000000000903,2f6c1a7e-5b3d-4e8a-9c0f-000000000927
123456789012,sagemaker,us-east-2,SM-12,SageMaker Endpoint Instance Count Check,Not failing,N/A,N/A,Informational,Informational,No InService endpoints found,No InService endpoints found,No action required,https://docs.aws.amazon.com/sagemaker/latest/dg/endpoint-auto-scaling.html,exact,2f6c1a7e-5b3d-4e8a-9c0f-000000000903,2f6c1a7e-5b3d-4e8a-9c0f-000000000927
123456789012,sagemaker,us-east-2,SM-13,SageMaker Monitoring Network Isolation Check,Not failing,N/A,N/A,Informational,Informational,No monitoring schedules found,No monitoring schedules found,No action required,https://docs.aws.amazon.com/sagemaker/latest/APIReference/API_MonitoringNetworkConfig.html,exact,2f6c1a7e-5b3d-4e8a-9c0f-000000000903,2f6c1a7e-5b3d-4e8a-9c0f-000000000927
123456789012,sagemaker,us-east-2,SM-14,SageMaker Model Repository Access Check,Not failing,N/A,N/A,Informational,Informational,No models found or all use default Platform access,No models found or all use default Platform access,No action required,https://docs.aws.amazon.com/sagemaker/latest/dg/your-algorithms-containers-inference-private.html,exact,2f6c1a7e-5b3d-4e8a-9c0f-000000000903,2f6c1a7e-5b3d-4e8a-9c0f-000000000927
123456789012,sagemaker,us-east-2,SM-15,SageMaker Feature Store Encryption Check,Not failing,N/A,N/A,Informational,Informational,No feature groups with offline stores found,No feature groups with offline stores found,No action required,https://docs.aws.amazon.com/sagemaker/latest/dg/feature-store-security.html,exact,2f6c1a7e-5b3d-4e8a-9c0f-000000000903,2f6c1a7e-5b3d-4e8a-9c0f-000000000927
123456789012,sagemaker,us-east-2,SM-16,SageMaker Data Quality Job Encryption Check,Not failing,N/A,N/A,Informational,Informational,No data quality job definitions found,No data quality job definitions found,No action required,https://docs.aws.amazon.com/sagemaker/latest/dg/model-monitor-data-quality.html,exact,2f6c1a7e-5b3d-4e8a-9c0f-000000000903,2f6c1a7e-5b3d-4e8a-9c0f-000000000927
123456789012,sagemaker,us-east-2,SM-17,SageMaker Processing Job Encryption Check,Not failing,N/A,N/A,Informational,Informational,No processing jobs found,No processing jobs found,No action required,https://docs.aws.amazon.com/sagemaker/latest/dg/processing-job.html,exact,2f6c1a7e-5b3d-4e8a-9c0f-000000000903,2f6c1a7e-5b3d-4e8a-9c0f-000000000927
123456789012,sagemaker,us-east-2,SM-18,SageMaker Transform Job Encryption Check,Not failing,N/A,N/A,Informational,Informational,No transform jobs found,No transform jobs found,No action required,https://docs.aws.amazon.com/sagemaker/latest/dg/batch-transform.html,exact,2f6c1a7e-5b3d-4e8a-9c0f-000000000903,2f6c1a7e-5b3d-4e8a-9c0f-000000000927
123456789012,sagemaker,us-east-2,SM-19,SageMaker Hyperparameter Tuning Job Encryption Check,Not failing,N/A,N/A,Informational,Informational,No hyperparameter tuning jobs found,No hyperparameter tuning jobs found,No action required,https://docs.aws.amazon.com/sagemaker/latest/dg/automatic-model-tuning.html,exact,2f6c1a7e-5b3d-4e8a-9c0f-000000000903,2f6c1a7e-5b3d-4e8a-9c0f-000000000927
123456789012,sagemaker,us-east-2,SM-20,SageMaker Compilation Job Encryption Check,Not failing,N/A,N/A,Informational,Informational,No compilation jobs found,No compilation jobs found,No action required,https://docs.aws.amazon.com/sagemaker/latest/dg/neo.html,exact,2f6c1a7e-5b3d-4e8a-9c0f-000000000903,2f6c1a7e-5b3d-4e8a-9c0f-000000000927
123456789012,sagemaker,us-east-2,SM-21,SageMaker AutoML Job Network Isolation Check,Not failing,N/A,N/A,Informational,Informational,No AutoML jobs found,No AutoML jobs found,No action required,https://docs.aws.amazon.com/sagemaker/latest/APIReference/API_AutoMLSecurityConfig.html,exact,2f6c1a7e-5b3d-4e8a-9c0f-000000000903,2f6c1a7e-5b3d-4e8a-9c0f-000000000927
123456789012,sagemaker,us-east-2,SM-22,Model Approval Workflow Check,Not failing,N/A,N/A,Informational,Informational,No model package groups found. Model Registry is not being used for model governance.,No model package groups found. Model Registry is not being used for model governance.,Implement Model Registry to track model versions and enforce approval workflows before production deployment.,https://docs.aws.amazon.com/sagemaker/latest/dg/model-registry-approve.html,exact,2f6c1a7e-5b3d-4e8a-9c0f-000000000903,2f6c1a7e-5b3d-4e8a-9c0f-000000000927
123456789012,sagemaker,us-east-2,SM-23,Model Drift Detection Check,Not failing,Passed,Passed,Medium,Medium,No InService endpoints found to monitor.,No InService endpoints found to monitor.,No action required,https://docs.aws.amazon.com/sagemaker/latest/dg/model-monitor.html,exact,2f6c1a7e-5b3d-4e8a-9c0f-000000000903,2f6c1a7e-5b3d-4e8a-9c0f-000000000927
123456789012,sagemaker,us-east-2,SM-24,A/B Testing and Shadow Deployment Check,Not failing,Passed,Passed,Low,Low,No InService endpoints found.,No InService endpoints found.,No action required,https://docs.aws.amazon.com/sagemaker/latest/dg/model-ab-testing.html,exact,2f6c1a7e-5b3d-4e8a-9c0f-000000000903,2f6c1a7e-5b3d-4e8a-9c0f-000000000927
123456789012,sagemaker,us-east-2,SM-25,ML Lineage Tracking - Experiments Not Used,Not failing,N/A,N/A,Informational,Informational,No SageMaker Experiments found. ML Lineage tracking through Experiments is not being utilized.,No SageMaker Experiments found. ML Lineage tracking through Experiments is not being utilized.,"Implement SageMaker Experiments to track ML training runs, hyperparameters, metrics, and model artifacts. This enables reproducibility and auditability.",https://docs.aws.amazon.com/sagemaker/latest/dg/experiments.html,exact,2f6c1a7e-5b3d-4e8a-9c0f-000000000903,2f6c1a7e-5b3d-4e8a-9c0f-000000000927
123456789012,sagemaker,us-east-2,SM-26,GuardDuty AI Protection,No longer assessed,Failed,N/A,High,Informational,"GuardDuty is enabled, but the AI Protection detector feature is not enabled.",GuardDuty AI Protection status could not be read: AccessDeniedException.,Grant guardduty:GetDetector and retry the assessment.,https://docs.aws.amazon.com/guardduty/latest/ug/ai-protection.html,single-row,2f6c1a7e-5b3d-4e8a-9c0f-000000000903,2f6c1a7e-5b3d-4e8a-9c0f-000000000927
123456789012,sagemaker,us-east-2,SM-27,HyperPod EBS CMK Encryption,Not failing,N/A,N/A,Informational,Informational,No SageMaker HyperPod clusters found,No SageMaker HyperPod clusters found,No action required,https://docs.aws.amazon.com/sagemaker/latest/dg/smcluster-cmk.html,exact,2f6c1a7e-5b3d-4e8a-9c0f-000000000903,2f6c1a7e-5b3d-4e8a-9c0f-000000000927
123456789012,sagemaker,us-east-2,SM-28,HyperPod VPC Configuration,Not failing,N/A,N/A,Informational,Informational,No SageMaker HyperPod clusters found,No SageMaker HyperPod clusters found,No action required,https://docs.aws.amazon.com/sagemaker/latest/dg/sagemaker-hyperpod-prerequisites.html#sagemaker-hyperpod-prerequisites-optional-vpc,exact,2f6c1a7e-5b3d-4e8a-9c0f-000000000903,2f6c1a7e-5b3d-4e8a-9c0f-000000000927
123456789012,sagemaker,us-east-2,SM-30,Model Package Group Resource Policy Exposure,Not failing,N/A,N/A,Informational,Informational,No SageMaker model package groups found,No SageMaker model package groups found,No action required,https://docs.aws.amazon.com/sagemaker/latest/APIReference/API_GetModelPackageGroupPolicy.html,exact,2f6c1a7e-5b3d-4e8a-9c0f-000000000903,2f6c1a7e-5b3d-4e8a-9c0f-000000000927
123456789012,sagemaker,us-west-2,SM-01,SageMaker Internet Access Check,Not failing,N/A,N/A,Informational,Informational,No SageMaker notebook instances or domains found to check,No SageMaker notebook instances or domains found to check,No action required,https://docs.aws.amazon.com/sagemaker/latest/dg/infrastructure-security.html,exact,2f6c1a7e-5b3d-4e8a-9c0f-000000000903,2f6c1a7e-5b3d-4e8a-9c0f-000000000927
123456789012,sagemaker,us-west-2,SM-02,SageMaker SSO Configuration Check,Not failing,Passed,Passed,Medium,Medium,"No SageMaker domains found, or all domains use SSO with IAM Identity Center configured","No SageMaker domains found, or all domains use SSO with IAM Identity Center configured",No action required,https://docs.aws.amazon.com/sagemaker/latest/dg/onboard-custom.html#onboard-custom-authentication-details,exact,2f6c1a7e-5b3d-4e8a-9c0f-000000000903,2f6c1a7e-5b3d-4e8a-9c0f-000000000927
123456789012,sagemaker,us-west-2,SM-03,Data Protection Check,Not failing,N/A,N/A,Informational,Informational,No SageMaker resources found to check for data protection,No SageMaker resources found to check for data protection,No action required,https://docs.aws.amazon.com/sagemaker/latest/dg/security.html,exact,2f6c1a7e-5b3d-4e8a-9c0f-000000000903,2f6c1a7e-5b3d-4e8a-9c0f-000000000927
123456789012,sagemaker,us-west-2,SM-04,GuardDuty Enabled,Not failing,Passed,Passed,Medium,Medium,Amazon GuardDuty is properly enabled and monitoring for security threats in SageMaker workloads.,Amazon GuardDuty is properly enabled and monitoring for security threats in SageMaker workloads.,No action required,https://docs.aws.amazon.com/guardduty/latest/ug/ai-protection.html,exact,2f6c1a7e-5b3d-4e8a-9c0f-000000000903,2f6c1a7e-5b3d-4e8a-9c0f-000000000927
123456789012,sagemaker,us-west-2,SM-05,SageMaker Feature Store Issue,Not failing,N/A,N/A,Informational,Informational,No feature groups found,No feature groups found,"Utilize SageMaker Feature Store to create, share, and manage features for machine learning development and production",https://docs.aws.amazon.com/sagemaker/latest/dg/mlops.html,exact,2f6c1a7e-5b3d-4e8a-9c0f-000000000903,2f6c1a7e-5b3d-4e8a-9c0f-000000000927
123456789012,sagemaker,us-west-2,SM-05,SageMaker Model Registry Issue,Not failing,N/A,N/A,Informational,Informational,No model package groups found,No model package groups found,"Implement model versioning using SageMaker Model Registry to track model lineage, approve model versions, and manage model deployment",https://docs.aws.amazon.com/sagemaker/latest/dg/mlops.html,exact,2f6c1a7e-5b3d-4e8a-9c0f-000000000903,2f6c1a7e-5b3d-4e8a-9c0f-000000000927
123456789012,sagemaker,us-west-2,SM-05,SageMaker Pipelines Issue,Not failing,N/A,N/A,Informational,Informational,No ML pipelines found,No ML pipelines found,"Implement SageMaker Pipelines to automate and manage ML workflows, including data preparation, training, and model deployment",https://docs.aws.amazon.com/sagemaker/latest/dg/mlops.html,exact,2f6c1a7e-5b3d-4e8a-9c0f-000000000903,2f6c1a7e-5b3d-4e8a-9c0f-000000000927
123456789012,sagemaker,us-west-2,SM-06,SageMaker Clarify No Clarify Usage,Not failing,N/A,N/A,Informational,Informational,No SageMaker Clarify jobs found,No SageMaker Clarify jobs found,Implement SageMaker Clarify for model explainability and bias detection,https://docs.aws.amazon.com/sagemaker/latest/dg/clarify-configure-processing-jobs.html,exact,2f6c1a7e-5b3d-4e8a-9c0f-000000000903,2f6c1a7e-5b3d-4e8a-9c0f-000000000927
123456789012,sagemaker,us-west-2,SM-07,SageMaker Model Monitor No Model Monitoring,Not failing,N/A,N/A,Informational,Informational,No Model Monitor schedules found,No Model Monitor schedules found,Configure comprehensive model monitoring schedules,https://docs.aws.amazon.com/sagemaker/latest/dg/model-monitor.html,exact,2f6c1a7e-5b3d-4e8a-9c0f-000000000903,2f6c1a7e-5b3d-4e8a-9c0f-000000000927
123456789012,sagemaker,us-west-2,SM-08,Model Registry Registry Not Used,Not failing,N/A,N/A,Informational,Informational,Model Registry is not being utilized,Model Registry is not being utilized,Implement proper model versioning and approval workflows,https://docs.aws.amazon.com/sagemaker/latest/dg/model-registry.html,exact,2f6c1a7e-5b3d-4e8a-9c0f-000000000903,2f6c1a7e-5b3d-4e8a-9c0f-000000000927
123456789012,sagemaker,us-west-2,SM-09,SageMaker Notebook Root Access Check,Not failing,N/A,N/A,Informational,Informational,No notebook instances found,No notebook instances found,No action required,https://docs.aws.amazon.com/sagemaker/latest/dg/nbi-root-access.html,exact,2f6c1a7e-5b3d-4e8a-9c0f-000000000903,2f6c1a7e-5b3d-4e8a-9c0f-000000000927
123456789012,sagemaker,us-west-2,SM-10,SageMaker Notebook VPC Deployment Check,Not failing,N/A,N/A,Informational,Informational,No notebook instances found,No notebook instances found,No action required,https://docs.aws.amazon.com/sagemaker/latest/dg/appendix-notebook-and-internet-access.html,exact,2f6c1a7e-5b3d-4e8a-9c0f-000000000903,2f6c1a7e-5b3d-4e8a-9c0f-000000000927
123456789012,sagemaker,us-west-2,SM-11,SageMaker Model Network Isolation Check,Not failing,N/A,N/A,Informational,Informational,No models found,No models found,No action required,https://docs.aws.amazon.com/sagemaker/latest/dg/mkt-algo-model-internet-free.html,exact,2f6c1a7e-5b3d-4e8a-9c0f-000000000903,2f6c1a7e-5b3d-4e8a-9c0f-000000000927
123456789012,sagemaker,us-west-2,SM-12,SageMaker Endpoint Instance Count Check,Not failing,N/A,N/A,Informational,Informational,No InService endpoints found,No InService endpoints found,No action required,https://docs.aws.amazon.com/sagemaker/latest/dg/endpoint-auto-scaling.html,exact,2f6c1a7e-5b3d-4e8a-9c0f-000000000903,2f6c1a7e-5b3d-4e8a-9c0f-000000000927
123456789012,sagemaker,us-west-2,SM-13,SageMaker Monitoring Network Isolation Check,Not failing,N/A,N/A,Informational,Informational,No monitoring schedules found,No monitoring schedules found,No action required,https://docs.aws.amazon.com/sagemaker/latest/APIReference/API_MonitoringNetworkConfig.html,exact,2f6c1a7e-5b3d-4e8a-9c0f-000000000903,2f6c1a7e-5b3d-4e8a-9c0f-000000000927
123456789012,sagemaker,us-west-2,SM-14,SageMaker Model Repository Access Check,Not failing,N/A,N/A,Informational,Informational,No models found or all use default Platform access,No models found or all use default Platform access,No action required,https://docs.aws.amazon.com/sagemaker/latest/dg/your-algorithms-containers-inference-private.html,exact,2f6c1a7e-5b3d-4e8a-9c0f-000000000903,2f6c1a7e-5b3d-4e8a-9c0f-000000000927
123456789012,sagemaker,us-west-2,SM-15,SageMaker Feature Store Encryption Check,Not failing,N/A,N/A,Informational,Informational,No feature groups with offline stores found,No feature groups with offline stores found,No action required,https://docs.aws.amazon.com/sagemaker/latest/dg/feature-store-security.html,exact,2f6c1a7e-5b3d-4e8a-9c0f-000000000903,2f6c1a7e-5b3d-4e8a-9c0f-000000000927
123456789012,sagemaker,us-west-2,SM-16,SageMaker Data Quality Job Encryption Check,Not failing,N/A,N/A,Informational,Informational,No data quality job definitions found,No data quality job definitions found,No action required,https://docs.aws.amazon.com/sagemaker/latest/dg/model-monitor-data-quality.html,exact,2f6c1a7e-5b3d-4e8a-9c0f-000000000903,2f6c1a7e-5b3d-4e8a-9c0f-000000000927
123456789012,sagemaker,us-west-2,SM-17,SageMaker Processing Job Encryption Check,Not failing,N/A,N/A,Informational,Informational,No processing jobs found,No processing jobs found,No action required,https://docs.aws.amazon.com/sagemaker/latest/dg/processing-job.html,exact,2f6c1a7e-5b3d-4e8a-9c0f-000000000903,2f6c1a7e-5b3d-4e8a-9c0f-000000000927
123456789012,sagemaker,us-west-2,SM-18,SageMaker Transform Job Encryption Check,Not failing,N/A,N/A,Informational,Informational,No transform jobs found,No transform jobs found,No action required,https://docs.aws.amazon.com/sagemaker/latest/dg/batch-transform.html,exact,2f6c1a7e-5b3d-4e8a-9c0f-000000000903,2f6c1a7e-5b3d-4e8a-9c0f-000000000927
123456789012,sagemaker,us-west-2,SM-19,SageMaker Hyperparameter Tuning Job Encryption Check,Not failing,N/A,N/A,Informational,Informational,No hyperparameter tuning jobs found,No hyperparameter tuning jobs found,No action required,https://docs.aws.amazon.com/sagemaker/latest/dg/automatic-model-tuning.html,exact,2f6c1a7e-5b3d-4e8a-9c0f-000000000903,2f6c1a7e-5b3d-4e8a-9c0f-000000000927
123456789012,sagemaker,us-west-2,SM-20,SageMaker Compilation Job Encryption Check,Not failing,N/A,N/A,Informational,Informational,No compilation jobs found,No compilation jobs found,No action required,https://docs.aws.amazon.com/sagemaker/latest/dg/neo.html,exact,2f6c1a7e-5b3d-4e8a-9c0f-000000000903,2f6c1a7e-5b3d-4e8a-9c0f-000000000927
123456789012,sagemaker,us-west-2,SM-21,SageMaker AutoML Job Network Isolation Check,Not failing,N/A,N/A,Informational,Informational,No AutoML jobs found,No AutoML jobs found,No action required,https://docs.aws.amazon.com/sagemaker/latest/APIReference/API_AutoMLSecurityConfig.html,exact,2f6c1a7e-5b3d-4e8a-9c0f-000000000903,2f6c1a7e-5b3d-4e8a-9c0f-000000000927
123456789012,sagemaker,us-west-2,SM-22,Model Approval Workflow Check,Not failing,N/A,N/A,Informational,Informational,No model package groups found. Model Registry is not being used for model governance.,No model package groups found. Model Registry is not being used for model governance.,Implement Model Registry to track model versions and enforce approval workflows before production deployment.,https://docs.aws.amazon.com/sagemaker/latest/dg/model-registry-approve.html,exact,2f6c1a7e-5b3d-4e8a-9c0f-000000000903,2f6c1a7e-5b3d-4e8a-9c0f-000000000927
123456789012,sagemaker,us-west-2,SM-23,Model Drift Detection Check,Not failing,Passed,Passed,Medium,Medium,No InService endpoints found to monitor.,No InService endpoints found to monitor.,No action required,https://docs.aws.amazon.com/sagemaker/latest/dg/model-monitor.html,exact,2f6c1a7e-5b3d-4e8a-9c0f-000000000903,2f6c1a7e-5b3d-4e8a-9c0f-000000000927
123456789012,sagemaker,us-west-2,SM-24,A/B Testing and Shadow Deployment Check,Not failing,Passed,Passed,Low,Low,No InService endpoints found.,No InService endpoints found.,No action required,https://docs.aws.amazon.com/sagemaker/latest/dg/model-ab-testing.html,exact,2f6c1a7e-5b3d-4e8a-9c0f-000000000903,2f6c1a7e-5b3d-4e8a-9c0f-000000000927
123456789012,sagemaker,us-west-2,SM-25,ML Lineage Tracking - Experiments Not Used,Not failing,N/A,N/A,Informational,Informational,No SageMaker Experiments found. ML Lineage tracking through Experiments is not being utilized.,No SageMaker Experiments found. ML Lineage tracking through Experiments is not being utilized.,"Implement SageMaker Experiments to track ML training runs, hyperparameters, metrics, and model artifacts. This enables reproducibility and auditability.",https://docs.aws.amazon.com/sagemaker/latest/dg/experiments.html,exact,2f6c1a7e-5b3d-4e8a-9c0f-000000000903,2f6c1a7e-5b3d-4e8a-9c0f-000000000927
123456789012,sagemaker,us-west-2,SM-26,GuardDuty AI Protection,Still open,Failed,Failed,High,High,"GuardDuty is enabled, but the AI Protection detector feature is not enabled.","GuardDuty is enabled, but the AI Protection detector feature is not enabled.",Enable the GuardDuty AI_PROTECTION detector feature for this region.,https://docs.aws.amazon.com/guardduty/latest/ug/ai-protection.html,exact,2f6c1a7e-5b3d-4e8a-9c0f-000000000903,2f6c1a7e-5b3d-4e8a-9c0f-000000000927
123456789012,sagemaker,us-west-2,SM-27,HyperPod EBS CMK Encryption,Not failing,N/A,N/A,Informational,Informational,No SageMaker HyperPod clusters found,No SageMaker HyperPod clusters found,No action required,https://docs.aws.amazon.com/sagemaker/latest/dg/smcluster-cmk.html,exact,2f6c1a7e-5b3d-4e8a-9c0f-000000000903,2f6c1a7e-5b3d-4e8a-9c0f-000000000927
123456789012,sagemaker,us-west-2,SM-28,HyperPod VPC Configuration,Not failing,N/A,N/A,Informational,Informational,No SageMaker HyperPod clusters found,No SageMaker HyperPod clusters found,No action required,https://docs.aws.amazon.com/sagemaker/latest/dg/sagemaker-hyperpod-prerequisites.html#sagemaker-hyperpod-prerequisites-optional-vpc,exact,2f6c1a7e-5b3d-4e8a-9c0f-000000000903,2f6c1a7e-5b3d-4e8a-9c0f-000000000927
123456789012,sagemaker,us-west-2,SM-30,Model Package Group Resource Policy Exposure,Not failing,N/A,N/A,Informational,Informational,No SageMaker model package groups found,No SageMaker model package groups found,No action required,https://docs.aws.amazon.com/sagemaker/latest/APIReference/API_GetModelPackageGroupPolicy.html,exact,2f6c1a7e-5b3d-4e8a-9c0f-000000000903,2f6c1a7e-5b3d-4e8a-9c0f-000000000927
123456789012,agentcore,Global,AC-02,AgentCore IAM Full Access Check,Not failing,Passed,Passed,High,High,No roles with overly permissive AgentCore access found,No roles with overly permissive AgentCore access found,No action required,https://docs.aws.amazon.com/bedrock-agentcore/latest/devguide/security-iam-awsmanpol.html,exact,2f6c1a7e-5b3d-4e8a-9c0f-000000000903,2f6c1a7e-5b3d-4e8a-9c0f-000000000927
123456789012,agentcore,Global,AC-03,AgentCore Unused Permissions,Not failing,N/A,N/A,Informational,Informational,"The following principals have AgentCore permissions but have never accessed the service: role 'AIMLSecurityMemberRole', role 'AwsSecurityAudit', role 'AWSServiceRoleForSupport', role 'cdk-hnb659fds-lookup-role-123456789012-us-east-1', role 'cdk-hnb659fds-lookup-role-123456789012-us-east-2', role 'CloudSecAuditRole', role 'CloudSeerTrustedServiceRole', role 'EpoxyAccessRole', role 'IibsAdminAccess-DO-NOT-DELETE', role 'InternalAuditInternal', role 'Nova-DO-NOT-DELETE', role 'ScoutSuiteRole'","The following principals have AgentCore permissions but have never accessed the service: role 'AIMLSecurityMemberRole', role 'AwsSecurityAudit', role 'AWSServiceRoleForSupport', role 'cdk-hnb659fds-lookup-role-123456789012-us-east-1', role 'cdk-hnb659fds-lookup-role-123456789012-us-east-2', role 'CloudSecAuditRole', role 'CloudSeerTrustedServiceRole', role 'EpoxyAccessRole', role 'IibsAdminAccess-DO-NOT-DELETE', role 'InternalAuditInternal', role 'Nova-DO-NOT-DELETE', role 'ScoutSuiteRole'",Review and remove unused AgentCore permissions following least privilege principle,https://docs.aws.amazon.com/IAM/latest/UserGuide/access_policies_last-accessed.html,exact,2f6c1a7e-5b3d-4e8a-9c0f-000000000903,2f6c1a7e-5b3d-4e8a-9c0f-000000000927
123456789012,agentcore,Global,AC-09,AgentCore Service-Linked Role Check,Resolved,Failed,Passed,Medium,Medium,Service-linked role 'AWSServiceRoleForBedrockAgentCoreNetwork' does not exist. VPC configuration for AgentCore Runtimes will fail without this role.,Service-linked role 'AWSServiceRoleForBedrockAgentCoreNetwork' exists.,No action required,https://docs.aws.amazon.com/bedrock-agentcore/latest/devguide/agentcore-vpc.html,single-row,2f6c1a7e-5b3d-4e8a-9c0f-000000000903,2f6c1a7e-5b3d-4e8a-9c0f-000000000927
123456789012,agentcore,us-east-1,AC-01,AgentCore VPC Configuration Check,Not failing,N/A,N/A,Informational,Informational,No AgentCore resources found,No AgentCore resources found,No action required,https://docs.aws.amazon.com/bedrock-agentcore/latest/devguide/agentcore-vpc.html,exact,2f6c1a7e-5b3d-4e8a-9c0f-000000000903,2f6c1a7e-5b3d-4e8a-9c0f-000000000927
123456789012,agentcore,us-east-1,AC-04,AgentCore Observability Check,Not failing,N/A,N/A,Informational,Informational,No AgentCore resources found,No AgentCore resources found,No action required,https://docs.aws.amazon.com/bedrock-agentcore/latest/devguide/observability-configure.html,exact,2f6c1a7e-5b3d-4e8a-9c0f-000000000903,2f6c1a7e-5b3d-4e8a-9c0f-000000000927
123456789012,agentcore,us-east-1,AC-05,AgentCore Encryption Check,Not failing,N/A,N/A,Informational,Informational,No AgentCore resources found,No AgentCore resources found,No action required,https://docs.aws.amazon.com/bedrock-agentcore/latest/devguide/data-encryption.html,exact,2f6c1a7e-5b3d-4e8a-9c0f-000000000903,2f6c1a7e-5b3d-4e8a-9c0f-000000000927
123456789012,agentcore,us-east-1,AC-06,AgentCore Browser Session Recording,Not failing,N/A,N/A,Informational,Informational,No custom AgentCore browsers found,No custom AgentCore browsers found,No action required,https://docs.aws.amazon.com/securityhub/latest/userguide/bedrockagentcore-controls.html,exact,2f6c1a7e-5b3d-4e8a-9c0f-000000000903,2f6c1a7e-5b3d-4e8a-9c0f-000000000927
123456789012,agentcore,us-east-1,AC-07,AgentCore Memory Configuration Check,Not failing,N/A,N/A,Informational,Informational,No Memory resources found,No Memory resources found,No action required,https://docs.aws.amazon.com/bedrock-agentcore/latest/devguide/storage-encryption.html,exact,2f6c1a7e-5b3d-4e8a-9c0f-000000000903,2f6c1a7e-5b3d-4e8a-9c0f-000000000927
123456789012,agentcore,us-east-1,AC-08,AgentCore VPC Endpoints Check,Not failing,N/A,N/A,Informational,Informational,No AgentCore resources found,No AgentCore resources found,No action required,https://docs.aws.amazon.com/bedrock-agentcore/latest/devguide/vpc.html,exact,2f6c1a7e-5b3d-4e8a-9c0f-000000000903,2f6c1a7e-5b3d-4e8a-9c0f-000000000927
123456789012,agentcore,us-east-1,AC-10,AgentCore Resource-Based Policies Check,Not failing,N/A,N/A,Informational,Informational,No AgentCore resources found to check for resource-based policies,No AgentCore resources found to check for resource-based policies,No action required,https://docs.aws.amazon.com/bedrock-agentcore/latest/devguide/security_iam_service-with-iam.html,exact,2f6c1a7e-5b3d-4e8a-9c0f-000000000903,2f6c1a7e-5b3d-4e8a-9c0f-000000000927
123456789012,agentcore,us-east-1,AC-11,AgentCore Policy Engine Encryption Check,Not failing,N/A,N/A,Informational,Informational,No Policy Engines found,No Policy Engines found,No action required,https://docs.aws.amazon.com/bedrock-agentcore/latest/devguide/policy-encryption.html,exact,2f6c1a7e-5b3d-4e8a-9c0f-000000000903,2f6c1a7e-5b3d-4e8a-9c0f-000000000927
123456789012,agentcore,us-east-1,AC-12,AgentCore Gateway Encryption Check,Not failing,N/A,N/A,Informational,Informational,No Gateways found,No Gateways found,No action required,https://docs.aws.amazon.com/bedrock-agentcore/latest/devguide/data-encryption.html,exact,2f6c1a7e-5b3d-4e8a-9c0f-000000000903,2f6c1a7e-5b3d-4e8a-9c0f-000000000927
123456789012,agentcore,us-east-1,AC-13,AgentCore Gateway Configuration Check,Not failing,N/A,N/A,Informational,Informational,No Gateway resources found,No Gateway resources found,No action required,https://docs.aws.amazon.com/bedrock-agentcore/latest/devguide/gateway-building.html,exact,2f6c1a7e-5b3d-4e8a-9c0f-000000000903,2f6c1a7e-5b3d-4e8a-9c0f-000000000927
123456789012,agentcore,us-east-1,AC-14,AgentCore Identity Token Vault CMK Encryption,Resolved,Failed,Passed,High,High,AgentCore token vault 'default' uses a service-managed or AWS-owned key.,AgentCore token vault 'default' uses a customer-managed KMS key.,No action required,https://docs.aws.amazon.com/bedrock-agentcore/latest/devguide/identity-data-encryption.html,single-row,2f6c1a7e-5b3d-4e8a-9c0f-000000000903,2f6c1a7e-5b3d-4e8a-9c0f-000000000927
123456789012,agentcore,us-east-1,AC-15,AgentCore Code Interpreter Network Isolation,Not failing,N/A,N/A,Informational,Informational,No custom AgentCore Code Interpreters found,No custom AgentCore Code Interpreters found,No action required,https://docs.aws.amazon.com/securityhub/latest/userguide/bedrockagentcore-controls.html,exact,2f6c1a7e-5b3d-4e8a-9c0f-000000000903,2f6c1a7e-5b3d-4e8a-9c0f-000000000927
123456789012,agentcore,us-east-1,AC-16,AgentCore Custom Browser Network Isolation,Not failing,N/A,N/A,Informational,Informational,No custom AgentCore browsers found,No custom AgentCore browsers found,No action required,https://docs.aws.amazon.com/securityhub/latest/userguide/bedrockagentcore-controls.html,exact,2f6c1a7e-5b3d-4e8a-9c0f-000000000903,2f6c1a7e-5b3d-4e8a-9c0f-000000000927
123456789012,agentcore,us-east-1,AC-17,AgentCore Online Evaluation Coverage,Still open,Failed,Failed,Medium,Medium,No AgentCore online evaluation configurations found.,No AgentCore online evaluation configurations found.,Configure online evaluation for production agent workloads where continuous assurance is required.,https://docs.aws.amazon.com/bedrock-agentcore/latest/devguide/get-online-evaluations.html,exact,2f6c1a7e-5b3d-4e8a-9c0f-000000000903,2f6c1a7e-5b3d-4e8a-9c0f-000000000927
123456789012,agentcore,us-east-2,AC-01,AgentCore VPC Configuration Check,Not failing,N/A,N/A,Informational,Informational,No AgentCore resources found,No AgentCore resources found,No action required,https://docs.aws.amazon.com/bedrock-agentcore/latest/devguide/agentcore-vpc.html,exact,2f6c1a7e-5b3d-4e8a-9c0f-000000000903,2f6c1a7e-5b3d-4e8a-9c0f-000000000927
123456789012,agentcore,us-east-2,AC-04,AgentCore Observability Check,Not failing,N/A,N/A,Informational,Informational,No AgentCore resources found,No AgentCore resources found,No action required,https://docs.aws.amazon.com/bedrock-agentcore/latest/devguide/observability-configure.html,exact,2f6c1a7e-5b3d-4e8a-9c0f-000000000903,2f6c1a7e-5b3d-4e8a-9c0f-000000000927
123456789012,agentcore,us-east-2,AC-05,AgentCore Encryption Check,Not failing,N/A,N/A,Informational,Informational,No AgentCore resources found,No AgentCore resources found,No action required,https://docs.aws.amazon.com/bedrock-agentcore/latest/devguide/data-encryption.html,exact,2f6c1a7e-5b3d-4e8a-9c0f-000000000903,2f6c1a7e-5b3d-4e8a-9c0f-000000000927
123456789012,agentcore,us-east-2,AC-06,AgentCore Browser Session Recording,Not failing,N/A,N/A,Informational,Informational,No custom AgentCore browsers found,No custom AgentCore browsers found,No action required,https://docs.aws.amazon.com/securityhub/latest/userguide/bedrockagentcore-controls.html,exact,2f6c1a7e-5b3d-4e8a-9c0f-000000000903,2f6c1a7e-5b3d-4e8a-9c0f-000000000927
123456789012,agentcore,us-east-2,AC-07,AgentCore Memory Configuration Check,Not failing,N/A,N/A,Informational,Informational,No Memory resources found,No Memory resources found,No action required,https://docs.aws.amazon.com/bedrock-agentcore/latest/devguide/storage-encryption.html,exact,2f6c1a7e-5b3d-4e8a-9c0f-000000000903,2f6c1a7e-5b3d-4e8a-9c0f-000000000927
123456789012,agentcore,us-east-2,AC-08,AgentCore VPC Endpoints Check,Not failing,N/A,N/A,Informational,Informational,No AgentCore resources found,No AgentCore resources found,No action required,https://docs.aws.amazon.com/bedrock-agentcore/latest/devguide/vpc.html,exact,2f6c1a7e-5b3d-4e8a-9c0f-000000000903,2f6c1a7e-5b3d-4e8a-9c0f-000000000927
123456789012,agentcore,us-east-2,AC-10,AgentCore Resource-Based Policies Check,Not failing,N/A,N/A,Informational,Informational,No AgentCore resources found to check for resource-based policies,No AgentCore resources found to check for resource-based policies,No action required,https://docs.aws.amazon.com/bedrock-agentcore/latest/devguide/security_iam_service-with-iam.html,exact,2f6c1a7e-5b3d-4e8a-9c0f-000000000903,2f6c1a7e-5b3d-4e8a-9c0f-000000000927
123456789012,agentcore,us-east-2,AC-11,AgentCore Policy Engine Encryption Check,Not failing,N/A,N/A,Informational,Informational,No Policy Engines found,No Policy Engines found,No action required,https://docs.aws.amazon.com/bedrock-agentcore/latest/devguide/policy-encryption.html,exact,2f6c1a7e-5b3d-4e8a-9c0f-000000000903,2f6c1a7e-5b3d-4e8a-9c0f-000000000927
123456789012,agentcore,us-east-2,AC-12,AgentCore Gateway Encryption Check,Not failing,N/A,N/A,Informational,Informational,No Gateways found,No Gateways found,No action required,https://docs.aws.amazon.com/bedrock-agentcore/latest/devguide/data-encryption.html,exact,2f6c1a7e-5b3d-4e8a-9c0f-000000000903,2f6c1a7e-5b3d-4e8a-9c0f-000000000927
123456789012,agentcore,us-east-2,AC-13,AgentCore Gateway Configuration Check,Not failing,N/A,N/A,Informational,Informational,No Gateway resources found,No Gateway resources found,No action required,https://docs.aws.amazon.com/bedrock-agentcore/latest/devguide/gateway-building.html,exact,2f6c1a7e-5b3d-4e8a-9c0f-000000000903,2f6c1a7e-5b3d-4e8a-9c0f-000000000927
123456789012,agentcore,us-east-2,AC-14,AgentCore Identity Token Vault CMK Encryption,Still open,Failed,Failed,High,High,AgentCore token vault 'default' uses a service-managed or AWS-owned key.,AgentCore token vault 'default' uses a service-managed or AWS-owned key.,Configure the AgentCore Identity token vault with a customer-managed KMS key.,https://docs.aws.amazon.com/bedrock-agentcore/latest/devguide/identity-data-encryption.html,exact,2f6c1a7e-5b3d-4e8a-9c0f-000000000903,2f6c1a7e-5b3d-4e8a-9c0f-000000000927
123456789012,agentcore,us-east-2,AC-15,AgentCore Code Interpreter Network Isolation,Not failing,N/A,N/A,Informational,Informational,No custom AgentCore Code Interpreters found,No custom AgentCore Code Interpreters found,No action required,https://docs.aws.amazon.com/securityhub/latest/userguide/bedrockagentcore-controls.html,exact,2f6c1a7e-5b3d-4e8a-9c0f-000000000903,2f6c1a7e-5b3d-4e8a-9c0f-000000000927
123456789012,agentcore,us-east-2,AC-16,AgentCore Custom Browser Network Isolation,Not failing,N/A,N/A,Informational,Informational,No custom AgentCore browsers found,No custom AgentCore browsers found,No action required,https://docs.aws.amazon.com/securityhub/latest/userguide/bedrockagentcore-controls.html,exact,2f6c1a7e-5b3d-4e8a-9c0f-000000000903,2f6c1a7e-5b3d-4e8a-9c0f-000000000927
123456789012,agentcore,us-east-2,AC-17,AgentCore Online Evaluation Coverage,Still open,Failed,Failed,Medium,Medium,No AgentCore online evaluation configurations found.,Online evaluation 'sample-agent-eval' (sample-agent-eval-0001) is missing one or more operational coverage settings.,"Set the evaluation ACTIVE and ENABLED, use non-zero sampling, add evaluators, and configure CloudWatch input and output log groups.",https://docs.aws.amazon.com/bedrock-agentcore/latest/devguide/get-online-evaluations.html,single-row,2f6c1a7e-5b3d-4e8a-9c0f-000000000903,2f6c1a7e-5b3d-4e8a-9c0f-000000000927
123456789012,agentcore,us-west-2,AC-01,AgentCore VPC Configuration Check,Not failing,N/A,N/A,Informational,Informational,No AgentCore resources found,No AgentCore resources found,No action required,https://docs.aws.amazon.com/bedrock-agentcore/latest/devguide/agentcore-vpc.html,exact,2f6c1a7e-5b3d-4e8a-9c0f-000000000903,2f6c1a7e-5b3d-4e8a-9c0f-000000000927
123456789012,agentcore,us-west-2,AC-04,AgentCore Observability Check,Not failing,N/A,N/A,Informational,Informational,No AgentCore resources found,No AgentCore resources found,No action required,https://docs.aws.amazon.com/bedrock-agentcore/latest/devguide/observability-configure.html,exact,2f6c1a7e-5b3d-4e8a-9c0f-000000000903,2f6c1a7e-5b3d-4e8a-9c0f-000000000927
123456789012,agentcore,us-west-2,AC-05,AgentCore Encryption Check,Not failing,N/A,N/A,Informational,Informational,No AgentCore resources found,No AgentCore resources found,No action required,https://docs.aws.amazon.com/bedrock-agentcore/latest/devguide/data-encryption.html,exact,2f6c1a7e-5b3d-4e8a-9c0f-000000000903,2f6c1a7e-5b3d-4e8a-9c0f-000000000927
123456789012,agentcore,us-west-2,AC-06,AgentCore Browser Session Recording,Not failing,N/A,N/A,Informational,Informational,No custom AgentCore browsers found,No custom AgentCore browsers found,No action required,https://docs.aws.amazon.com/securityhub/latest/userguide/bedrockagentcore-controls.html,exact,2f6c1a7e-5b3d-4e8a-9c0f-000000000903,2f6c1a7e-5b3d-4e8a-9c0f-000000000927
123456789012,agentcore,us-west-2,AC-07,AgentCore Memory Configuration Check,Not failing,N/A,N/A,Informational,Informational,No Memory resources found,No Memory resources found,No action required,https://docs.aws.amazon.com/bedrock-agentcore/latest/devguide/storage-encryption.html,exact,2f6c1a7e-5b3d-4e8a-9c0f-000000000903,2f6c1a7e-5b3d-4e8a-9c0f-000000000927
123456789012,agentcore,us-west-2,AC-08,AgentCore VPC Endpoints Check,Not failing,N/A,N/A,Informational,Informational,No AgentCore resources found,No AgentCore resources found,No action required,https://docs.aws.amazon.com/bedrock-agentcore/latest/devguide/vpc.html,exact,2f6c1a7e-5b3d-4e8a-9c0f-000000000903,2f6c1a7e-5b3d-4e8a-9c0f-000000000927
123456789012,agentcore,us-west-2,AC-10,AgentCore Resource-Based Policies Check,Not failing,N/A,N/A,Informational,Informational,No AgentCore resources found to check for resource-based policies,No AgentCore resources found to check for resource-based policies,No action required,https://docs.aws.amazon.com/bedrock-agentcore/latest/devguide/security_iam_service-with-iam.html,exact,2f6c1a7e-5b3d-4e8a-9c0f-000000000903,2f6c1a7e-5b3d-4e8a-9c0f-000000000927
123456789012,agentcore,us-west-2,AC-11,AgentCore Policy Engine Encryption Check,Not failing,N/A,N/A,Informational,Informational,No Policy Engines found,No Policy Engines found,No action required,https://docs.aws.amazon.com/bedrock-agentcore/latest/devguide/policy-encryption.html,exact,2f6c1a7e-5b3d-4e8a-9c0f-000000000903,2f6c1a7e-5b3d-4e8a-9c0f-000000000927
123456789012,agentcore,us-west-2,AC-12,AgentCore Gateway Encryption Check,Not failing,N/A,N/A,Informational,Informational,No Gateways found,No Gateways found,No action required,https://docs.aws.amazon.com/bedrock-agentcore/latest/devguide/data-encryption.html,exact,2f6c1a7e-5b3d-4e8a-9c0f-000000000903,2f6c1a7e-5b3d-4e8a-9c0f-000000000927
123456789012,agentcore,us-west-2,AC-13,AgentCore Gateway Configuration Check,Not failing,N/A,N/A,Informational,Informational,No Gateway resources found,No Gateway resources found,No action required,https://docs.aws.amazon.com/bedrock-agentcore/latest/devguide/gateway-building.html,exact,2f6c1a7e-5b3d-4e8a-9c0f-000000000903,2f6c1a7e-5b3d-4e8a-9c0f-000000000927
123456789012,agentcore,us-west-2,AC-14,AgentCore Identity Token Vault CMK Encryption,Still open,Failed,Failed,High,High,AgentCore token vault 'default' uses a service-managed or AWS-owned key.,AgentCore token vault 'default' uses a service-managed or AWS-owned key.,Configure the AgentCore Identity token vault with a customer-managed KMS key.,https://docs.aws.amazon.com/bedrock-agentcore/latest/devguide/identity-data-encryption.html,exact,2f6c1a7e-5b3d-4e8a-9c0f-000000000903,2f6c1a7e-5b3d-4e8a-9c0f-000000000927
123456789012,agentcore,us-west-2,AC-15,AgentCore Code Interpreter Network Isolation,Not failing,N/A,N/A,Informational,Informational,No custom AgentCore Code Interpreters found,No custom AgentCore Code Interpreters found,No action required,https://docs.aws.amazon.com/securityhub/latest/userguide/bedrockagentcore-controls.html,exact,2f6c1a7e-5b3d-4e8a-9c0f-000000000903,2f6c1a7e-5b3d-4e8a-9c0f-000000000927
123456789012,agentcore,us-west-2,AC-16,AgentCore Custom Browser Network Isolation,Not failing,N/A,N/A,Informational,Informational,No custom AgentCore browsers found,No custom AgentCore browsers found,No action required,https://docs.aws.amazon.com/securityhub/latest/userguide/bedrockagentcore-controls.html,exact,2f6c1a7e-5b3d-4e8a-9c0f-000000000903,2f6c1a7e-5b3d-4e8a-9c0f-000000000927
123456789012,agentcore,us-west-2,AC-17,AgentCore Online Evaluation Coverage,Still open,Failed,Failed,Medium,Medium,No AgentCore online evaluation configurations found.,No AgentCore online evaluation configurations found.,Configure online evaluation for production agent workloads where continuous assurance is required.,https://docs.aws.amazon.com/bedrock-agentcore/latest/devguide/get-online-evaluations.html,exact,2f6c1a7e-5b3d-4e8a-9c0f-000000000903,2f6c1a7e-5b3d-4e8a-9c0f-000000000927
123456789012,agent-registry,Global,AR-01,AWS Agent Registry IAM Full Access Policy,Regressed,Passed,Failed,High,High,No roles with overly permissive AWS Agent Registry access found.,The following roles have AWS Agent Registry full-access policies: sample-registry-admin-role,Replace full-access policies with least-privilege AWS Agent Registry actions and scoped resources.,https://docs.aws.amazon.com/IAM/latest/UserGuide/access_policies.html,check-level,2f6c1a7e-5b3d-4e8a-9c0f-000000000903,2f6c1a7e-5b3d-4e8a-9c0f-000000000927
123456789012,agent-registry,Global,AR-01,AWS Agent Registry IAM Wildcard Permissions,Regressed,Passed,Failed,High,High,No roles with overly permissive AWS Agent Registry access found.,The following roles have wildcard or allow-except AWS Agent Registry permissions on all resources: sample-registry-admin-role,Replace wildcard permissions with required AWS Agent Registry actions and scoped resources.,https://docs.aws.amazon.com/IAM/latest/UserGuide/access_policies.html,check-level,2f6c1a7e-5b3d-4e8a-9c0f-000000000903,2f6c1a7e-5b3d-4e8a-9c0f-000000000927
123456789012,agent-registry,Global,AR-02,AWS Agent Registry Stale Access Check,New,N/A,Failed,Informational,Medium,The following principals have AWS Agent Registry permissions but no service-last-accessed evidence: role 'AIMLSecurityMemberRole',The following principals have AWS Agent Registry permissions they have not used: role 'sample-registry-role',Review and remove unused AWS Agent Registry permissions following least privilege.,https://docs.aws.amazon.com/IAM/latest/UserGuide/access_policies_last-accessed.html,single-row,2f6c1a7e-5b3d-4e8a-9c0f-000000000903,2f6c1a7e-5b3d-4e8a-9c0f-000000000927
123456789012,agent-registry,us-east-1,AR-03,AWS Agent Registry Publication Approval Governance,Not failing,N/A,N/A,Informational,Informational,No AWS Agent Registry registries found.,No AWS Agent Registry registries found.,No action required,https://docs.aws.amazon.com/agent-registry-control/latest/APIReference/API_ApprovalConfiguration.html,exact,2f6c1a7e-5b3d-4e8a-9c0f-000000000903,2f6c1a7e-5b3d-4e8a-9c0f-000000000927
123456789012,agent-registry,us-east-1,AR-04,AWS Agent Registry Discovery Authorization,Not failing,N/A,N/A,Informational,Informational,No AWS Agent Registry registries found.,No AWS Agent Registry registries found.,No action required,https://docs.aws.amazon.com/agent-registry-control/latest/APIReference/API_CustomJWTAuthorizerConfiguration.html,exact,2f6c1a7e-5b3d-4e8a-9c0f-000000000903,2f6c1a7e-5b3d-4e8a-9c0f-000000000927
123456789012,agent-registry,us-east-1,AR-05,AWS Agent Registry Customer-Managed KMS Encryption,Not failing,N/A,N/A,Informational,Informational,No AWS Agent Registry registries found.,No AWS Agent Registry registries found.,No action required,https://docs.aws.amazon.com/bedrock-agentcore/latest/devguide/registry-data-encryption.html,exact,2f6c1a7e-5b3d-4e8a-9c0f-000000000903,2f6c1a7e-5b3d-4e8a-9c0f-000000000927
123456789012,agent-registry,us-east-1,AR-06,AWS Agent Registry Organization Auto-Detection,Not failing,N/A,N/A,Informational,Informational,No AWS Agent Registry registries found.,No AWS Agent Registry registries found.,No action required,https://docs.aws.amazon.com/bedrock-agentcore/latest/devguide/registry-organizations.html,exact,2f6c1a7e-5b3d-4e8a-9c0f-000000000903,2f6c1a7e-5b3d-4e8a-9c0f-000000000927
123456789012,agent-registry,us-east-1,AR-07,AWS Agent Registry Record Lifecycle Governance,Not failing,N/A,N/A,Informational,Informational,No AWS Agent Registry registries found.,No AWS Agent Registry registries found.,No action required,https://docs.aws.amazon.com/agent-registry-control/latest/APIReference/API_SubmitRegistryRecordForApproval.html,exact,2f6c1a7e-5b3d-4e8a-9c0f-000000000903,2f6c1a7e-5b3d-4e8a-9c0f-000000000927
123456789012,agent-registry,us-east-1,AR-08,AWS Agent Registry Record Provenance,Not failing,N/A,N/A,Informational,Informational,No AWS Agent Registry registries found.,No AWS Agent Registry registries found.,No action required,https://docs.aws.amazon.com/agent-registry-control/latest/APIReference/API_Provenance.html,exact,2f6c1a7e-5b3d-4e8a-9c0f-000000000903,2f6c1a7e-5b3d-4e8a-9c0f-000000000927
123456789012,agent-registry,us-east-2,AR-03,AWS Agent Registry Publication Approval Governance Incomplete,Not failing,N/A,N/A,Informational,Informational,Assessment could not enumerate AWS Agent Registry registries: AccessDeniedException (Unauthorized access).,Assessment could not enumerate AWS Agent Registry registries: AccessDeniedException (Unauthorized access).,Grant agent-registry:ListRegistries and retry the assessment.,https://docs.aws.amazon.com/agent-registry-control/latest/APIReference/API_ApprovalConfiguration.html,exact,2f6c1a7e-5b3d-4e8a-9c0f-000000000903,2f6c1a7e-5b3d-4e8a-9c0f-000000000927
123456789012,agent-registry,us-east-2,AR-04,AWS Agent Registry Discovery Authorization Incomplete,Not failing,N/A,N/A,Informational,Informational,Assessment could not enumerate AWS Agent Registry registries: AccessDeniedException (Unauthorized access).,Assessment could not enumerate AWS Agent Registry registries: AccessDeniedException (Unauthorized access).,Grant agent-registry:ListRegistries and retry the assessment.,https://docs.aws.amazon.com/agent-registry-control/latest/APIReference/API_CustomJWTAuthorizerConfiguration.html,exact,2f6c1a7e-5b3d-4e8a-9c0f-000000000903,2f6c1a7e-5b3d-4e8a-9c0f-000000000927
123456789012,agent-registry,us-east-2,AR-05,AWS Agent Registry Customer-Managed KMS Encryption Incomplete,Not failing,N/A,N/A,Informational,Informational,Assessment could not enumerate AWS Agent Registry registries: AccessDeniedException (Unauthorized access).,Assessment could not enumerate AWS Agent Registry registries: AccessDeniedException (Unauthorized access).,Grant agent-registry:ListRegistries and retry the assessment.,https://docs.aws.amazon.com/bedrock-agentcore/latest/devguide/registry-data-encryption.html,exact,2f6c1a7e-5b3d-4e8a-9c0f-000000000903,2f6c1a7e-5b3d-4e8a-9c0f-000000000927
123456789012,agent-registry,us-east-2,AR-06,AWS Agent Registry Organization Auto-Detection Incomplete,Not failing,N/A,N/A,Informational,Informational,Assessment could not enumerate AWS Agent Registry registries: AccessDeniedException (Unauthorized access).,Assessment could not enumerate AWS Agent Registry registries: AccessDeniedException (Unauthorized access).,Grant agent-registry:ListRegistries and retry the assessment.,https://docs.aws.amazon.com/bedrock-agentcore/latest/devguide/registry-organizations.html,exact,2f6c1a7e-5b3d-4e8a-9c0f-000000000903,2f6c1a7e-5b3d-4e8a-9c0f-000000000927
123456789012,agent-registry,us-east-2,AR-07,AWS Agent Registry Record Lifecycle Governance Incomplete,Not failing,N/A,N/A,Informational,Informational,Assessment could not enumerate AWS Agent Registry registries: AccessDeniedException (Unauthorized access).,Assessment could not enumerate AWS Agent Registry registries: AccessDeniedException (Unauthorized access).,Grant agent-registry:ListRegistries and retry the assessment.,https://docs.aws.amazon.com/agent-registry-control/latest/APIReference/API_SubmitRegistryRecordForApproval.html,exact,2f6c1a7e-5b3d-4e8a-9c0f-000000000903,2f6c1a7e-5b3d-4e8a-9c0f-000000000927
123456789012,agent-registry,us-east-2,AR-08,AWS Agent Registry Record Provenance Incomplete,Not failing,N/A,N/A,Informational,Informational,Assessment could not enumerate AWS Agent Registry registries: AccessDeniedException (Unauthorized access).,Assessment could not enumerate AWS Agent Registry registries: AccessDeniedException (Unauthorized access).,Grant agent-registry:ListRegistries and retry the assessment.,https://docs.aws.amazon.com/agent-registry-control/latest/APIReference/API_Provenance.html,exact,2f6c1a7e-5b3d-4e8a-9c0f-000000000903,2f6c1a7e-5b3d-4e8a-9c0f-000000000927
123456789012,agent-registry,us-west-2,AR-03,AWS Agent Registry Publication Approval Governance,Not failing,N/A,N/A,Informational,Informational,No AWS Agent Registry registries found.,No AWS Agent Registry registries found.,No action required,https://docs.aws.amazon.com/agent-registry-control/latest/APIReference/API_ApprovalConfiguration.html,exact,2f6c1a7e-5b3d-4e8a-9c0f-000000000903,2f6c1a7e-5b3d-4e8a-9c0f-000000000927
123456789012,agent-registry,us-west-2,AR-04,AWS Agent Registry Discovery Authorization,Not failing,N/A,N/A,Informational,Informational,No AWS Agent Registry registries found.,No AWS Agent Registry registries found.,No action required,https://docs.aws.amazon.com/agent-registry-control/latest/APIReference/API_CustomJWTAuthorizerConfiguration.html,exact,2f6c1a7e-5b3d-4e8a-9c0f-000000000903,2f6c1a7e-5b3d-4e8a-9c0f-000000000927
123456789012,agent-registry,us-west-2,AR-05,AWS Agent Registry Customer-Managed KMS Encryption,Not failing,N/A,N/A,Informational,Informational,No AWS Agent Registry registries found.,No AWS Agent Registry registries found.,No action required,https://docs.aws.amazon.com/bedrock-agentcore/latest/devguide/registry-data-encryption.html,exact,2f6c1a7e-5b3d-4e8a-9c0f-000000000903,2f6c1a7e-5b3d-4e8a-9c0f-000000000927
123456789012,agent-registry,us-west-2,AR-06,AWS Agent Registry Organization Auto-Detection,Not failing,N/A,N/A,Informational,Informational,No AWS Agent Registry registries found.,No AWS Agent Registry registries found.,No action required,https://docs.aws.amazon.com/bedrock-agentcore/latest/devguide/registry-organizations.html,exact,2f6c1a7e-5b3d-4e8a-9c0f-000000000903,2f6c1a7e-5b3d-4e8a-9c0f-000000000927
123456789012,agent-registry,us-west-2,AR-07,AWS Agent Registry Record Lifecycle Governance,Not failing,N/A,N/A,Informational,Informational,No AWS Agent Registry registries found.,No AWS Agent Registry registries found.,No action required,https://docs.aws.amazon.com/agent-registry-control/latest/APIReference/API_SubmitRegistryRecordForApproval.html,exact,2f6c1a7e-5b3d-4e8a-9c0f-000000000903,2f6c1a7e-5b3d-4e8a-9c0f-000000000927
123456789012,agent-registry,us-west-2,AR-08,AWS Agent Registry Record Provenance,Not failing,N/A,N/A,Informational,Informational,No AWS Agent Registry registries found.,No AWS Agent Registry registries found.,No action required,https://docs.aws.amazon.com/agent-registry-control/latest/APIReference/API_Provenance.html,exact,2f6c1a7e-5b3d-4e8a-9c0f-000000000903,2f6c1a7e-5b3d-4e8a-9c0f-000000000927
123456789012,agentic,Global,AG-09,Agentic AI Guardrail Enforcement Boundary,Still open,Failed,Failed,High,High,Agentic AI security domain: Guardrail Enforcement. Organization-level guardrail enforcement helps prevent agents from bypassing required safety controls across accounts. Source check BR-15: The Organizations Bedrock policy type is not enabled and no account-level enforced guardrail configuration was observed.,Agentic AI security domain: Guardrail Enforcement. Organization-level guardrail enforcement helps prevent agents from bypassing required safety controls across accounts. Source check BR-15: The Organizations Bedrock policy type is not enabled and no account-level enforced guardrail configuration was observed.,Use IAM and organization controls to require approved guardrails for model and agent invocations where supported.,https://docs.aws.amazon.com/wellarchitected/latest/agentic-ai-lens/agentic-ai-lens.html,exact,2f6c1a7e-5b3d-4e8a-9c0f-000000000903,2f6c1a7e-5b3d-4e8a-9c0f-000000000927
123456789012,agentic,Global,AG-16,Agentic AI AgentCore Least Privilege,Not failing,Passed,Passed,High,High,Agentic AI security domain: Agent Identity & Access. Over-permissive AgentCore principals can let agents or operators bypass intended autonomy and tool boundaries. Source check AC-02: No roles with overly permissive AgentCore access found,Agentic AI security domain: Agent Identity & Access. Over-permissive AgentCore principals can let agents or operators bypass intended autonomy and tool boundaries. Source check AC-02: No roles with overly permissive AgentCore access found,Replace full-access AgentCore permissions with least-privilege IAM policies scoped to required resources and actions.,https://docs.aws.amazon.com/wellarchitected/latest/agentic-ai-lens/agentic-ai-lens.html,exact,2f6c1a7e-5b3d-4e8a-9c0f-000000000903,2f6c1a7e-5b3d-4e8a-9c0f-000000000927
123456789012,agentic,Global,AG-17,Agentic AI Stale AgentCore Access,Not failing,N/A,N/A,Informational,Informational,"Agentic AI security domain: Agent Identity & Access. Unused AgentCore permissions increase the blast radius of compromised principals. Source check AC-03: The following principals have AgentCore permissions but have never accessed the service: role 'AIMLSecurityMemberRole', role 'AwsSecurityAudit', role 'AWSServiceRoleForSupport', role 'cdk-hnb659fds-lookup-role-123456789012-us-east-1', role 'cdk-hnb659fds-lookup-role-123456789012-us-east-2', role 'CloudSecAuditRole', role 'CloudSeerTrustedServiceRole', role 'EpoxyAccessRole', role 'IibsAdminAccess-DO-NOT-DELETE', role 'InternalAuditInternal', role 'Nova-DO-NOT-DELETE', role 'ScoutSuiteRole'","Agentic AI security domain: Agent Identity & Access. Unused AgentCore permissions increase the blast radius of compromised principals. Source check AC-03: The following principals have AgentCore permissions but have never accessed the service: role 'AIMLSecurityMemberRole', role 'AwsSecurityAudit', role 'AWSServiceRoleForSupport', role 'cdk-hnb659fds-lookup-role-123456789012-us-east-1', role 'cdk-hnb659fds-lookup-role-123456789012-us-east-2', role 'CloudSecAuditRole', role 'CloudSeerTrustedServiceRole', role 'EpoxyAccessRole', role 'IibsAdminAccess-DO-NOT-DELETE', role 'InternalAuditInternal', role 'Nova-DO-NOT-DELETE', role 'ScoutSuiteRole'",Remove or restrict stale AgentCore permissions for principals that no longer need access.,https://docs.aws.amazon.com/wellarchitected/latest/agentic-ai-lens/agentic-ai-lens.html,exact,2f6c1a7e-5b3d-4e8a-9c0f-000000000903,2f6c1a7e-5b3d-4e8a-9c0f-000000000927
123456789012,agentic,us-east-1,AG-01,Agentic AI Agent Guardrail Association,Not failing,N/A,N/A,Informational,Informational,Agentic AI security domain: Guardrail Enforcement. Bedrock agents should have guardrails associated so autonomous interactions are filtered consistently. Source check BR-28: No Bedrock agents configured in this region,Agentic AI security domain: Guardrail Enforcement. Bedrock agents should have guardrails associated so autonomous interactions are filtered consistently. Source check BR-28: No Bedrock agents configured in this region,Associate an approved Bedrock guardrail with each Bedrock agent and prepare the agent after updating.,https://docs.aws.amazon.com/wellarchitected/latest/agentic-ai-lens/agentic-ai-lens.html,exact,2f6c1a7e-5b3d-4e8a-9c0f-000000000903,2f6c1a7e-5b3d-4e8a-9c0f-000000000927
123456789012,agentic,us-east-1,AG-02,Agentic AI Harmful Content Guardrail Coverage,Not failing,N/A,N/A,Informational,Informational,Agentic AI security domain: Guardrail Enforcement. Agents should use guardrails that filter harmful content in both intermediate and final responses. Source check BR-23: No Bedrock guardrails configured in this region,Agentic AI security domain: Guardrail Enforcement. Agents should use guardrails that filter harmful content in both intermediate and final responses. Source check BR-23: No Bedrock guardrails configured in this region,Configure guardrails with appropriate content filters and thresholds for all agent-facing workloads.,https://docs.aws.amazon.com/wellarchitected/latest/agentic-ai-lens/agentic-ai-lens.html,exact,2f6c1a7e-5b3d-4e8a-9c0f-000000000903,2f6c1a7e-5b3d-4e8a-9c0f-000000000927
123456789012,agentic,us-east-1,AG-03,Agentic AI Sensitive Information Protection,Not failing,N/A,N/A,Informational,Informational,"Agentic AI security domain: Memory & Data Privacy. Agents can receive and produce sensitive data across conversations, tool calls, and retrieved context. Source check BR-26: No Bedrock guardrails configured in this region","Agentic AI security domain: Memory & Data Privacy. Agents can receive and produce sensitive data across conversations, tool calls, and retrieved context. Source check BR-26: No Bedrock guardrails configured in this region",Configure guardrail sensitive-information filters for PII entities and custom sensitive-data patterns.,https://docs.aws.amazon.com/wellarchitected/latest/agentic-ai-lens/agentic-ai-lens.html,exact,2f6c1a7e-5b3d-4e8a-9c0f-000000000903,2f6c1a7e-5b3d-4e8a-9c0f-000000000927
123456789012,agentic,us-east-1,AG-04,Agentic AI Automated Reasoning Guardrails,Not failing,N/A,N/A,Informational,Informational,Agentic AI security domain: Guardrail Enforcement. Automated reasoning policies help verify agent responses against deterministic business or safety rules. Source check BR-24: No Bedrock guardrails configured in this region,Agentic AI security domain: Guardrail Enforcement. Automated reasoning policies help verify agent responses against deterministic business or safety rules. Source check BR-24: No Bedrock guardrails configured in this region,Configure automated reasoning policies on guardrails where formal response validation is required.,https://docs.aws.amazon.com/wellarchitected/latest/agentic-ai-lens/agentic-ai-lens.html,exact,2f6c1a7e-5b3d-4e8a-9c0f-000000000903,2f6c1a7e-5b3d-4e8a-9c0f-000000000927
123456789012,agentic,us-east-1,AG-05,Agentic AI Grounding Controls,Not failing,N/A,N/A,Informational,Informational,Agentic AI security domain: Prompt & Input Protection. Grounding checks reduce the chance that an agent acts on hallucinated or irrelevant context. Source check BR-27: No Bedrock guardrails configured in this region,Agentic AI security domain: Prompt & Input Protection. Grounding checks reduce the chance that an agent acts on hallucinated or irrelevant context. Source check BR-27: No Bedrock guardrails configured in this region,Enable contextual grounding checks on guardrails for RAG and tool-using agent workflows.,https://docs.aws.amazon.com/wellarchitected/latest/agentic-ai-lens/agentic-ai-lens.html,exact,2f6c1a7e-5b3d-4e8a-9c0f-000000000903,2f6c1a7e-5b3d-4e8a-9c0f-000000000927
123456789012,agentic,us-east-1,AG-06,Agentic AI Tool Execution Least Privilege,Not failing,N/A,N/A,Informational,Informational,Agentic AI security domain: Tool Authorization. Agent action groups are tool execution boundaries; over-permissive roles can let an agent perform unintended operations. Source check BR-21: No Bedrock agents configured in this region,Agentic AI security domain: Tool Authorization. Agent action groups are tool execution boundaries; over-permissive roles can let an agent perform unintended operations. Source check BR-21: No Bedrock agents configured in this region,"Restrict action group Lambda roles and referenced IAM permissions to the specific tools, resources, and actions required.",https://docs.aws.amazon.com/wellarchitected/latest/agentic-ai-lens/agentic-ai-lens.html,exact,2f6c1a7e-5b3d-4e8a-9c0f-000000000903,2f6c1a7e-5b3d-4e8a-9c0f-000000000927
123456789012,agentic,us-east-1,AG-07,Agentic AI Model Invocation Logging,Not failing,N/A,N/A,Informational,Informational,"Agentic AI security domain: Auditability & Observability. Agents can take multi-step actions, so prompt, response, and guardrail traces need to be available for investigation. Source check BR-04: No regional Bedrock resources found to monitor with invocation logging","Agentic AI security domain: Auditability & Observability. Agents can take multi-step actions, so prompt, response, and guardrail traces need to be available for investigation. Source check BR-04: No regional Bedrock resources found to monitor with invocation logging",Enable Amazon Bedrock model invocation logging and retain logs according to your incident response and data governance requirements.,https://docs.aws.amazon.com/wellarchitected/latest/agentic-ai-lens/agentic-ai-lens.html,exact,2f6c1a7e-5b3d-4e8a-9c0f-000000000903,2f6c1a7e-5b3d-4e8a-9c0f-000000000927
123456789012,agentic,us-east-1,AG-08,Agentic AI API Audit Trail,Not failing,N/A,N/A,Informational,Informational,Agentic AI security domain: Auditability & Observability. Agent activity must be attributable through CloudTrail events for Bedrock control plane and runtime operations. Source check BR-06: No regional Bedrock resources found to audit with Bedrock-specific CloudTrail coverage,Agentic AI security domain: Auditability & Observability. Agent activity must be attributable through CloudTrail events for Bedrock control plane and runtime operations. Source check BR-06: No regional Bedrock resources found to audit with Bedrock-specific CloudTrail coverage,Enable CloudTrail trails with management event logging and validate that Bedrock API activity is captured.,https://docs.aws.amazon.com/wellarchitected/latest/agentic-ai-lens/agentic-ai-lens.html,exact,2f6c1a7e-5b3d-4e8a-9c0f-000000000903,2f6c1a7e-5b3d-4e8a-9c0f-000000000927
123456789012,agentic,us-east-1,AG-10,Agentic AI Adversarial Evaluation Coverage,Not failing,N/A,N/A,Informational,Informational,Agentic AI security domain: Prompt & Input Protection. Agentic applications should be tested for adversarial prompts and unsafe behaviors before production use. Source check BR-18: No regional Bedrock resources found to assess with model evaluation jobs,Agentic AI security domain: Prompt & Input Protection. Agentic applications should be tested for adversarial prompts and unsafe behaviors before production use. Source check BR-18: No regional Bedrock resources found to assess with model evaluation jobs,"Configure model or application evaluations that include adversarial, safety, and security-relevant test cases.",https://docs.aws.amazon.com/wellarchitected/latest/agentic-ai-lens/agentic-ai-lens.html,exact,2f6c1a7e-5b3d-4e8a-9c0f-000000000903,2f6c1a7e-5b3d-4e8a-9c0f-000000000927
123456789012,agentic,us-east-1,AG-11,Agentic AI Prompt Flow Validation,Not failing,N/A,N/A,Informational,Informational,Agentic AI security domain: Prompt & Input Protection. Validated prompt flows reduce the risk that malformed orchestration logic causes unsafe agent behavior. Source check BR-19: No Bedrock prompt flows configured in this region,Agentic AI security domain: Prompt & Input Protection. Validated prompt flows reduce the risk that malformed orchestration logic causes unsafe agent behavior. Source check BR-19: No Bedrock prompt flows configured in this region,Validate Bedrock flow definitions before deployment and remediate validation findings before publishing new versions.,https://docs.aws.amazon.com/wellarchitected/latest/agentic-ai-lens/agentic-ai-lens.html,exact,2f6c1a7e-5b3d-4e8a-9c0f-000000000903,2f6c1a7e-5b3d-4e8a-9c0f-000000000927
123456789012,agentic,us-east-1,AG-12,Agentic AI Invocation Abuse Controls,Not failing,N/A,N/A,Informational,Informational,"Agentic AI security domain: Abuse & Cost Protection. Autonomous agents can amplify token usage through retries, loops, or high-volume tool workflows. Source check BR-22: No regional Bedrock resources found to assess model invocation throttling quotas","Agentic AI security domain: Abuse & Cost Protection. Autonomous agents can amplify token usage through retries, loops, or high-volume tool workflows. Source check BR-22: No regional Bedrock resources found to assess model invocation throttling quotas","Configure service quotas, throttling limits, and alerting to detect and limit abnormal model invocation patterns.",https://docs.aws.amazon.com/wellarchitected/latest/agentic-ai-lens/agentic-ai-lens.html,exact,2f6c1a7e-5b3d-4e8a-9c0f-000000000903,2f6c1a7e-5b3d-4e8a-9c0f-000000000927
123456789012,agentic,us-east-1,AG-13,Agentic AI Session Boundary,Not failing,N/A,N/A,Informational,Informational,Agentic AI security domain: Bounded Autonomy. Long-lived idle sessions widen the window for session reuse and unintended continuation of agent context. Source check BR-29: No Bedrock agents configured in this region,Agentic AI security domain: Bounded Autonomy. Long-lived idle sessions widen the window for session reuse and unintended continuation of agent context. Source check BR-29: No Bedrock agents configured in this region,Set a conservative idleSessionTTLInSeconds value for agents based on application session requirements.,https://docs.aws.amazon.com/wellarchitected/latest/agentic-ai-lens/agentic-ai-lens.html,exact,2f6c1a7e-5b3d-4e8a-9c0f-000000000903,2f6c1a7e-5b3d-4e8a-9c0f-000000000927
123456789012,agentic,us-east-1,AG-14,Agentic AI Operational Abuse Alarms,Not failing,N/A,N/A,Informational,Informational,"Agentic AI security domain: Abuse & Cost Protection. CloudWatch alarms help detect anomalous invocation errors, throttling, or volume caused by autonomous workflows. Source check BR-32: No regional Bedrock resources found to monitor with CloudWatch alarms","Agentic AI security domain: Abuse & Cost Protection. CloudWatch alarms help detect anomalous invocation errors, throttling, or volume caused by autonomous workflows. Source check BR-32: No regional Bedrock resources found to monitor with CloudWatch alarms","Configure CloudWatch alarms for Bedrock invocation errors, throttles, latency, and token or request volume where metrics are available.",https://docs.aws.amazon.com/wellarchitected/latest/agentic-ai-lens/agentic-ai-lens.html,exact,2f6c1a7e-5b3d-4e8a-9c0f-000000000903,2f6c1a7e-5b3d-4e8a-9c0f-000000000927
123456789012,agentic,us-east-1,AG-15,Agentic AI Runtime Network Boundary,Not failing,N/A,N/A,Informational,Informational,Agentic AI security domain: Bounded Autonomy. Agent runtimes should execute inside explicit network boundaries to reduce unintended external reachability. Source check AC-01: No AgentCore resources found,Agentic AI security domain: Bounded Autonomy. Agent runtimes should execute inside explicit network boundaries to reduce unintended external reachability. Source check AC-01: No AgentCore resources found,Configure AgentCore runtimes with appropriate VPC settings and restrict network paths to required services.,https://docs.aws.amazon.com/wellarchitected/latest/agentic-ai-lens/agentic-ai-lens.html,exact,2f6c1a7e-5b3d-4e8a-9c0f-000000000903,2f6c1a7e-5b3d-4e8a-9c0f-000000000927
123456789012,agentic,us-east-1,AG-18,Agentic AI AgentCore Observability,Not failing,N/A,N/A,Informational,Informational,"Agentic AI security domain: Auditability & Observability. AgentCore observability provides the telemetry needed to investigate runtime, tool, memory, and gateway behavior. Source check AC-04: No AgentCore resources found","Agentic AI security domain: Auditability & Observability. AgentCore observability provides the telemetry needed to investigate runtime, tool, memory, and gateway behavior. Source check AC-04: No AgentCore resources found","Enable CloudWatch Logs, tracing, and AgentCore observability for runtime and gateway resources where supported.",https://docs.aws.amazon.com/wellarchitected/latest/agentic-ai-lens/agentic-ai-lens.html,exact,2f6c1a7e-5b3d-4e8a-9c0f-000000000903,2f6c1a7e-5b3d-4e8a-9c0f-000000000927
123456789012,agentic,us-east-1,AG-19,Agentic AI Memory Data Protection,Not failing,N/A,N/A,Informational,Informational,Agentic AI security domain: Memory & Data Privacy. Agent memory can contain sensitive user or business context and should use customer-controlled encryption where required. Source check AC-07: No Memory resources found,Agentic AI security domain: Memory & Data Privacy. Agent memory can contain sensitive user or business context and should use customer-controlled encryption where required. Source check AC-07: No Memory resources found,Configure AgentCore memory resources with customer-managed KMS keys and review memory access permissions.,https://docs.aws.amazon.com/wellarchitected/latest/agentic-ai-lens/agentic-ai-lens.html,exact,2f6c1a7e-5b3d-4e8a-9c0f-000000000903,2f6c1a7e-5b3d-4e8a-9c0f-000000000927
123456789012,agentic,us-east-1,AG-20,Agentic AI Private AgentCore Connectivity,Not failing,N/A,N/A,Informational,Informational,Agentic AI security domain: Bounded Autonomy. Private service connectivity reduces exposure for agents that access AgentCore control or runtime services. Source check AC-08: No AgentCore resources found,Agentic AI security domain: Bounded Autonomy. Private service connectivity reduces exposure for agents that access AgentCore control or runtime services. Source check AC-08: No AgentCore resources found,Create required VPC endpoints for AgentCore services and validate endpoint availability.,https://docs.aws.amazon.com/wellarchitected/latest/agentic-ai-lens/agentic-ai-lens.html,exact,2f6c1a7e-5b3d-4e8a-9c0f-000000000903,2f6c1a7e-5b3d-4e8a-9c0f-000000000927
123456789012,agentic,us-east-1,AG-21,Agentic AI Resource Policy Boundary,Not failing,N/A,N/A,Informational,Informational,Agentic AI security domain: Agent Identity & Access. Resource-based policies add a second authorization boundary for AgentCore runtimes and gateways. Source check AC-10: No AgentCore resources found to check for resource-based policies,Agentic AI security domain: Agent Identity & Access. Resource-based policies add a second authorization boundary for AgentCore runtimes and gateways. Source check AC-10: No AgentCore resources found to check for resource-based policies,"Attach resource-based policies to AgentCore resources to constrain principals, accounts, and network sources.",https://docs.aws.amazon.com/wellarchitected/latest/agentic-ai-lens/agentic-ai-lens.html,exact,2f6c1a7e-5b3d-4e8a-9c0f-000000000903,2f6c1a7e-5b3d-4e8a-9c0f-000000000927
123456789012,agentic,us-east-1,AG-22,Agentic AI Policy Engine Data Protection,Not failing,N/A,N/A,Informational,Informational,Agentic AI security domain: Tool Authorization. Policy engines contain authorization logic for tool calls and should be protected with appropriate encryption controls. Source check AC-11: No Policy Engines found,Agentic AI security domain: Tool Authorization. Policy engines contain authorization logic for tool calls and should be protected with appropriate encryption controls. Source check AC-11: No Policy Engines found,Configure policy engines with customer-managed KMS keys where enhanced key control is required.,https://docs.aws.amazon.com/wellarchitected/latest/agentic-ai-lens/agentic-ai-lens.html,exact,2f6c1a7e-5b3d-4e8a-9c0f-000000000903,2f6c1a7e-5b3d-4e8a-9c0f-000000000927
123456789012,agentic,us-east-1,AG-23,Agentic AI Gateway Data Protection,Not failing,N/A,N/A,Informational,Informational,"Agentic AI security domain: Tool Authorization. Gateway configuration can include tool schemas, target definitions, and integration metadata. Source check AC-12: No Gateways found","Agentic AI security domain: Tool Authorization. Gateway configuration can include tool schemas, target definitions, and integration metadata. Source check AC-12: No Gateways found",Configure AgentCore gateways with customer-managed KMS keys where enhanced key control is required.,https://docs.aws.amazon.com/wellarchitected/latest/agentic-ai-lens/agentic-ai-lens.html,exact,2f6c1a7e-5b3d-4e8a-9c0f-000000000903,2f6c1a7e-5b3d-4e8a-9c0f-000000000927
123456789012,agentic,us-east-1,AG-24,Agentic AI Gateway Inbound Authorization,Not failing,N/A,N/A,Informational,Informational,No AgentCore Gateways found,No AgentCore Gateways found,No action required,https://docs.aws.amazon.com/bedrock-agentcore-control/latest/APIReference/API_GetGateway.html,exact,2f6c1a7e-5b3d-4e8a-9c0f-000000000903,2f6c1a7e-5b3d-4e8a-9c0f-000000000927
123456789012,agentic,us-east-1,AG-25,Agentic AI Gateway Tool Policy Enforcement,Not failing,N/A,N/A,Informational,Informational,No AgentCore Gateways found,No AgentCore Gateways found,No action required,https://docs.aws.amazon.com/bedrock-agentcore-control/latest/APIReference/API_GatewayPolicyEngineConfiguration.html,exact,2f6c1a7e-5b3d-4e8a-9c0f-000000000903,2f6c1a7e-5b3d-4e8a-9c0f-000000000927
123456789012,agentic,us-east-1,AG-26,Agentic AI Gateway Error Detail Exposure,Not failing,N/A,N/A,Informational,Informational,No AgentCore Gateways found,No AgentCore Gateways found,No action required,https://docs.aws.amazon.com/bedrock-agentcore-control/latest/APIReference/API_GetGateway.html,exact,2f6c1a7e-5b3d-4e8a-9c0f-000000000903,2f6c1a7e-5b3d-4e8a-9c0f-000000000927
123456789012,agentic,us-east-1,AG-27,Agentic AI Gateway WAF Protection,Not failing,N/A,N/A,Informational,Informational,No AgentCore Gateways found,No AgentCore Gateways found,No action required,https://docs.aws.amazon.com/bedrock-agentcore-control/latest/APIReference/API_GetGateway.html,exact,2f6c1a7e-5b3d-4e8a-9c0f-000000000903,2f6c1a7e-5b3d-4e8a-9c0f-000000000927
123456789012,agentic,us-east-1,AG-28,Agentic AI Identity Token Vault Protection,Resolved,Failed,Passed,High,High,Agentic AI security domain: Agent Identity & Access. Agent credentials stored in the Identity token vault should use customer-controlled encryption where enhanced key control is required. Source check AC-14: AgentCore token vault 'default' uses a service-managed or AWS-owned key.,Agentic AI security domain: Agent Identity & Access. Agent credentials stored in the Identity token vault should use customer-controlled encryption where enhanced key control is required. Source check AC-14: AgentCore token vault 'default' uses a customer-managed KMS key.,Configure the AgentCore Identity token vault with a customer-managed KMS key.,https://docs.aws.amazon.com/wellarchitected/latest/agentic-ai-lens/agentic-ai-lens.html,single-row,2f6c1a7e-5b3d-4e8a-9c0f-000000000903,2f6c1a7e-5b3d-4e8a-9c0f-000000000927
123456789012,agentic,us-east-1,AG-29,Agentic AI Code Interpreter Isolation,Not failing,N/A,N/A,Informational,Informational,Agentic AI security domain: Bounded Autonomy. Agent-executed code should run inside an explicit VPC boundary with controlled network paths. Source check AC-15: No custom AgentCore Code Interpreters found,Agentic AI security domain: Bounded Autonomy. Agent-executed code should run inside an explicit VPC boundary with controlled network paths. Source check AC-15: No custom AgentCore Code Interpreters found,Configure custom AgentCore Code Interpreters in VPC mode with approved subnets and security groups.,https://docs.aws.amazon.com/wellarchitected/latest/agentic-ai-lens/agentic-ai-lens.html,exact,2f6c1a7e-5b3d-4e8a-9c0f-000000000903,2f6c1a7e-5b3d-4e8a-9c0f-000000000927
123456789012,agentic,us-east-1,AG-30,Agentic AI Prompt Attack Protection,Not failing,N/A,N/A,Informational,Informational,Agentic AI security domain: Prompt & Input Protection. Agents should prevent prompt attacks before untrusted input can redirect planning or tool use. Source check BR-34: No Bedrock guardrails configured in this region,Agentic AI security domain: Prompt & Input Protection. Agents should prevent prompt attacks before untrusted input can redirect planning or tool use. Source check BR-34: No Bedrock guardrails configured in this region,Enable a preventive PROMPT_ATTACK input filter on each guardrail and use Standard tier where prompt-leakage protection is required.,https://docs.aws.amazon.com/wellarchitected/latest/agentic-ai-lens/agentic-ai-lens.html,exact,2f6c1a7e-5b3d-4e8a-9c0f-000000000903,2f6c1a7e-5b3d-4e8a-9c0f-000000000927
123456789012,agentic,us-east-1,AG-31,Agentic AI Browser Tool Isolation,Not failing,N/A,N/A,Informational,Informational,Agentic AI security domain: Bounded Autonomy. Browser tools can reach external systems and should use explicit private network boundaries. Source check AC-16: No custom AgentCore browsers found,Agentic AI security domain: Bounded Autonomy. Browser tools can reach external systems and should use explicit private network boundaries. Source check AC-16: No custom AgentCore browsers found,Configure custom AgentCore browsers in VPC mode with approved subnets and security groups.,https://docs.aws.amazon.com/wellarchitected/latest/agentic-ai-lens/agentic-ai-lens.html,exact,2f6c1a7e-5b3d-4e8a-9c0f-000000000903,2f6c1a7e-5b3d-4e8a-9c0f-000000000927
123456789012,agentic,us-east-1,AG-32,Agentic AI Online Evaluation Assurance,Still open,Failed,Failed,Medium,Medium,"Agentic AI security domain: Auditability & Continuous Assurance. Online evaluation provides continuous evidence about agent behavior, quality, and policy-relevant outcomes. Source check AC-17: No AgentCore online evaluation configurations found.","Agentic AI security domain: Auditability & Continuous Assurance. Online evaluation provides continuous evidence about agent behavior, quality, and policy-relevant outcomes. Source check AC-17: No AgentCore online evaluation configurations found.","Configure an active AgentCore online evaluation with sampling, evaluators, CloudWatch input logs, and an output log group.",https://docs.aws.amazon.com/wellarchitected/latest/agentic-ai-lens/agentic-ai-lens.html,exact,2f6c1a7e-5b3d-4e8a-9c0f-000000000903,2f6c1a7e-5b3d-4e8a-9c0f-000000000927
123456789012,agentic,us-east-1,AG-33,Agentic AI Registry Publication Approval Governance,Not failing,N/A,N/A,Informational,Informational,"Agentic AI security domain: Agent Identity & Access. Registry approval workflows control which agents, tools, and skills become discoverable to consumers. Source check AR-03: No AWS Agent Registry registries found.","Agentic AI security domain: Agent Identity & Access. Registry approval workflows control which agents, tools, and skills become discoverable to consumers. Source check AR-03: No AWS Agent Registry registries found.",Require manual review for registry publication where organizational policy does not permit automatic approval.,https://docs.aws.amazon.com/wellarchitected/latest/agentic-ai-lens/agentic-ai-lens.html,exact,2f6c1a7e-5b3d-4e8a-9c0f-000000000903,2f6c1a7e-5b3d-4e8a-9c0f-000000000927
123456789012,agentic,us-east-1,AG-34,Agentic AI Registry Discovery Authorization,Not failing,N/A,N/A,Informational,Informational,Agentic AI security domain: Agent Identity & Access. Registry discovery authorization requires review against intended callers and effective access boundaries. Source check AR-04: No AWS Agent Registry registries found.,Agentic AI security domain: Agent Identity & Access. Registry discovery authorization requires review against intended callers and effective access boundaries. Source check AR-04: No AWS Agent Registry registries found.,"Review effective IAM access or compare custom JWT audiences, clients, scopes, and claims with approved registry consumers.",https://docs.aws.amazon.com/wellarchitected/latest/agentic-ai-lens/agentic-ai-lens.html,exact,2f6c1a7e-5b3d-4e8a-9c0f-000000000903,2f6c1a7e-5b3d-4e8a-9c0f-000000000927
123456789012,agentic,us-east-1,AG-35,Agentic AI Registry Metadata Encryption,Not failing,N/A,N/A,Informational,Informational,"Agentic AI security domain: Memory & Data Privacy. Registry records can contain agent, tool, endpoint, and ownership metadata that benefits from customer-controlled encryption. Source check AR-05: No AWS Agent Registry registries found.","Agentic AI security domain: Memory & Data Privacy. Registry records can contain agent, tool, endpoint, and ownership metadata that benefits from customer-controlled encryption. Source check AR-05: No AWS Agent Registry registries found.",Create the registry with a customer-managed KMS key when organizational policy requires customer-controlled encryption.,https://docs.aws.amazon.com/wellarchitected/latest/agentic-ai-lens/agentic-ai-lens.html,exact,2f6c1a7e-5b3d-4e8a-9c0f-000000000903,2f6c1a7e-5b3d-4e8a-9c0f-000000000927
123456789012,agentic,us-east-1,AG-36,Agentic AI Organization Discovery Coverage,Not failing,N/A,N/A,Informational,Informational,Agentic AI security domain: Auditability & Continuous Assurance. Organization-wide auto-detection provides visibility into unmanaged agent resources. Source check AR-06: No AWS Agent Registry registries found.,Agentic AI security domain: Auditability & Continuous Assurance. Organization-wide auto-detection provides visibility into unmanaged agent resources. Source check AR-06: No AWS Agent Registry registries found.,Enable organization-scoped registry auto-detection where centralized discovery is required.,https://docs.aws.amazon.com/wellarchitected/latest/agentic-ai-lens/agentic-ai-lens.html,exact,2f6c1a7e-5b3d-4e8a-9c0f-000000000903,2f6c1a7e-5b3d-4e8a-9c0f-000000000927
123456789012,agentic,us-east-1,AG-37,Agentic AI Registry Record Lifecycle Governance,Not failing,N/A,N/A,Informational,Informational,Agentic AI security domain: Agent Identity & Access. Registry lifecycle states provide operational visibility but do not independently prove a security control. Source check AR-07: No AWS Agent Registry registries found.,Agentic AI security domain: Agent Identity & Access. Registry lifecycle states provide operational visibility but do not independently prove a security control. Source check AR-07: No AWS Agent Registry registries found.,Review failed or unknown record lifecycle states operationally.,https://docs.aws.amazon.com/wellarchitected/latest/agentic-ai-lens/agentic-ai-lens.html,exact,2f6c1a7e-5b3d-4e8a-9c0f-000000000903,2f6c1a7e-5b3d-4e8a-9c0f-000000000927
123456789012,agentic,us-east-1,AG-38,Agentic AI Registry Record Provenance,Not failing,N/A,N/A,Informational,Informational,Agentic AI security domain: Auditability & Continuous Assurance. Consumers need attributable record origin and source lineage to understand which account and resource produced an entry. Source check AR-08: No AWS Agent Registry registries found.,Agentic AI security domain: Auditability & Continuous Assurance. Consumers need attributable record origin and source lineage to understand which account and resource produced an entry. Source check AR-08: No AWS Agent Registry registries found.,Ensure records retain creator attribution and auto-detected records retain source provenance.,https://docs.aws.amazon.com/wellarchitected/latest/agentic-ai-lens/agentic-ai-lens.html,exact,2f6c1a7e-5b3d-4e8a-9c0f-000000000903,2f6c1a7e-5b3d-4e8a-9c0f-000000000927
123456789012,agentic,us-east-2,AG-01,Agentic AI Agent Guardrail Association,Not failing,N/A,N/A,Informational,Informational,Agentic AI security domain: Guardrail Enforcement. Bedrock agents should have guardrails associated so autonomous interactions are filtered consistently. Source check BR-28: No Bedrock agents configured in this region,Agentic AI security domain: Guardrail Enforcement. Bedrock agents should have guardrails associated so autonomous interactions are filtered consistently. Source check BR-28: No Bedrock agents configured in this region,Associate an approved Bedrock guardrail with each Bedrock agent and prepare the agent after updating.,https://docs.aws.amazon.com/wellarchitected/latest/agentic-ai-lens/agentic-ai-lens.html,exact,2f6c1a7e-5b3d-4e8a-9c0f-000000000903,2f6c1a7e-5b3d-4e8a-9c0f-000000000927
123456789012,agentic,us-east-2,AG-02,Agentic AI Harmful Content Guardrail Coverage,Not failing,N/A,N/A,Informational,Informational,Agentic AI security domain: Guardrail Enforcement. Agents should use guardrails that filter harmful content in both intermediate and final responses. Source check BR-23: No Bedrock guardrails configured in this region,Agentic AI security domain: Guardrail Enforcement. Agents should use guardrails that filter harmful content in both intermediate and final responses. Source check BR-23: No Bedrock guardrails configured in this region,Configure guardrails with appropriate content filters and thresholds for all agent-facing workloads.,https://docs.aws.amazon.com/wellarchitected/latest/agentic-ai-lens/agentic-ai-lens.html,exact,2f6c1a7e-5b3d-4e8a-9c0f-000000000903,2f6c1a7e-5b3d-4e8a-9c0f-000000000927
123456789012,agentic,us-east-2,AG-03,Agentic AI Sensitive Information Protection,Not failing,N/A,N/A,Informational,Informational,"Agentic AI security domain: Memory & Data Privacy. Agents can receive and produce sensitive data across conversations, tool calls, and retrieved context. Source check BR-26: No Bedrock guardrails configured in this region","Agentic AI security domain: Memory & Data Privacy. Agents can receive and produce sensitive data across conversations, tool calls, and retrieved context. Source check BR-26: No Bedrock guardrails configured in this region",Configure guardrail sensitive-information filters for PII entities and custom sensitive-data patterns.,https://docs.aws.amazon.com/wellarchitected/latest/agentic-ai-lens/agentic-ai-lens.html,exact,2f6c1a7e-5b3d-4e8a-9c0f-000000000903,2f6c1a7e-5b3d-4e8a-9c0f-000000000927
123456789012,agentic,us-east-2,AG-04,Agentic AI Automated Reasoning Guardrails,Not failing,N/A,N/A,Informational,Informational,Agentic AI security domain: Guardrail Enforcement. Automated reasoning policies help verify agent responses against deterministic business or safety rules. Source check BR-24: No Bedrock guardrails configured in this region,Agentic AI security domain: Guardrail Enforcement. Automated reasoning policies help verify agent responses against deterministic business or safety rules. Source check BR-24: No Bedrock guardrails configured in this region,Configure automated reasoning policies on guardrails where formal response validation is required.,https://docs.aws.amazon.com/wellarchitected/latest/agentic-ai-lens/agentic-ai-lens.html,exact,2f6c1a7e-5b3d-4e8a-9c0f-000000000903,2f6c1a7e-5b3d-4e8a-9c0f-000000000927
123456789012,agentic,us-east-2,AG-05,Agentic AI Grounding Controls,Not failing,N/A,N/A,Informational,Informational,Agentic AI security domain: Prompt & Input Protection. Grounding checks reduce the chance that an agent acts on hallucinated or irrelevant context. Source check BR-27: No Bedrock guardrails configured in this region,Agentic AI security domain: Prompt & Input Protection. Grounding checks reduce the chance that an agent acts on hallucinated or irrelevant context. Source check BR-27: No Bedrock guardrails configured in this region,Enable contextual grounding checks on guardrails for RAG and tool-using agent workflows.,https://docs.aws.amazon.com/wellarchitected/latest/agentic-ai-lens/agentic-ai-lens.html,exact,2f6c1a7e-5b3d-4e8a-9c0f-000000000903,2f6c1a7e-5b3d-4e8a-9c0f-000000000927
123456789012,agentic,us-east-2,AG-06,Agentic AI Tool Execution Least Privilege,Not failing,N/A,N/A,Informational,Informational,Agentic AI security domain: Tool Authorization. Agent action groups are tool execution boundaries; over-permissive roles can let an agent perform unintended operations. Source check BR-21: No Bedrock agents configured in this region,Agentic AI security domain: Tool Authorization. Agent action groups are tool execution boundaries; over-permissive roles can let an agent perform unintended operations. Source check BR-21: No Bedrock agents configured in this region,"Restrict action group Lambda roles and referenced IAM permissions to the specific tools, resources, and actions required.",https://docs.aws.amazon.com/wellarchitected/latest/agentic-ai-lens/agentic-ai-lens.html,exact,2f6c1a7e-5b3d-4e8a-9c0f-000000000903,2f6c1a7e-5b3d-4e8a-9c0f-000000000927
123456789012,agentic,us-east-2,AG-07,Agentic AI Model Invocation Logging,Not failing,N/A,N/A,Informational,Informational,"Agentic AI security domain: Auditability & Observability. Agents can take multi-step actions, so prompt, response, and guardrail traces need to be available for investigation. Source check BR-04: No regional Bedrock resources found to monitor with invocation logging","Agentic AI security domain: Auditability & Observability. Agents can take multi-step actions, so prompt, response, and guardrail traces need to be available for investigation. Source check BR-04: No regional Bedrock resources found to monitor with invocation logging",Enable Amazon Bedrock model invocation logging and retain logs according to your incident response and data governance requirements.,https://docs.aws.amazon.com/wellarchitected/latest/agentic-ai-lens/agentic-ai-lens.html,exact,2f6c1a7e-5b3d-4e8a-9c0f-000000000903,2f6c1a7e-5b3d-4e8a-9c0f-000000000927
123456789012,agentic,us-east-2,AG-08,Agentic AI API Audit Trail,Not failing,N/A,N/A,Informational,Informational,Agentic AI security domain: Auditability & Observability. Agent activity must be attributable through CloudTrail events for Bedrock control plane and runtime operations. Source check BR-06: No regional Bedrock resources found to audit with Bedrock-specific CloudTrail coverage,Agentic AI security domain: Auditability & Observability. Agent activity must be attributable through CloudTrail events for Bedrock control plane and runtime operations. Source check BR-06: No regional Bedrock resources found to audit with Bedrock-specific CloudTrail coverage,Enable CloudTrail trails with management event logging and validate that Bedrock API activity is captured.,https://docs.aws.amazon.com/wellarchitected/latest/agentic-ai-lens/agentic-ai-lens.html,exact,2f6c1a7e-5b3d-4e8a-9c0f-000000000903,2f6c1a7e-5b3d-4e8a-9c0f-000000000927
123456789012,agentic,us-east-2,AG-10,Agentic AI Adversarial Evaluation Coverage,Not failing,N/A,N/A,Informational,Informational,Agentic AI security domain: Prompt & Input Protection. Agentic applications should be tested for adversarial prompts and unsafe behaviors before production use. Source check BR-18: No regional Bedrock resources found to assess with model evaluation jobs,Agentic AI security domain: Prompt & Input Protection. Agentic applications should be tested for adversarial prompts and unsafe behaviors before production use. Source check BR-18: No regional Bedrock resources found to assess with model evaluation jobs,"Configure model or application evaluations that include adversarial, safety, and security-relevant test cases.",https://docs.aws.amazon.com/wellarchitected/latest/agentic-ai-lens/agentic-ai-lens.html,exact,2f6c1a7e-5b3d-4e8a-9c0f-000000000903,2f6c1a7e-5b3d-4e8a-9c0f-000000000927
123456789012,agentic,us-east-2,AG-11,Agentic AI Prompt Flow Validation,Not failing,N/A,N/A,Informational,Informational,Agentic AI security domain: Prompt & Input Protection. Validated prompt flows reduce the risk that malformed orchestration logic causes unsafe agent behavior. Source check BR-19: No Bedrock prompt flows configured in this region,Agentic AI security domain: Prompt & Input Protection. Validated prompt flows reduce the risk that malformed orchestration logic causes unsafe agent behavior. Source check BR-19: No Bedrock prompt flows configured in this region,Validate Bedrock flow definitions before deployment and remediate validation findings before publishing new versions.,https://docs.aws.amazon.com/wellarchitected/latest/agentic-ai-lens/agentic-ai-lens.html,exact,2f6c1a7e-5b3d-4e8a-9c0f-000000000903,2f6c1a7e-5b3d-4e8a-9c0f-000000000927
123456789012,agentic,us-east-2,AG-12,Agentic AI Invocation Abuse Controls,Not failing,N/A,N/A,Informational,Informational,"Agentic AI security domain: Abuse & Cost Protection. Autonomous agents can amplify token usage through retries, loops, or high-volume tool workflows. Source check BR-22: No regional Bedrock resources found to assess model invocation throttling quotas","Agentic AI security domain: Abuse & Cost Protection. Autonomous agents can amplify token usage through retries, loops, or high-volume tool workflows. Source check BR-22: No regional Bedrock resources found to assess model invocation throttling quotas","Configure service quotas, throttling limits, and alerting to detect and limit abnormal model invocation patterns.",https://docs.aws.amazon.com/wellarchitected/latest/agentic-ai-lens/agentic-ai-lens.html,exact,2f6c1a7e-5b3d-4e8a-9c0f-000000000903,2f6c1a7e-5b3d-4e8a-9c0f-000000000927
123456789012,agentic,us-east-2,AG-13,Agentic AI Session Boundary,Not failing,N/A,N/A,Informational,Informational,Agentic AI security domain: Bounded Autonomy. Long-lived idle sessions widen the window for session reuse and unintended continuation of agent context. Source check BR-29: No Bedrock agents configured in this region,Agentic AI security domain: Bounded Autonomy. Long-lived idle sessions widen the window for session reuse and unintended continuation of agent context. Source check BR-29: No Bedrock agents configured in this region,Set a conservative idleSessionTTLInSeconds value for agents based on application session requirements.,https://docs.aws.amazon.com/wellarchitected/latest/agentic-ai-lens/agentic-ai-lens.html,exact,2f6c1a7e-5b3d-4e8a-9c0f-000000000903,2f6c1a7e-5b3d-4e8a-9c0f-000000000927
123456789012,agentic,us-east-2,AG-14,Agentic AI Operational Abuse Alarms,Not failing,N/A,N/A,Informational,Informational,"Agentic AI security domain: Abuse & Cost Protection. CloudWatch alarms help detect anomalous invocation errors, throttling, or volume caused by autonomous workflows. Source check BR-32: No regional Bedrock resources found to monitor with CloudWatch alarms","Agentic AI security domain: Abuse & Cost Protection. CloudWatch alarms help detect anomalous invocation errors, throttling, or volume caused by autonomous workflows. Source check BR-32: No regional Bedrock resources found to monitor with CloudWatch alarms","Configure CloudWatch alarms for Bedrock invocation errors, throttles, latency, and token or request volume where metrics are available.",https://docs.aws.amazon.com/wellarchitected/latest/agentic-ai-lens/agentic-ai-lens.html,exact,2f6c1a7e-5b3d-4e8a-9c0f-000000000903,2f6c1a7e-5b3d-4e8a-9c0f-000000000927
123456789012,agentic,us-east-2,AG-15,Agentic AI Runtime Network Boundary,Not failing,N/A,N/A,Informational,Informational,Agentic AI security domain: Bounded Autonomy. Agent runtimes should execute inside explicit network boundaries to reduce unintended external reachability. Source check AC-01: No AgentCore resources found,Agentic AI security domain: Bounded Autonomy. Agent runtimes should execute inside explicit network boundaries to reduce unintended external reachability. Source check AC-01: No AgentCore resources found,Configure AgentCore runtimes with appropriate VPC settings and restrict network paths to required services.,https://docs.aws.amazon.com/wellarchitected/latest/agentic-ai-lens/agentic-ai-lens.html,exact,2f6c1a7e-5b3d-4e8a-9c0f-000000000903,2f6c1a7e-5b3d-4e8a-9c0f-000000000927
123456789012,agentic,us-east-2,AG-18,Agentic AI AgentCore Observability,Not failing,N/A,N/A,Informational,Informational,"Agentic AI security domain: Auditability & Observability. AgentCore observability provides the telemetry needed to investigate runtime, tool, memory, and gateway behavior. Source check AC-04: No AgentCore resources found","Agentic AI security domain: Auditability & Observability. AgentCore observability provides the telemetry needed to investigate runtime, tool, memory, and gateway behavior. Source check AC-04: No AgentCore resources found","Enable CloudWatch Logs, tracing, and AgentCore observability for runtime and gateway resources where supported.",https://docs.aws.amazon.com/wellarchitected/latest/agentic-ai-lens/agentic-ai-lens.html,exact,2f6c1a7e-5b3d-4e8a-9c0f-000000000903,2f6c1a7e-5b3d-4e8a-9c0f-000000000927
123456789012,agentic,us-east-2,AG-19,Agentic AI Memory Data Protection,Not failing,N/A,N/A,Informational,Informational,Agentic AI security domain: Memory & Data Privacy. Agent memory can contain sensitive user or business context and should use customer-controlled encryption where required. Source check AC-07: No Memory resources found,Agentic AI security domain: Memory & Data Privacy. Agent memory can contain sensitive user or business context and should use customer-controlled encryption where required. Source check AC-07: No Memory resources found,Configure AgentCore memory resources with customer-managed KMS keys and review memory access permissions.,https://docs.aws.amazon.com/wellarchitected/latest/agentic-ai-lens/agentic-ai-lens.html,exact,2f6c1a7e-5b3d-4e8a-9c0f-000000000903,2f6c1a7e-5b3d-4e8a-9c0f-000000000927
123456789012,agentic,us-east-2,AG-20,Agentic AI Private AgentCore Connectivity,Not failing,N/A,N/A,Informational,Informational,Agentic AI security domain: Bounded Autonomy. Private service connectivity reduces exposure for agents that access AgentCore control or runtime services. Source check AC-08: No AgentCore resources found,Agentic AI security domain: Bounded Autonomy. Private service connectivity reduces exposure for agents that access AgentCore control or runtime services. Source check AC-08: No AgentCore resources found,Create required VPC endpoints for AgentCore services and validate endpoint availability.,https://docs.aws.amazon.com/wellarchitected/latest/agentic-ai-lens/agentic-ai-lens.html,exact,2f6c1a7e-5b3d-4e8a-9c0f-000000000903,2f6c1a7e-5b3d-4e8a-9c0f-000000000927
123456789012,agentic,us-east-2,AG-21,Agentic AI Resource Policy Boundary,Not failing,N/A,N/A,Informational,Informational,Agentic AI security domain: Agent Identity & Access. Resource-based policies add a second authorization boundary for AgentCore runtimes and gateways. Source check AC-10: No AgentCore resources found to check for resource-based policies,Agentic AI security domain: Agent Identity & Access. Resource-based policies add a second authorization boundary for AgentCore runtimes and gateways. Source check AC-10: No AgentCore resources found to check for resource-based policies,"Attach resource-based policies to AgentCore resources to constrain principals, accounts, and network sources.",https://docs.aws.amazon.com/wellarchitected/latest/agentic-ai-lens/agentic-ai-lens.html,exact,2f6c1a7e-5b3d-4e8a-9c0f-000000000903,2f6c1a7e-5b3d-4e8a-9c0f-000000000927
123456789012,agentic,us-east-2,AG-22,Agentic AI Policy Engine Data Protection,Not failing,N/A,N/A,Informational,Informational,Agentic AI security domain: Tool Authorization. Policy engines contain authorization logic for tool calls and should be protected with appropriate encryption controls. Source check AC-11: No Policy Engines found,Agentic AI security domain: Tool Authorization. Policy engines contain authorization logic for tool calls and should be protected with appropriate encryption controls. Source check AC-11: No Policy Engines found,Configure policy engines with customer-managed KMS keys where enhanced key control is required.,https://docs.aws.amazon.com/wellarchitected/latest/agentic-ai-lens/agentic-ai-lens.html,exact,2f6c1a7e-5b3d-4e8a-9c0f-000000000903,2f6c1a7e-5b3d-4e8a-9c0f-000000000927
123456789012,agentic,us-east-2,AG-23,Agentic AI Gateway Data Protection,Not failing,N/A,N/A,Informational,Informational,"Agentic AI security domain: Tool Authorization. Gateway configuration can include tool schemas, target definitions, and integration metadata. Source check AC-12: No Gateways found","Agentic AI security domain: Tool Authorization. Gateway configuration can include tool schemas, target definitions, and integration metadata. Source check AC-12: No Gateways found",Configure AgentCore gateways with customer-managed KMS keys where enhanced key control is required.,https://docs.aws.amazon.com/wellarchitected/latest/agentic-ai-lens/agentic-ai-lens.html,exact,2f6c1a7e-5b3d-4e8a-9c0f-000000000903,2f6c1a7e-5b3d-4e8a-9c0f-000000000927
123456789012,agentic,us-east-2,AG-24,Agentic AI Gateway Inbound Authorization,Not failing,N/A,N/A,Informational,Informational,No AgentCore Gateways found,No AgentCore Gateways found,No action required,https://docs.aws.amazon.com/bedrock-agentcore-control/latest/APIReference/API_GetGateway.html,exact,2f6c1a7e-5b3d-4e8a-9c0f-000000000903,2f6c1a7e-5b3d-4e8a-9c0f-000000000927
123456789012,agentic,us-east-2,AG-25,Agentic AI Gateway Tool Policy Enforcement,Not failing,N/A,N/A,Informational,Informational,No AgentCore Gateways found,No AgentCore Gateways found,No action required,https://docs.aws.amazon.com/bedrock-agentcore-control/latest/APIReference/API_GatewayPolicyEngineConfiguration.html,exact,2f6c1a7e-5b3d-4e8a-9c0f-000000000903,2f6c1a7e-5b3d-4e8a-9c0f-000000000927
123456789012,agentic,us-east-2,AG-26,Agentic AI Gateway Error Detail Exposure,Not failing,N/A,N/A,Informational,Informational,No AgentCore Gateways found,No AgentCore Gateways found,No action required,https://docs.aws.amazon.com/bedrock-agentcore-control/latest/APIReference/API_GetGateway.html,exact,2f6c1a7e-5b3d-4e8a-9c0f-000000000903,2f6c1a7e-5b3d-4e8a-9c0f-000000000927
123456789012,agentic,us-east-2,AG-27,Agentic AI Gateway WAF Protection,Not failing,N/A,N/A,Informational,Informational,No AgentCore Gateways found,No AgentCore Gateways found,No action required,https://docs.aws.amazon.com/bedrock-agentcore-control/latest/APIReference/API_GetGateway.html,exact,2f6c1a7e-5b3d-4e8a-9c0f-000000000903,2f6c1a7e-5b3d-4e8a-9c0f-000000000927
123456789012,agentic,us-east-2,AG-28,Agentic AI Identity Token Vault Protection,Still open,Failed,Failed,High,High,Agentic AI security domain: Agent Identity & Access. Agent credentials stored in the Identity token vault should use customer-controlled encryption where enhanced key control is required. Source check AC-14: AgentCore token vault 'default' uses a service-managed or AWS-owned key.,Agentic AI security domain: Agent Identity & Access. Agent credentials stored in the Identity token vault should use customer-controlled encryption where enhanced key control is required. Source check AC-14: AgentCore token vault 'default' uses a service-managed or AWS-owned key.,Configure the AgentCore Identity token vault with a customer-managed KMS key.,https://docs.aws.amazon.com/wellarchitected/latest/agentic-ai-lens/agentic-ai-lens.html,exact,2f6c1a7e-5b3d-4e8a-9c0f-000000000903,2f6c1a7e-5b3d-4e8a-9c0f-000000000927
123456789012,agentic,us-east-2,AG-29,Agentic AI Code Interpreter Isolation,Not failing,N/A,N/A,Informational,Informational,Agentic AI security domain: Bounded Autonomy. Agent-executed code should run inside an explicit VPC boundary with controlled network paths. Source check AC-15: No custom AgentCore Code Interpreters found,Agentic AI security domain: Bounded Autonomy. Agent-executed code should run inside an explicit VPC boundary with controlled network paths. Source check AC-15: No custom AgentCore Code Interpreters found,Configure custom AgentCore Code Interpreters in VPC mode with approved subnets and security groups.,https://docs.aws.amazon.com/wellarchitected/latest/agentic-ai-lens/agentic-ai-lens.html,exact,2f6c1a7e-5b3d-4e8a-9c0f-000000000903,2f6c1a7e-5b3d-4e8a-9c0f-000000000927
123456789012,agentic,us-east-2,AG-30,Agentic AI Prompt Attack Protection,Not failing,N/A,N/A,Informational,Informational,Agentic AI security domain: Prompt & Input Protection. Agents should prevent prompt attacks before untrusted input can redirect planning or tool use. Source check BR-34: No Bedrock guardrails configured in this region,Agentic AI security domain: Prompt & Input Protection. Agents should prevent prompt attacks before untrusted input can redirect planning or tool use. Source check BR-34: No Bedrock guardrails configured in this region,Enable a preventive PROMPT_ATTACK input filter on each guardrail and use Standard tier where prompt-leakage protection is required.,https://docs.aws.amazon.com/wellarchitected/latest/agentic-ai-lens/agentic-ai-lens.html,exact,2f6c1a7e-5b3d-4e8a-9c0f-000000000903,2f6c1a7e-5b3d-4e8a-9c0f-000000000927
123456789012,agentic,us-east-2,AG-31,Agentic AI Browser Tool Isolation,Not failing,N/A,N/A,Informational,Informational,Agentic AI security domain: Bounded Autonomy. Browser tools can reach external systems and should use explicit private network boundaries. Source check AC-16: No custom AgentCore browsers found,Agentic AI security domain: Bounded Autonomy. Browser tools can reach external systems and should use explicit private network boundaries. Source check AC-16: No custom AgentCore browsers found,Configure custom AgentCore browsers in VPC mode with approved subnets and security groups.,https://docs.aws.amazon.com/wellarchitected/latest/agentic-ai-lens/agentic-ai-lens.html,exact,2f6c1a7e-5b3d-4e8a-9c0f-000000000903,2f6c1a7e-5b3d-4e8a-9c0f-000000000927
123456789012,agentic,us-east-2,AG-32,Agentic AI Online Evaluation Assurance,Still open,Failed,Failed,Medium,Medium,"Agentic AI security domain: Auditability & Continuous Assurance. Online evaluation provides continuous evidence about agent behavior, quality, and policy-relevant outcomes. Source check AC-17: No AgentCore online evaluation configurations found.","Agentic AI security domain: Auditability & Continuous Assurance. Online evaluation provides continuous evidence about agent behavior, quality, and policy-relevant outcomes. Source check AC-17: Online evaluation 'sample-agent-eval' (sample-agent-eval-0001) is missing one or more operational coverage settings.","Configure an active AgentCore online evaluation with sampling, evaluators, CloudWatch input logs, and an output log group.",https://docs.aws.amazon.com/wellarchitected/latest/agentic-ai-lens/agentic-ai-lens.html,single-row,2f6c1a7e-5b3d-4e8a-9c0f-000000000903,2f6c1a7e-5b3d-4e8a-9c0f-000000000927
123456789012,agentic,us-east-2,AG-33,Agentic AI Registry Publication Approval Governance,Not failing,N/A,N/A,Informational,Informational,"Agentic AI security domain: Agent Identity & Access. Registry approval workflows control which agents, tools, and skills become discoverable to consumers. Source check AR-03: Assessment could not enumerate AWS Agent Registry registries: AccessDeniedException (Unauthorized access).","Agentic AI security domain: Agent Identity & Access. Registry approval workflows control which agents, tools, and skills become discoverable to consumers. Source check AR-03: Assessment could not enumerate AWS Agent Registry registries: AccessDeniedException (Unauthorized access).",Require manual review for registry publication where organizational policy does not permit automatic approval.,https://docs.aws.amazon.com/wellarchitected/latest/agentic-ai-lens/agentic-ai-lens.html,exact,2f6c1a7e-5b3d-4e8a-9c0f-000000000903,2f6c1a7e-5b3d-4e8a-9c0f-000000000927
123456789012,agentic,us-east-2,AG-34,Agentic AI Registry Discovery Authorization,Not failing,N/A,N/A,Informational,Informational,Agentic AI security domain: Agent Identity & Access. Registry discovery authorization requires review against intended callers and effective access boundaries. Source check AR-04: Assessment could not enumerate AWS Agent Registry registries: AccessDeniedException (Unauthorized access).,Agentic AI security domain: Agent Identity & Access. Registry discovery authorization requires review against intended callers and effective access boundaries. Source check AR-04: Assessment could not enumerate AWS Agent Registry registries: AccessDeniedException (Unauthorized access).,"Review effective IAM access or compare custom JWT audiences, clients, scopes, and claims with approved registry consumers.",https://docs.aws.amazon.com/wellarchitected/latest/agentic-ai-lens/agentic-ai-lens.html,exact,2f6c1a7e-5b3d-4e8a-9c0f-000000000903,2f6c1a7e-5b3d-4e8a-9c0f-000000000927
123456789012,agentic,us-east-2,AG-35,Agentic AI Registry Metadata Encryption,Not failing,N/A,N/A,Informational,Informational,"Agentic AI security domain: Memory & Data Privacy. Registry records can contain agent, tool, endpoint, and ownership metadata that benefits from customer-controlled encryption. Source check AR-05: Assessment could not enumerate AWS Agent Registry registries: AccessDeniedException (Unauthorized access).","Agentic AI security domain: Memory & Data Privacy. Registry records can contain agent, tool, endpoint, and ownership metadata that benefits from customer-controlled encryption. Source check AR-05: Assessment could not enumerate AWS Agent Registry registries: AccessDeniedException (Unauthorized access).",Create the registry with a customer-managed KMS key when organizational policy requires customer-controlled encryption.,https://docs.aws.amazon.com/wellarchitected/latest/agentic-ai-lens/agentic-ai-lens.html,exact,2f6c1a7e-5b3d-4e8a-9c0f-000000000903,2f6c1a7e-5b3d-4e8a-9c0f-000000000927
123456789012,agentic,us-east-2,AG-36,Agentic AI Organization Discovery Coverage,Not failing,N/A,N/A,Informational,Informational,Agentic AI security domain: Auditability & Continuous Assurance. Organization-wide auto-detection provides visibility into unmanaged agent resources. Source check AR-06: Assessment could not enumerate AWS Agent Registry registries: AccessDeniedException (Unauthorized access).,Agentic AI security domain: Auditability & Continuous Assurance. Organization-wide auto-detection provides visibility into unmanaged agent resources. Source check AR-06: Assessment could not enumerate AWS Agent Registry registries: AccessDeniedException (Unauthorized access).,Enable organization-scoped registry auto-detection where centralized discovery is required.,https://docs.aws.amazon.com/wellarchitected/latest/agentic-ai-lens/agentic-ai-lens.html,exact,2f6c1a7e-5b3d-4e8a-9c0f-000000000903,2f6c1a7e-5b3d-4e8a-9c0f-000000000927
123456789012,agentic,us-east-2,AG-37,Agentic AI Registry Record Lifecycle Governance,Not failing,N/A,N/A,Informational,Informational,Agentic AI security domain: Agent Identity & Access. Registry lifecycle states provide operational visibility but do not independently prove a security control. Source check AR-07: Assessment could not enumerate AWS Agent Registry registries: AccessDeniedException (Unauthorized access).,Agentic AI security domain: Agent Identity & Access. Registry lifecycle states provide operational visibility but do not independently prove a security control. Source check AR-07: Assessment could not enumerate AWS Agent Registry registries: AccessDeniedException (Unauthorized access).,Review failed or unknown record lifecycle states operationally.,https://docs.aws.amazon.com/wellarchitected/latest/agentic-ai-lens/agentic-ai-lens.html,exact,2f6c1a7e-5b3d-4e8a-9c0f-000000000903,2f6c1a7e-5b3d-4e8a-9c0f-000000000927
123456789012,agentic,us-east-2,AG-38,Agentic AI Registry Record Provenance,Not failing,N/A,N/A,Informational,Informational,Agentic AI security domain: Auditability & Continuous Assurance. Consumers need attributable record origin and source lineage to understand which account and resource produced an entry. Source check AR-08: Assessment could not enumerate AWS Agent Registry registries: AccessDeniedException (Unauthorized access).,Agentic AI security domain: Auditability & Continuous Assurance. Consumers need attributable record origin and source lineage to understand which account and resource produced an entry. Source check AR-08: Assessment could not enumerate AWS Agent Registry registries: AccessDeniedException (Unauthorized access).,Ensure records retain creator attribution and auto-detected records retain source provenance.,https://docs.aws.amazon.com/wellarchitected/latest/agentic-ai-lens/agentic-ai-lens.html,exact,2f6c1a7e-5b3d-4e8a-9c0f-000000000903,2f6c1a7e-5b3d-4e8a-9c0f-000000000927
123456789012,agentic,us-west-2,AG-01,Agentic AI Agent Guardrail Association,Not failing,N/A,N/A,Informational,Informational,Agentic AI security domain: Guardrail Enforcement. Bedrock agents should have guardrails associated so autonomous interactions are filtered consistently. Source check BR-28: No Bedrock agents configured in this region,Agentic AI security domain: Guardrail Enforcement. Bedrock agents should have guardrails associated so autonomous interactions are filtered consistently. Source check BR-28: No Bedrock agents configured in this region,Associate an approved Bedrock guardrail with each Bedrock agent and prepare the agent after updating.,https://docs.aws.amazon.com/wellarchitected/latest/agentic-ai-lens/agentic-ai-lens.html,exact,2f6c1a7e-5b3d-4e8a-9c0f-000000000903,2f6c1a7e-5b3d-4e8a-9c0f-000000000927
123456789012,agentic,us-west-2,AG-02,Agentic AI Harmful Content Guardrail Coverage,Not failing,N/A,N/A,Informational,Informational,Agentic AI security domain: Guardrail Enforcement. Agents should use guardrails that filter harmful content in both intermediate and final responses. Source check BR-23: No Bedrock guardrails configured in this region,Agentic AI security domain: Guardrail Enforcement. Agents should use guardrails that filter harmful content in both intermediate and final responses. Source check BR-23: No Bedrock guardrails configured in this region,Configure guardrails with appropriate content filters and thresholds for all agent-facing workloads.,https://docs.aws.amazon.com/wellarchitected/latest/agentic-ai-lens/agentic-ai-lens.html,exact,2f6c1a7e-5b3d-4e8a-9c0f-000000000903,2f6c1a7e-5b3d-4e8a-9c0f-000000000927
123456789012,agentic,us-west-2,AG-03,Agentic AI Sensitive Information Protection,Not failing,N/A,N/A,Informational,Informational,"Agentic AI security domain: Memory & Data Privacy. Agents can receive and produce sensitive data across conversations, tool calls, and retrieved context. Source check BR-26: No Bedrock guardrails configured in this region","Agentic AI security domain: Memory & Data Privacy. Agents can receive and produce sensitive data across conversations, tool calls, and retrieved context. Source check BR-26: No Bedrock guardrails configured in this region",Configure guardrail sensitive-information filters for PII entities and custom sensitive-data patterns.,https://docs.aws.amazon.com/wellarchitected/latest/agentic-ai-lens/agentic-ai-lens.html,exact,2f6c1a7e-5b3d-4e8a-9c0f-000000000903,2f6c1a7e-5b3d-4e8a-9c0f-000000000927
123456789012,agentic,us-west-2,AG-04,Agentic AI Automated Reasoning Guardrails,Not failing,N/A,N/A,Informational,Informational,Agentic AI security domain: Guardrail Enforcement. Automated reasoning policies help verify agent responses against deterministic business or safety rules. Source check BR-24: No Bedrock guardrails configured in this region,Agentic AI security domain: Guardrail Enforcement. Automated reasoning policies help verify agent responses against deterministic business or safety rules. Source check BR-24: No Bedrock guardrails configured in this region,Configure automated reasoning policies on guardrails where formal response validation is required.,https://docs.aws.amazon.com/wellarchitected/latest/agentic-ai-lens/agentic-ai-lens.html,exact,2f6c1a7e-5b3d-4e8a-9c0f-000000000903,2f6c1a7e-5b3d-4e8a-9c0f-000000000927
123456789012,agentic,us-west-2,AG-05,Agentic AI Grounding Controls,Not failing,N/A,N/A,Informational,Informational,Agentic AI security domain: Prompt & Input Protection. Grounding checks reduce the chance that an agent acts on hallucinated or irrelevant context. Source check BR-27: No Bedrock guardrails configured in this region,Agentic AI security domain: Prompt & Input Protection. Grounding checks reduce the chance that an agent acts on hallucinated or irrelevant context. Source check BR-27: No Bedrock guardrails configured in this region,Enable contextual grounding checks on guardrails for RAG and tool-using agent workflows.,https://docs.aws.amazon.com/wellarchitected/latest/agentic-ai-lens/agentic-ai-lens.html,exact,2f6c1a7e-5b3d-4e8a-9c0f-000000000903,2f6c1a7e-5b3d-4e8a-9c0f-000000000927
123456789012,agentic,us-west-2,AG-06,Agentic AI Tool Execution Least Privilege,Not failing,N/A,N/A,Informational,Informational,Agentic AI security domain: Tool Authorization. Agent action groups are tool execution boundaries; over-permissive roles can let an agent perform unintended operations. Source check BR-21: No Bedrock agents configured in this region,Agentic AI security domain: Tool Authorization. Agent action groups are tool execution boundaries; over-permissive roles can let an agent perform unintended operations. Source check BR-21: No Bedrock agents configured in this region,"Restrict action group Lambda roles and referenced IAM permissions to the specific tools, resources, and actions required.",https://docs.aws.amazon.com/wellarchitected/latest/agentic-ai-lens/agentic-ai-lens.html,exact,2f6c1a7e-5b3d-4e8a-9c0f-000000000903,2f6c1a7e-5b3d-4e8a-9c0f-000000000927
123456789012,agentic,us-west-2,AG-07,Agentic AI Model Invocation Logging,Not failing,N/A,N/A,Informational,Informational,"Agentic AI security domain: Auditability & Observability. Agents can take multi-step actions, so prompt, response, and guardrail traces need to be available for investigation. Source check BR-04: No regional Bedrock resources found to monitor with invocation logging","Agentic AI security domain: Auditability & Observability. Agents can take multi-step actions, so prompt, response, and guardrail traces need to be available for investigation. Source check BR-04: No regional Bedrock resources found to monitor with invocation logging",Enable Amazon Bedrock model invocation logging and retain logs according to your incident response and data governance requirements.,https://docs.aws.amazon.com/wellarchitected/latest/agentic-ai-lens/agentic-ai-lens.html,exact,2f6c1a7e-5b3d-4e8a-9c0f-000000000903,2f6c1a7e-5b3d-4e8a-9c0f-000000000927
123456789012,agentic,us-west-2,AG-08,Agentic AI API Audit Trail,Not failing,N/A,N/A,Informational,Informational,Agentic AI security domain: Auditability & Observability. Agent activity must be attributable through CloudTrail events for Bedrock control plane and runtime operations. Source check BR-06: No regional Bedrock resources found to audit with Bedrock-specific CloudTrail coverage,Agentic AI security domain: Auditability & Observability. Agent activity must be attributable through CloudTrail events for Bedrock control plane and runtime operations. Source check BR-06: No regional Bedrock resources found to audit with Bedrock-specific CloudTrail coverage,Enable CloudTrail trails with management event logging and validate that Bedrock API activity is captured.,https://docs.aws.amazon.com/wellarchitected/latest/agentic-ai-lens/agentic-ai-lens.html,exact,2f6c1a7e-5b3d-4e8a-9c0f-000000000903,2f6c1a7e-5b3d-4e8a-9c0f-000000000927
123456789012,agentic,us-west-2,AG-10,Agentic AI Adversarial Evaluation Coverage,Not failing,N/A,N/A,Informational,Informational,Agentic AI security domain: Prompt & Input Protection. Agentic applications should be tested for adversarial prompts and unsafe behaviors before production use. Source check BR-18: No regional Bedrock resources found to assess with model evaluation jobs,Agentic AI security domain: Prompt & Input Protection. Agentic applications should be tested for adversarial prompts and unsafe behaviors before production use. Source check BR-18: No regional Bedrock resources found to assess with model evaluation jobs,"Configure model or application evaluations that include adversarial, safety, and security-relevant test cases.",https://docs.aws.amazon.com/wellarchitected/latest/agentic-ai-lens/agentic-ai-lens.html,exact,2f6c1a7e-5b3d-4e8a-9c0f-000000000903,2f6c1a7e-5b3d-4e8a-9c0f-000000000927
123456789012,agentic,us-west-2,AG-11,Agentic AI Prompt Flow Validation,Not failing,N/A,N/A,Informational,Informational,Agentic AI security domain: Prompt & Input Protection. Validated prompt flows reduce the risk that malformed orchestration logic causes unsafe agent behavior. Source check BR-19: No Bedrock prompt flows configured in this region,Agentic AI security domain: Prompt & Input Protection. Validated prompt flows reduce the risk that malformed orchestration logic causes unsafe agent behavior. Source check BR-19: No Bedrock prompt flows configured in this region,Validate Bedrock flow definitions before deployment and remediate validation findings before publishing new versions.,https://docs.aws.amazon.com/wellarchitected/latest/agentic-ai-lens/agentic-ai-lens.html,exact,2f6c1a7e-5b3d-4e8a-9c0f-000000000903,2f6c1a7e-5b3d-4e8a-9c0f-000000000927
123456789012,agentic,us-west-2,AG-12,Agentic AI Invocation Abuse Controls,Not failing,N/A,N/A,Informational,Informational,"Agentic AI security domain: Abuse & Cost Protection. Autonomous agents can amplify token usage through retries, loops, or high-volume tool workflows. Source check BR-22: No regional Bedrock resources found to assess model invocation throttling quotas","Agentic AI security domain: Abuse & Cost Protection. Autonomous agents can amplify token usage through retries, loops, or high-volume tool workflows. Source check BR-22: No regional Bedrock resources found to assess model invocation throttling quotas","Configure service quotas, throttling limits, and alerting to detect and limit abnormal model invocation patterns.",https://docs.aws.amazon.com/wellarchitected/latest/agentic-ai-lens/agentic-ai-lens.html,exact,2f6c1a7e-5b3d-4e8a-9c0f-000000000903,2f6c1a7e-5b3d-4e8a-9c0f-000000000927
123456789012,agentic,us-west-2,AG-13,Agentic AI Session Boundary,Not failing,N/A,N/A,Informational,Informational,Agentic AI security domain: Bounded Autonomy. Long-lived idle sessions widen the window for session reuse and unintended continuation of agent context. Source check BR-29: No Bedrock agents configured in this region,Agentic AI security domain: Bounded Autonomy. Long-lived idle sessions widen the window for session reuse and unintended continuation of agent context. Source check BR-29: No Bedrock agents configured in this region,Set a conservative idleSessionTTLInSeconds value for agents based on application session requirements.,https://docs.aws.amazon.com/wellarchitected/latest/agentic-ai-lens/agentic-ai-lens.html,exact,2f6c1a7e-5b3d-4e8a-9c0f-000000000903,2f6c1a7e-5b3d-4e8a-9c0f-000000000927
123456789012,agentic,us-west-2,AG-14,Agentic AI Operational Abuse Alarms,Not failing,N/A,N/A,Informational,Informational,"Agentic AI security domain: Abuse & Cost Protection. CloudWatch alarms help detect anomalous invocation errors, throttling, or volume caused by autonomous workflows. Source check BR-32: No regional Bedrock resources found to monitor with CloudWatch alarms","Agentic AI security domain: Abuse & Cost Protection. CloudWatch alarms help detect anomalous invocation errors, throttling, or volume caused by autonomous workflows. Source check BR-32: No regional Bedrock resources found to monitor with CloudWatch alarms","Configure CloudWatch alarms for Bedrock invocation errors, throttles, latency, and token or request volume where metrics are available.",https://docs.aws.amazon.com/wellarchitected/latest/agentic-ai-lens/agentic-ai-lens.html,exact,2f6c1a7e-5b3d-4e8a-9c0f-000000000903,2f6c1a7e-5b3d-4e8a-9c0f-000000000927
123456789012,agentic,us-west-2,AG-15,Agentic AI Runtime Network Boundary,Not failing,N/A,N/A,Informational,Informational,Agentic AI security domain: Bounded Autonomy. Agent runtimes should execute inside explicit network boundaries to reduce unintended external reachability. Source check AC-01: No AgentCore resources found,Agentic AI security domain: Bounded Autonomy. Agent runtimes should execute inside explicit network boundaries to reduce unintended external reachability. Source check AC-01: No AgentCore resources found,Configure AgentCore runtimes with appropriate VPC settings and restrict network paths to required services.,https://docs.aws.amazon.com/wellarchitected/latest/agentic-ai-lens/agentic-ai-lens.html,exact,2f6c1a7e-5b3d-4e8a-9c0f-000000000903,2f6c1a7e-5b3d-4e8a-9c0f-000000000927
123456789012,agentic,us-west-2,AG-18,Agentic AI AgentCore Observability,Not failing,N/A,N/A,Informational,Informational,"Agentic AI security domain: Auditability & Observability. AgentCore observability provides the telemetry needed to investigate runtime, tool, memory, and gateway behavior. Source check AC-04: No AgentCore resources found","Agentic AI security domain: Auditability & Observability. AgentCore observability provides the telemetry needed to investigate runtime, tool, memory, and gateway behavior. Source check AC-04: No AgentCore resources found","Enable CloudWatch Logs, tracing, and AgentCore observability for runtime and gateway resources where supported.",https://docs.aws.amazon.com/wellarchitected/latest/agentic-ai-lens/agentic-ai-lens.html,exact,2f6c1a7e-5b3d-4e8a-9c0f-000000000903,2f6c1a7e-5b3d-4e8a-9c0f-000000000927
123456789012,agentic,us-west-2,AG-19,Agentic AI Memory Data Protection,Not failing,N/A,N/A,Informational,Informational,Agentic AI security domain: Memory & Data Privacy. Agent memory can contain sensitive user or business context and should use customer-controlled encryption where required. Source check AC-07: No Memory resources found,Agentic AI security domain: Memory & Data Privacy. Agent memory can contain sensitive user or business context and should use customer-controlled encryption where required. Source check AC-07: No Memory resources found,Configure AgentCore memory resources with customer-managed KMS keys and review memory access permissions.,https://docs.aws.amazon.com/wellarchitected/latest/agentic-ai-lens/agentic-ai-lens.html,exact,2f6c1a7e-5b3d-4e8a-9c0f-000000000903,2f6c1a7e-5b3d-4e8a-9c0f-000000000927
123456789012,agentic,us-west-2,AG-20,Agentic AI Private AgentCore Connectivity,Not failing,N/A,N/A,Informational,Informational,Agentic AI security domain: Bounded Autonomy. Private service connectivity reduces exposure for agents that access AgentCore control or runtime services. Source check AC-08: No AgentCore resources found,Agentic AI security domain: Bounded Autonomy. Private service connectivity reduces exposure for agents that access AgentCore control or runtime services. Source check AC-08: No AgentCore resources found,Create required VPC endpoints for AgentCore services and validate endpoint availability.,https://docs.aws.amazon.com/wellarchitected/latest/agentic-ai-lens/agentic-ai-lens.html,exact,2f6c1a7e-5b3d-4e8a-9c0f-000000000903,2f6c1a7e-5b3d-4e8a-9c0f-000000000927
123456789012,agentic,us-west-2,AG-21,Agentic AI Resource Policy Boundary,Not failing,N/A,N/A,Informational,Informational,Agentic AI security domain: Agent Identity & Access. Resource-based policies add a second authorization boundary for AgentCore runtimes and gateways. Source check AC-10: No AgentCore resources found to check for resource-based policies,Agentic AI security domain: Agent Identity & Access. Resource-based policies add a second authorization boundary for AgentCore runtimes and gateways. Source check AC-10: No AgentCore resources found to check for resource-based policies,"Attach resource-based policies to AgentCore resources to constrain principals, accounts, and network sources.",https://docs.aws.amazon.com/wellarchitected/latest/agentic-ai-lens/agentic-ai-lens.html,exact,2f6c1a7e-5b3d-4e8a-9c0f-000000000903,2f6c1a7e-5b3d-4e8a-9c0f-000000000927
123456789012,agentic,us-west-2,AG-22,Agentic AI Policy Engine Data Protection,Not failing,N/A,N/A,Informational,Informational,Agentic AI security domain: Tool Authorization. Policy engines contain authorization logic for tool calls and should be protected with appropriate encryption controls. Source check AC-11: No Policy Engines found,Agentic AI security domain: Tool Authorization. Policy engines contain authorization logic for tool calls and should be protected with appropriate encryption controls. Source check AC-11: No Policy Engines found,Configure policy engines with customer-managed KMS keys where enhanced key control is required.,https://docs.aws.amazon.com/wellarchitected/latest/agentic-ai-lens/agentic-ai-lens.html,exact,2f6c1a7e-5b3d-4e8a-9c0f-000000000903,2f6c1a7e-5b3d-4e8a-9c0f-000000000927
123456789012,agentic,us-west-2,AG-23,Agentic AI Gateway Data Protection,Not failing,N/A,N/A,Informational,Informational,"Agentic AI security domain: Tool Authorization. Gateway configuration can include tool schemas, target definitions, and integration metadata. Source check AC-12: No Gateways found","Agentic AI security domain: Tool Authorization. Gateway configuration can include tool schemas, target definitions, and integration metadata. Source check AC-12: No Gateways found",Configure AgentCore gateways with customer-managed KMS keys where enhanced key control is required.,https://docs.aws.amazon.com/wellarchitected/latest/agentic-ai-lens/agentic-ai-lens.html,exact,2f6c1a7e-5b3d-4e8a-9c0f-000000000903,2f6c1a7e-5b3d-4e8a-9c0f-000000000927
123456789012,agentic,us-west-2,AG-24,Agentic AI Gateway Inbound Authorization,Not failing,N/A,N/A,Informational,Informational,No AgentCore Gateways found,No AgentCore Gateways found,No action required,https://docs.aws.amazon.com/bedrock-agentcore-control/latest/APIReference/API_GetGateway.html,exact,2f6c1a7e-5b3d-4e8a-9c0f-000000000903,2f6c1a7e-5b3d-4e8a-9c0f-000000000927
123456789012,agentic,us-west-2,AG-25,Agentic AI Gateway Tool Policy Enforcement,Not failing,N/A,N/A,Informational,Informational,No AgentCore Gateways found,No AgentCore Gateways found,No action required,https://docs.aws.amazon.com/bedrock-agentcore-control/latest/APIReference/API_GatewayPolicyEngineConfiguration.html,exact,2f6c1a7e-5b3d-4e8a-9c0f-000000000903,2f6c1a7e-5b3d-4e8a-9c0f-000000000927
123456789012,agentic,us-west-2,AG-26,Agentic AI Gateway Error Detail Exposure,Not failing,N/A,N/A,Informational,Informational,No AgentCore Gateways found,No AgentCore Gateways found,No action required,https://docs.aws.amazon.com/bedrock-agentcore-control/latest/APIReference/API_GetGateway.html,exact,2f6c1a7e-5b3d-4e8a-9c0f-000000000903,2f6c1a7e-5b3d-4e8a-9c0f-000000000927
123456789012,agentic,us-west-2,AG-27,Agentic AI Gateway WAF Protection,Not failing,N/A,N/A,Informational,Informational,No AgentCore Gateways found,No AgentCore Gateways found,No action required,https://docs.aws.amazon.com/bedrock-agentcore-control/latest/APIReference/API_GetGateway.html,exact,2f6c1a7e-5b3d-4e8a-9c0f-000000000903,2f6c1a7e-5b3d-4e8a-9c0f-000000000927
123456789012,agentic,us-west-2,AG-28,Agentic AI Identity Token Vault Protection,Still open,Failed,Failed,High,High,Agentic AI security domain: Agent Identity & Access. Agent credentials stored in the Identity token vault should use customer-controlled encryption where enhanced key control is required. Source check AC-14: AgentCore token vault 'default' uses a service-managed or AWS-owned key.,Agentic AI security domain: Agent Identity & Access. Agent credentials stored in the Identity token vault should use customer-controlled encryption where enhanced key control is required. Source check AC-14: AgentCore token vault 'default' uses a service-managed or AWS-owned key.,Configure the AgentCore Identity token vault with a customer-managed KMS key.,https://docs.aws.amazon.com/wellarchitected/latest/agentic-ai-lens/agentic-ai-lens.html,exact,2f6c1a7e-5b3d-4e8a-9c0f-000000000903,2f6c1a7e-5b3d-4e8a-9c0f-000000000927
123456789012,agentic,us-west-2,AG-29,Agentic AI Code Interpreter Isolation,Not failing,N/A,N/A,Informational,Informational,Agentic AI security domain: Bounded Autonomy. Agent-executed code should run inside an explicit VPC boundary with controlled network paths. Source check AC-15: No custom AgentCore Code Interpreters found,Agentic AI security domain: Bounded Autonomy. Agent-executed code should run inside an explicit VPC boundary with controlled network paths. Source check AC-15: No custom AgentCore Code Interpreters found,Configure custom AgentCore Code Interpreters in VPC mode with approved subnets and security groups.,https://docs.aws.amazon.com/wellarchitected/latest/agentic-ai-lens/agentic-ai-lens.html,exact,2f6c1a7e-5b3d-4e8a-9c0f-000000000903,2f6c1a7e-5b3d-4e8a-9c0f-000000000927
123456789012,agentic,us-west-2,AG-30,Agentic AI Prompt Attack Protection,Not failing,N/A,N/A,Informational,Informational,Agentic AI security domain: Prompt & Input Protection. Agents should prevent prompt attacks before untrusted input can redirect planning or tool use. Source check BR-34: No Bedrock guardrails configured in this region,Agentic AI security domain: Prompt & Input Protection. Agents should prevent prompt attacks before untrusted input can redirect planning or tool use. Source check BR-34: No Bedrock guardrails configured in this region,Enable a preventive PROMPT_ATTACK input filter on each guardrail and use Standard tier where prompt-leakage protection is required.,https://docs.aws.amazon.com/wellarchitected/latest/agentic-ai-lens/agentic-ai-lens.html,exact,2f6c1a7e-5b3d-4e8a-9c0f-000000000903,2f6c1a7e-5b3d-4e8a-9c0f-000000000927
123456789012,agentic,us-west-2,AG-31,Agentic AI Browser Tool Isolation,Not failing,N/A,N/A,Informational,Informational,Agentic AI security domain: Bounded Autonomy. Browser tools can reach external systems and should use explicit private network boundaries. Source check AC-16: No custom AgentCore browsers found,Agentic AI security domain: Bounded Autonomy. Browser tools can reach external systems and should use explicit private network boundaries. Source check AC-16: No custom AgentCore browsers found,Configure custom AgentCore browsers in VPC mode with approved subnets and security groups.,https://docs.aws.amazon.com/wellarchitected/latest/agentic-ai-lens/agentic-ai-lens.html,exact,2f6c1a7e-5b3d-4e8a-9c0f-000000000903,2f6c1a7e-5b3d-4e8a-9c0f-000000000927
123456789012,agentic,us-west-2,AG-32,Agentic AI Online Evaluation Assurance,Still open,Failed,Failed,Medium,Medium,"Agentic AI security domain: Auditability & Continuous Assurance. Online evaluation provides continuous evidence about agent behavior, quality, and policy-relevant outcomes. Source check AC-17: No AgentCore online evaluation configurations found.","Agentic AI security domain: Auditability & Continuous Assurance. Online evaluation provides continuous evidence about agent behavior, quality, and policy-relevant outcomes. Source check AC-17: No AgentCore online evaluation configurations found.","Configure an active AgentCore online evaluation with sampling, evaluators, CloudWatch input logs, and an output log group.",https://docs.aws.amazon.com/wellarchitected/latest/agentic-ai-lens/agentic-ai-lens.html,exact,2f6c1a7e-5b3d-4e8a-9c0f-000000000903,2f6c1a7e-5b3d-4e8a-9c0f-000000000927
123456789012,agentic,us-west-2,AG-33,Agentic AI Registry Publication Approval Governance,Not failing,N/A,N/A,Informational,Informational,"Agentic AI security domain: Agent Identity & Access. Registry approval workflows control which agents, tools, and skills become discoverable to consumers. Source check AR-03: No AWS Agent Registry registries found.","Agentic AI security domain: Agent Identity & Access. Registry approval workflows control which agents, tools, and skills become discoverable to consumers. Source check AR-03: No AWS Agent Registry registries found.",Require manual review for registry publication where organizational policy does not permit automatic approval.,https://docs.aws.amazon.com/wellarchitected/latest/agentic-ai-lens/agentic-ai-lens.html,exact,2f6c1a7e-5b3d-4e8a-9c0f-000000000903,2f6c1a7e-5b3d-4e8a-9c0f-000000000927
123456789012,agentic,us-west-2,AG-34,Agentic AI Registry Discovery Authorization,Not failing,N/A,N/A,Informational,Informational,Agentic AI security domain: Agent Identity & Access. Registry discovery authorization requires review against intended callers and effective access boundaries. Source check AR-04: No AWS Agent Registry registries found.,Agentic AI security domain: Agent Identity & Access. Registry discovery authorization requires review against intended callers and effective access boundaries. Source check AR-04: No AWS Agent Registry registries found.,"Review effective IAM access or compare custom JWT audiences, clients, scopes, and claims with approved registry consumers.",https://docs.aws.amazon.com/wellarchitected/latest/agentic-ai-lens/agentic-ai-lens.html,exact,2f6c1a7e-5b3d-4e8a-9c0f-000000000903,2f6c1a7e-5b3d-4e8a-9c0f-000000000927
123456789012,agentic,us-west-2,AG-35,Agentic AI Registry Metadata Encryption,Not failing,N/A,N/A,Informational,Informational,"Agentic AI security domain: Memory & Data Privacy. Registry records can contain agent, tool, endpoint, and ownership metadata that benefits from customer-controlled encryption. Source check AR-05: No AWS Agent Registry registries found.","Agentic AI security domain: Memory & Data Privacy. Registry records can contain agent, tool, endpoint, and ownership metadata that benefits from customer-controlled encryption. Source check AR-05: No AWS Agent Registry registries found.",Create the registry with a customer-managed KMS key when organizational policy requires customer-controlled encryption.,https://docs.aws.amazon.com/wellarchitected/latest/agentic-ai-lens/agentic-ai-lens.html,exact,2f6c1a7e-5b3d-4e8a-9c0f-000000000903,2f6c1a7e-5b3d-4e8a-9c0f-000000000927
123456789012,agentic,us-west-2,AG-36,Agentic AI Organization Discovery Coverage,Not failing,N/A,N/A,Informational,Informational,Agentic AI security domain: Auditability & Continuous Assurance. Organization-wide auto-detection provides visibility into unmanaged agent resources. Source check AR-06: No AWS Agent Registry registries found.,Agentic AI security domain: Auditability & Continuous Assurance. Organization-wide auto-detection provides visibility into unmanaged agent resources. Source check AR-06: No AWS Agent Registry registries found.,Enable organization-scoped registry auto-detection where centralized discovery is required.,https://docs.aws.amazon.com/wellarchitected/latest/agentic-ai-lens/agentic-ai-lens.html,exact,2f6c1a7e-5b3d-4e8a-9c0f-000000000903,2f6c1a7e-5b3d-4e8a-9c0f-000000000927
123456789012,agentic,us-west-2,AG-37,Agentic AI Registry Record Lifecycle Governance,Not failing,N/A,N/A,Informational,Informational,Agentic AI security domain: Agent Identity & Access. Registry lifecycle states provide operational visibility but do not independently prove a security control. Source check AR-07: No AWS Agent Registry registries found.,Agentic AI security domain: Agent Identity & Access. Registry lifecycle states provide operational visibility but do not independently prove a security control. Source check AR-07: No AWS Agent Registry registries found.,Review failed or unknown record lifecycle states operationally.,https://docs.aws.amazon.com/wellarchitected/latest/agentic-ai-lens/agentic-ai-lens.html,exact,2f6c1a7e-5b3d-4e8a-9c0f-000000000903,2f6c1a7e-5b3d-4e8a-9c0f-000000000927
123456789012,agentic,us-west-2,AG-38,Agentic AI Registry Record Provenance,Not failing,N/A,N/A,Informational,Informational,Agentic AI security domain: Auditability & Continuous Assurance. Consumers need attributable record origin and source lineage to understand which account and resource produced an entry. Source check AR-08: No AWS Agent Registry registries found.,Agentic AI security domain: Auditability & Continuous Assurance. Consumers need attributable record origin and source lineage to understand which account and resource produced an entry. Source check AR-08: No AWS Agent Registry registries found.,Ensure records retain creator attribution and auto-detected records retain source provenance.,https://docs.aws.amazon.com/wellarchitected/latest/agentic-ai-lens/agentic-ai-lens.html,exact,2f6c1a7e-5b3d-4e8a-9c0f-000000000903,2f6c1a7e-5b3d-4e8a-9c0f-000000000927
123456789012,responsible-ai-grc,Global,FS-01,AWS Shield Advanced Not Enabled,Still open,Failed,Failed,Low,Low,AWS Shield Advanced is not subscribed. GenAI API endpoints are vulnerable to volumetric DDoS attacks that can exhaust token quotas and inflate costs.,AWS Shield Advanced is not subscribed. GenAI API endpoints are vulnerable to volumetric DDoS attacks that can exhaust token quotas and inflate costs.,"1. Subscribe to AWS Shield Advanced for DDoS protection.
2. After subscribing, explicitly add resource protections in the Shield Advanced console for each Bedrock-facing resource (API Gateway stages, ALBs, CloudFront distributions, Route 53 hosted zones). Shield Advanced subscription alone does NOT automatically protect resources — each resource must be individually added to receive protection.
3. Enable Shield Response Team (SRT) access and configure proactive engagement.
4. Alternatively, use AWS Firewall Manager with a Shield Advanced policy to automate resource protection based on tags or resource types.",https://docs.aws.amazon.com/waf/latest/developerguide/shield-chapter.html,exact,2f6c1a7e-5b3d-4e8a-9c0f-000000000903,2f6c1a7e-5b3d-4e8a-9c0f-000000000927
123456789012,responsible-ai-grc,Global,FS-01,No Regional WAF Web ACLs Found,Still open,Failed,Failed,Medium,Medium,"No AWS WAF regional Web ACLs found. Without WAF, GenAI endpoints lack rate-based rules to block abusive callers.","No AWS WAF regional Web ACLs found. Without WAF, GenAI endpoints lack rate-based rules to block abusive callers.","1. Create a WAF Web ACL with rate-based rules (e.g., 1000 req/5 min per IP).
2. Associate the ACL with API Gateway stages or ALBs fronting Bedrock.
3. Add AWS Managed Rules for known bad inputs.",https://docs.aws.amazon.com/waf/latest/developerguide/waf-chapter.html,exact,2f6c1a7e-5b3d-4e8a-9c0f-000000000903,2f6c1a7e-5b3d-4e8a-9c0f-000000000927
123456789012,responsible-ai-grc,Global,FS-02,No API Gateway Usage Plans Found,Not failing,N/A,N/A,Informational,Informational,No usage plans configured. GenAI API endpoints may have no rate limits.,No usage plans configured. GenAI API endpoints may have no rate limits.,Create API Gateway usage plans with throttle settings (rateLimit and burstLimit) for all Bedrock-facing APIs.,https://docs.aws.amazon.com/apigateway/latest/developerguide/api-gateway-request-throttling.html,exact,2f6c1a7e-5b3d-4e8a-9c0f-000000000903,2f6c1a7e-5b3d-4e8a-9c0f-000000000927
123456789012,responsible-ai-grc,Global,FS-03,Bedrock Token Quotas Customized,Not failing,Passed,Passed,Medium,Medium,"Found 266 Bedrock token-based quota(s); at least one applied value exceeds the AWS default, indicating quotas have been reviewed and raised.","Found 266 Bedrock token-based quota(s); at least one applied value exceeds the AWS default, indicating quotas have been reviewed and raised.",No action required. Periodically re-review quotas against expected peak load.,https://docs.aws.amazon.com/bedrock/latest/userguide/quotas.html,exact,2f6c1a7e-5b3d-4e8a-9c0f-000000000903,2f6c1a7e-5b3d-4e8a-9c0f-000000000927
123456789012,responsible-ai-grc,Global,FS-04,No Cost Anomaly Detection Monitors,Still open,Failed,Failed,Medium,Medium,"No AWS Cost Anomaly Detection monitors found. Unexpected spikes in Bedrock/SageMaker usage (e.g., from prompt injection loops) will go undetected.","No AWS Cost Anomaly Detection monitors found. Unexpected spikes in Bedrock/SageMaker usage (e.g., from prompt injection loops) will go undetected.","1. Create a Cost Anomaly Detection monitor scoped to AWS/Bedrock and AWS/SageMaker.
2. Configure alert subscriptions (SNS/email) for anomalies above threshold.
3. Set daily spend budgets with AWS Budgets as a secondary control.",https://docs.aws.amazon.com/cost-management/latest/userguide/getting-started-ad.html,exact,2f6c1a7e-5b3d-4e8a-9c0f-000000000903,2f6c1a7e-5b3d-4e8a-9c0f-000000000927
123456789012,responsible-ai-grc,Global,FS-05,No Bedrock CloudWatch Alarms Found,Still open,Failed,Failed,Medium,Medium,No CloudWatch alarms found for Bedrock metrics. Token exhaustion and throttling events will not trigger operational alerts.,No CloudWatch alarms found for Bedrock metrics. Token exhaustion and throttling events will not trigger operational alerts.,"Create CloudWatch alarms for:
- AWS/Bedrock InvocationThrottles (threshold > 0)
- AWS/Bedrock TokensProcessed (threshold based on quota)
- Custom application-level token counters via EMF",https://docs.aws.amazon.com/bedrock/latest/userguide/monitoring-runtime-metrics.html,exact,2f6c1a7e-5b3d-4e8a-9c0f-000000000903,2f6c1a7e-5b3d-4e8a-9c0f-000000000927
123456789012,responsible-ai-grc,Global,FS-06,No AI/ML Service Budgets Configured,Still open,Failed,Failed,Medium,Medium,No AWS Budgets found scoped to Bedrock or SageMaker. Unbounded GenAI spend can go undetected until the monthly bill.,No AWS Budgets found scoped to Bedrock or SageMaker. Unbounded GenAI spend can go undetected until the monthly bill.,"1. Create cost budgets for AWS Bedrock and SageMaker with 80%/100% alert thresholds.
2. Add SNS notifications to on-call channels.
3. Consider budget actions to apply IAM deny policies when thresholds are breached.",https://docs.aws.amazon.com/cost-management/latest/userguide/budgets-managing-costs.html,exact,2f6c1a7e-5b3d-4e8a-9c0f-000000000903,2f6c1a7e-5b3d-4e8a-9c0f-000000000927
123456789012,responsible-ai-grc,Global,FS-07,Agent Action Boundary Check,Not failing,N/A,N/A,Informational,Informational,No Bedrock agents found.,No Bedrock agents found.,No action required.,https://docs.aws.amazon.com/bedrock/latest/userguide/agents-permissions.html,exact,2f6c1a7e-5b3d-4e8a-9c0f-000000000903,2f6c1a7e-5b3d-4e8a-9c0f-000000000927
123456789012,responsible-ai-grc,Global,FS-08,No AgentCore Runtimes Found,Not failing,N/A,N/A,Informational,Informational,No AgentCore runtimes found; inbound authorizer check not applicable.,No AgentCore runtimes found; inbound authorizer check not applicable.,"If using AgentCore, configure an inbound authorizer on each runtime.",https://docs.aws.amazon.com/bedrock-agentcore/latest/devguide/runtime-oauth.html,exact,2f6c1a7e-5b3d-4e8a-9c0f-000000000903,2f6c1a7e-5b3d-4e8a-9c0f-000000000927
123456789012,responsible-ai-grc,Global,FS-09,Agent Lambda Functions Without Concurrency Limits,Still open,Failed,Failed,Medium,Medium,"Agent-related Lambda functions without reserved concurrency: aiml-security-aiml-sec-123456789012-AgentCoreAssessment, aiml-security-aiml-sec-123456789012-CleanupBucket, aiml-security-aiml-sec-123456789012-ResolveRegions, aiml-security-aiml-sec-123456789012-SagemakerAssessment, aiml-security-aiml-sec-123456789012-GenerateReport, aiml-security-aiml-sec-123456789012-AgentRegistryAssessment, aiml-security-aiml-sec-123456789012-RAIGRCAssessment, aiml-security-aiml-sec-123456789012-BedrockAssessment, AIML-Standalone-CodeBuildStartBuildLambda-eAzlGvTTrtQW, aiml-security-aiml-sec-123456789012-IAMPermissionCaching. Unlimited concurrency allows runaway agent loops to exhaust account limits.","Agent-related Lambda functions without reserved concurrency: aiml-security-aiml-sec-123456789012-AgentCoreAssessment, aiml-security-aiml-sec-123456789012-CleanupBucket, aiml-security-aiml-sec-123456789012-ResolveRegions, aiml-security-aiml-sec-123456789012-SagemakerAssessment, aiml-security-aiml-sec-123456789012-GenerateReport, aiml-security-aiml-sec-123456789012-AgentRegistryAssessment, aiml-security-aiml-sec-123456789012-RAIGRCAssessment, aiml-security-aiml-sec-123456789012-BedrockAssessment, AIML-Standalone-CodeBuildStartBuildLambda-eAzlGvTTrtQW, aiml-security-aiml-sec-123456789012-IAMPermissionCaching. Unlimited concurrency allows runaway agent loops to exhaust account limits.","1. Set reserved concurrency on agent Lambda functions.
2. Implement maximum iteration counts in agent orchestration logic.
3. Use Step Functions with MaxConcurrency and timeout states.
4. Add circuit-breaker patterns to agent tool invocations.",https://docs.aws.amazon.com/lambda/latest/dg/configuration-concurrency.html,exact,2f6c1a7e-5b3d-4e8a-9c0f-000000000903,2f6c1a7e-5b3d-4e8a-9c0f-000000000927
123456789012,responsible-ai-grc,Global,FS-10,Human-in-the-Loop Check — No Agent Workflows Found,Not failing,N/A,N/A,Informational,Informational,"No Step Functions state machines with agent/approval naming found. Verify that high-risk agent actions (e.g., fund transfers, account changes) have human approval gates.","No Step Functions state machines with agent/approval naming found. Verify that high-risk agent actions (e.g., fund transfers, account changes) have human approval gates.",Implement Step Functions .waitForTaskToken patterns for high-risk agent actions. Route approval requests to human reviewers via SNS/SES/Slack.,https://docs.aws.amazon.com/step-functions/latest/dg/connect-to-resource.html#connect-wait-token,exact,2f6c1a7e-5b3d-4e8a-9c0f-000000000903,2f6c1a7e-5b3d-4e8a-9c0f-000000000927
123456789012,responsible-ai-grc,Global,FS-11,No Agent Rate Alarms Found,Still open,Failed,Failed,Medium,Medium,No CloudWatch alarms found for agent invocation rates. Looping or runaway agents will not trigger operational alerts.,No CloudWatch alarms found for agent invocation rates. Looping or runaway agents will not trigger operational alerts.,"Create CloudWatch alarms on:
- Bedrock agent invocation counts (threshold based on expected max)
- Lambda invocation errors for agent functions
- Step Functions execution failures and timeouts",https://docs.aws.amazon.com/bedrock/latest/userguide/monitoring-agents-cw-metrics.html,exact,2f6c1a7e-5b3d-4e8a-9c0f-000000000903,2f6c1a7e-5b3d-4e8a-9c0f-000000000927
123456789012,responsible-ai-grc,Global,FS-12,No Bedrock-Scoped SCPs Found,Still open,Failed,Failed,High,High,"No Service Control Policies reference Bedrock. Without SCPs, any account in the organization can access any Bedrock model, including unapproved third-party models.","No Service Control Policies reference Bedrock. Without SCPs, any account in the organization can access any Bedrock model, including unapproved third-party models.","1. Create an SCP that denies bedrock:InvokeModel, bedrock:InvokeModelWithResponseStream, and bedrock:CreateModelInvocationJob outside approved model access.
2. Use Resource or NotResource with approved foundation-model, custom-model, provisioned-model, and inference-profile ARNs to express the allowlist.
3. Maintain a model inventory and update the SCP when models are approved/retired.",https://docs.aws.amazon.com/bedrock/latest/userguide/security_iam_id-based-policy-examples.html,exact,2f6c1a7e-5b3d-4e8a-9c0f-000000000903,2f6c1a7e-5b3d-4e8a-9c0f-000000000927
123456789012,responsible-ai-grc,Global,FS-13,Model Provenance Tags Present,Not failing,Passed,Passed,Medium,Medium,All reviewed models have required provenance tags.,All reviewed models have required provenance tags.,No action required.,https://docs.aws.amazon.com/bedrock/latest/userguide/tagging.html,exact,2f6c1a7e-5b3d-4e8a-9c0f-000000000903,2f6c1a7e-5b3d-4e8a-9c0f-000000000927
123456789012,responsible-ai-grc,Global,FS-14,Model Governance Config Rules Present,Not failing,Passed,Passed,Medium,Medium,Found 11 model-related Config rule(s).,Found 11 model-related Config rule(s).,No action required.,https://docs.aws.amazon.com/config/latest/developerguide/evaluate-config.html,exact,2f6c1a7e-5b3d-4e8a-9c0f-000000000903,2f6c1a7e-5b3d-4e8a-9c0f-000000000927
123456789012,responsible-ai-grc,Global,FS-15,No Bedrock Evaluation Jobs Found,Still open,Failed,Failed,Medium,Medium,No Bedrock Model Evaluation jobs found. Models have not been evaluated for adversarial robustness. Model-risk management (SR 11-7) expects documented model validation/evaluation.,No Bedrock Model Evaluation jobs found. Models have not been evaluated for adversarial robustness. Model-risk management (SR 11-7) expects documented model validation/evaluation.,"1. Run Bedrock Model Evaluation with adversarial/red-team datasets.
2. Use FMEval library for automated robustness testing.
3. Schedule periodic re-evaluation after model updates.",https://docs.aws.amazon.com/bedrock/latest/userguide/evaluation-automatic.html,exact,2f6c1a7e-5b3d-4e8a-9c0f-000000000903,2f6c1a7e-5b3d-4e8a-9c0f-000000000927
123456789012,responsible-ai-grc,Global,FS-16,ECR Image Scanning Covered by Inspector Enhanced Scanning,Not failing,Passed,Passed,High,High,"Amazon Inspector enhanced scanning for ECR is ENABLED account-wide, so all 2 repository(ies) are continuously scanned. 1 repository(ies) do not set scan-on-push (cdk-hnb659fds-container-assets-123456789012-us-east-1), which is expected when enhanced scanning supersedes basic scanning.","Amazon Inspector enhanced scanning for ECR is ENABLED account-wide, so all 2 repository(ies) are continuously scanned. 1 repository(ies) do not set scan-on-push (cdk-hnb659fds-container-assets-123456789012-us-east-1), which is expected when enhanced scanning supersedes basic scanning.","No action required while Inspector enhanced scanning stays enabled. If it is disabled, enable scan-on-push per repository.",https://docs.aws.amazon.com/AmazonECR/latest/userguide/image-scanning.html,exact,2f6c1a7e-5b3d-4e8a-9c0f-000000000903,2f6c1a7e-5b3d-4e8a-9c0f-000000000927
123456789012,responsible-ai-grc,Global,FS-20,No SageMaker Feature Groups Found,Not failing,N/A,N/A,Informational,Informational,No SageMaker Feature Store groups found.,No SageMaker Feature Store groups found.,No action required.,https://docs.aws.amazon.com/sagemaker/latest/dg/feature-store.html,exact,2f6c1a7e-5b3d-4e8a-9c0f-000000000903,2f6c1a7e-5b3d-4e8a-9c0f-000000000927
123456789012,responsible-ai-grc,Global,FS-21,No Training Data Buckets Identified,Not failing,N/A,N/A,Informational,Informational,No S3 buckets with training/model naming found.,No S3 buckets with training/model naming found.,Tag training data buckets and enable versioning.,https://docs.aws.amazon.com/AmazonS3/latest/userguide/Versioning.html,exact,2f6c1a7e-5b3d-4e8a-9c0f-000000000903,2f6c1a7e-5b3d-4e8a-9c0f-000000000927
123456789012,responsible-ai-grc,Global,FS-22,Overly Permissive Knowledge Base IAM Roles,Still open,Failed,Failed,High,High,"787 role(s) with wildcard KB permissions:
- Role 'Admin' allows '*'
- Role 'aiml-sec-123456789012-BedrockSecurityAssessmentFunc-sl8sQor1MSud' allows 'bedrock:ListGuardrails' on Resource '*' (no ARN scoping to specific Knowledge Bases)
- Role 'aiml-sec-123456789012-BedrockSecurityAssessmentFunc-sl8sQor1MSud' allows 'bedrock:GetGuardrail' on Resource '*' (no ARN scoping to specific Knowledge Bases)
- Role 'aiml-sec-123456789012-BedrockSecurityAssessmentFunc-sl8sQor1MSud' allows 'bedrock:GetModelInvocationLoggingConfiguration' on Resource '*' (no ARN scoping to specific Knowledge Bases)
- Role 'aiml-sec-123456789012-BedrockSecurityAssessmentFunc-sl8sQor1MSud' allows 'bedrock:ListPrompts' on Resource '*' (no ARN scoping to specific Knowledge Bases)
- Role 'aiml-sec-123456789012-BedrockSecurityAssessmentFunc-sl8sQor1MSud' allows 'bedrock:GetPrompt' on Resource '*' (no ARN scoping to specific Knowledge Bases)
- Role 'aiml-sec-123456789012-BedrockSecurityAssessmentFunc-sl8sQor1MSud' allows 'bedrock:ListAgents' on Resource '*' (no ARN scoping to specific Knowledge Bases)
- Role 'aiml-sec-123456789012-BedrockSecurityAssessmentFunc-sl8sQor1MSud' allows 'bedrock:GetAgent' on Resource '*' (no ARN scoping to specific Knowledge Bases)
- Role 'aiml-sec-123456789012-BedrockSecurityAssessmentFunc-sl8sQor1MSud' allows 'bedrock:ListCustomModels' on Resource '*' (no ARN scoping to specific Knowledge Bases)
- Role 'aiml-sec-123456789012-BedrockSecurityAssessmentFunc-sl8sQor1MSud' allows 'bedrock:GetCustomModel' on Resource '*' (no ARN scoping to specific Knowledge Bases)","787 role(s) with wildcard KB permissions:
- Role 'Admin' allows '*'
- Role 'aiml-sec-123456789012-BedrockSecurityAssessmentFunc-sl8sQor1MSud' allows 'bedrock:ListGuardrails' on Resource '*' (no ARN scoping to specific Knowledge Bases)
- Role 'aiml-sec-123456789012-BedrockSecurityAssessmentFunc-sl8sQor1MSud' allows 'bedrock:GetGuardrail' on Resource '*' (no ARN scoping to specific Knowledge Bases)
- Role 'aiml-sec-123456789012-BedrockSecurityAssessmentFunc-sl8sQor1MSud' allows 'bedrock:GetModelInvocationLoggingConfiguration' on Resource '*' (no ARN scoping to specific Knowledge Bases)
- Role 'aiml-sec-123456789012-BedrockSecurityAssessmentFunc-sl8sQor1MSud' allows 'bedrock:ListPrompts' on Resource '*' (no ARN scoping to specific Knowledge Bases)
- Role 'aiml-sec-123456789012-BedrockSecurityAssessmentFunc-sl8sQor1MSud' allows 'bedrock:GetPrompt' on Resource '*' (no ARN scoping to specific Knowledge Bases)
- Role 'aiml-sec-123456789012-BedrockSecurityAssessmentFunc-sl8sQor1MSud' allows 'bedrock:ListAgents' on Resource '*' (no ARN scoping to specific Knowledge Bases)
- Role 'aiml-sec-123456789012-BedrockSecurityAssessmentFunc-sl8sQor1MSud' allows 'bedrock:GetAgent' on Resource '*' (no ARN scoping to specific Knowledge Bases)
- Role 'aiml-sec-123456789012-BedrockSecurityAssessmentFunc-sl8sQor1MSud' allows 'bedrock:ListCustomModels' on Resource '*' (no ARN scoping to specific Knowledge Bases)
- Role 'aiml-sec-123456789012-BedrockSecurityAssessmentFunc-sl8sQor1MSud' allows 'bedrock:GetCustomModel' on Resource '*' (no ARN scoping to specific Knowledge Bases)","Replace wildcard bedrock:* with specific actions such as bedrock:Retrieve, bedrock:RetrieveAndGenerate. Scope resources to specific Knowledge Base ARNs.",https://docs.aws.amazon.com/bedrock/latest/userguide/security-iam-awsmanpol.html,exact,2f6c1a7e-5b3d-4e8a-9c0f-000000000903,2f6c1a7e-5b3d-4e8a-9c0f-000000000927
123456789012,responsible-ai-grc,Global,FS-24,No Knowledge Bases Found,Not failing,N/A,N/A,Informational,Informational,No Bedrock Knowledge Bases found.,No Bedrock Knowledge Bases found.,No action required.,https://docs.aws.amazon.com/bedrock/latest/userguide/kb-test-config.html,exact,2f6c1a7e-5b3d-4e8a-9c0f-000000000903,2f6c1a7e-5b3d-4e8a-9c0f-000000000927
123456789012,responsible-ai-grc,Global,FS-25,No OpenSearch Serverless Collections Found,Not failing,N/A,N/A,Informational,Informational,"No OpenSearch Serverless collections exist in this region, so there is no OpenSearch vector-store data at rest to encrypt. If Bedrock Knowledge Bases use a different vector store (S3 Vectors, Aurora, Pinecone), verify its encryption separately.","No OpenSearch Serverless collections exist in this region, so there is no OpenSearch vector-store data at rest to encrypt. If Bedrock Knowledge Bases use a different vector store (S3 Vectors, Aurora, Pinecone), verify its encryption separately.","If you adopt OpenSearch Serverless as a Bedrock KB vector store, create an encryption policy specifying a customer-managed KMS key before creating the collection.",https://docs.aws.amazon.com/opensearch-service/latest/developerguide/serverless-encryption.html,exact,2f6c1a7e-5b3d-4e8a-9c0f-000000000903,2f6c1a7e-5b3d-4e8a-9c0f-000000000927
123456789012,responsible-ai-grc,Global,FS-26,No OpenSearch Serverless Network Policies,Still open,Failed,Failed,High,High,No OpenSearch Serverless network policies found. Vector store collections may be publicly accessible.,No OpenSearch Serverless network policies found. Vector store collections may be publicly accessible.,Create network security policies for OpenSearch Serverless collections restricting access to VPC endpoints only.,https://docs.aws.amazon.com/opensearch-service/latest/developerguide/serverless-network.html,exact,2f6c1a7e-5b3d-4e8a-9c0f-000000000903,2f6c1a7e-5b3d-4e8a-9c0f-000000000927
123456789012,responsible-ai-grc,Global,FS-27,No Automated Reasoning Policies Found,Still open,Failed,Failed,Medium,Medium,"No Bedrock Automated Reasoning policies have been created. ARC (GA August 2025) uses formal verification to guarantee that GenAI outputs comply with authored business rules — e.g., loan criteria, regulatory thresholds, policy constraints. Without ARC policies, factual accuracy of outputs is not formally verified, only heuristically filtered by contextual grounding thresholds.","No Bedrock Automated Reasoning policies have been created. ARC (GA August 2025) uses formal verification to guarantee that GenAI outputs comply with authored business rules — e.g., loan criteria, regulatory thresholds, policy constraints. Without ARC policies, factual accuracy of outputs is not formally verified, only heuristically filtered by contextual grounding thresholds.","1. In the Amazon Bedrock console → Guardrails → Automated Reasoning, create a policy document encoding your business rules (e.g., eligibility criteria, rate limits, regulatory thresholds).
2. Associate the ARC policy with your guardrail (automatedReasoningPolicy.policies field in CreateGuardrail/UpdateGuardrail).
3. Set confidenceThreshold on the policy to control strictness.
4. ARC requires cross-Region inference — ensure your guardrail has a guardrailProfileArn configured (crossRegionDetails in GetGuardrail response).
5. Reference: AWS Announcement — Automated Reasoning checks GA (August 2025).",https://docs.aws.amazon.com/bedrock/latest/userguide/guardrails-automated-reasoning-checks.html,exact,2f6c1a7e-5b3d-4e8a-9c0f-000000000903,2f6c1a7e-5b3d-4e8a-9c0f-000000000927
123456789012,responsible-ai-grc,Global,FS-27,No Guardrails — Contextual Grounding Not Applicable,Not failing,N/A,N/A,Informational,Informational,No Bedrock Guardrails configured. Configure guardrails first (see BR-05).,No Bedrock Guardrails configured. Configure guardrails first (see BR-05).,Configure Bedrock Guardrails with contextual grounding checks (grounding threshold ≥0.7 and relevance threshold ≥0.7 for regulated GenAI use cases).,https://docs.aws.amazon.com/bedrock/latest/userguide/guardrails-contextual-grounding-check.html,exact,2f6c1a7e-5b3d-4e8a-9c0f-000000000903,2f6c1a7e-5b3d-4e8a-9c0f-000000000927
123456789012,responsible-ai-grc,Global,FS-28,No Guardrails — Topic Policy Not Applicable,Not failing,N/A,N/A,Informational,Informational,No Bedrock Guardrails configured.,No Bedrock Guardrails configured.,Configure guardrails with denied topics for regulated financial content.,https://docs.aws.amazon.com/bedrock/latest/userguide/guardrails-components.html,exact,2f6c1a7e-5b3d-4e8a-9c0f-000000000903,2f6c1a7e-5b3d-4e8a-9c0f-000000000927
123456789012,responsible-ai-grc,Global,FS-29,ADVISORY: Compliance Disclaimer — Manual Review Required,Not failing,N/A,N/A,Informational,Informational,Application-level compliance disclaimers cannot be verified via AWS APIs. Manual review required to confirm GenAI outputs include required regulatory disclosures.,Application-level compliance disclaimers cannot be verified via AWS APIs. Manual review required to confirm GenAI outputs include required regulatory disclosures.,"1. Implement post-processing to append required disclaimers to GenAI outputs.
2. Use Bedrock Guardrails word filters to block outputs that omit required disclosures.
3. Document disclaimer requirements in the AI use case register.
4. Test disclaimer presence in QA/UAT before production deployment.",https://docs.aws.amazon.com/bedrock/latest/userguide/guardrails-components.html,exact,2f6c1a7e-5b3d-4e8a-9c0f-000000000903,2f6c1a7e-5b3d-4e8a-9c0f-000000000927
123456789012,responsible-ai-grc,Global,FS-30,ADVISORY: Compliance Dataset Coverage — Manual Review Required,Not failing,N/A,N/A,Informational,Informational,"Bedrock model-evaluation dataset content cannot be inspected via API. Manually verify your model-evaluation jobs include compliance-specific datasets (fair lending/ECOA, Fair Housing Act, UDAP/UDAAP, AML/KYC edge cases). Whether any evaluation jobs exist at all is assessed by FS-15.","Bedrock model-evaluation dataset content cannot be inspected via API. Manually verify your model-evaluation jobs include compliance-specific datasets (fair lending/ECOA, Fair Housing Act, UDAP/UDAAP, AML/KYC edge cases). Whether any evaluation jobs exist at all is assessed by FS-15.","Run Bedrock Model Evaluation with compliance-specific datasets:
- Fair lending test cases (ECOA, Fair Housing Act)
- UDAP/UDAAP unfair/deceptive practice scenarios
- AML/KYC edge cases",https://docs.aws.amazon.com/bedrock/latest/userguide/evaluation-automatic.html,exact,2f6c1a7e-5b3d-4e8a-9c0f-000000000903,2f6c1a7e-5b3d-4e8a-9c0f-000000000927
123456789012,responsible-ai-grc,Global,FS-31,No Knowledge Bases Found,Not failing,N/A,N/A,Informational,Informational,No Bedrock Knowledge Bases found.,No Bedrock Knowledge Bases found.,No action required.,https://docs.aws.amazon.com/bedrock/latest/userguide/kb-data-source-sync-ingest.html,exact,2f6c1a7e-5b3d-4e8a-9c0f-000000000903,2f6c1a7e-5b3d-4e8a-9c0f-000000000927
123456789012,responsible-ai-grc,Global,FS-32,ADVISORY: Source Attribution — Manual Review Required,Not failing,N/A,N/A,Informational,Informational,Source attribution in GenAI responses cannot be verified via AWS APIs. Manual review required to confirm responses include citations.,Source attribution in GenAI responses cannot be verified via AWS APIs. Manual review required to confirm responses include citations.,"1. Use Bedrock RetrieveAndGenerate with citations enabled.
2. Include source document references in response post-processing.
3. Test citation accuracy in QA before production deployment.
4. Consider Bedrock Guardrails grounding checks to validate response accuracy.",https://docs.aws.amazon.com/bedrock/latest/userguide/kb-test-config.html,exact,2f6c1a7e-5b3d-4e8a-9c0f-000000000903,2f6c1a7e-5b3d-4e8a-9c0f-000000000927
123456789012,responsible-ai-grc,Global,FS-33,No Knowledge Bases Found,Not failing,N/A,N/A,Informational,Informational,No Bedrock Knowledge Bases found.,No Bedrock Knowledge Bases found.,No action required.,https://docs.aws.amazon.com/AmazonS3/latest/userguide/checking-object-integrity.html,exact,2f6c1a7e-5b3d-4e8a-9c0f-000000000903,2f6c1a7e-5b3d-4e8a-9c0f-000000000927
123456789012,responsible-ai-grc,Global,FS-34,Legacy Foundation Models Available in Region,Not failing,N/A,N/A,Informational,Informational,"Legacy/deprecated foundation models are available in this account/region: anthropic.claude-sonnet-4-28186377-v1:0, twelvelabs.marengo-embed-2-7-v1:0, anthropic.claude-opus-4-1-08608513-v1:0, amazon.nova-premier-v1:0:8k, amazon.nova-premier-v1:0:20k, amazon.nova-premier-v1:0:1000k, amazon.nova-premier-v1:0:mm, amazon.nova-premier-v1:0, amazon.nova-canvas-v1:0, amazon.nova-reel-v1:0. This API reports model *availability*, not actual usage — it cannot determine which models your applications invoke. Legacy models have older training-data cutoffs and may produce outdated information if used. Review whether any are in active use.","Legacy/deprecated foundation models are available in this account/region: anthropic.claude-sonnet-4-28186377-v1:0, twelvelabs.marengo-embed-2-7-v1:0, anthropic.claude-opus-4-1-08608513-v1:0, amazon.nova-premier-v1:0:8k, amazon.nova-premier-v1:0:20k, amazon.nova-premier-v1:0:1000k, amazon.nova-premier-v1:0:mm, amazon.nova-premier-v1:0, amazon.nova-canvas-v1:0, amazon.nova-reel-v1:0. This API reports model *availability*, not actual usage — it cannot determine which models your applications invoke. Legacy models have older training-data cutoffs and may produce outdated information if used. Review whether any are in active use.","1. Identify which (if any) of these legacy models your applications invoke (e.g., via CloudTrail InvokeModel events or application config).
2. Migrate active usage to current model versions.
3. Document training-data cutoff dates for all models in use.
4. Add data-currency disclaimers to outputs from models with old cutoffs.",https://docs.aws.amazon.com/bedrock/latest/userguide/model-lifecycle.html,exact,2f6c1a7e-5b3d-4e8a-9c0f-000000000903,2f6c1a7e-5b3d-4e8a-9c0f-000000000927
123456789012,responsible-ai-grc,Global,FS-35,ADVISORY: Harmful-Content Test Coverage — Manual Review Required,Not failing,N/A,N/A,Informational,Informational,"Bedrock model-evaluation dataset content cannot be inspected via API. Manually verify your model-evaluation/FMEval jobs include harmful-content datasets (toxicity, hate speech, violence/self-harm). Whether any evaluation jobs exist at all is assessed by FS-15.","Bedrock model-evaluation dataset content cannot be inspected via API. Manually verify your model-evaluation/FMEval jobs include harmful-content datasets (toxicity, hate speech, violence/self-harm). Whether any evaluation jobs exist at all is assessed by FS-15.","Run Bedrock Model Evaluation or FMEval with harmful content datasets:
- Toxicity detection
- Hate speech classification
- Violence/self-harm content",https://docs.aws.amazon.com/bedrock/latest/userguide/evaluation-automatic.html,exact,2f6c1a7e-5b3d-4e8a-9c0f-000000000903,2f6c1a7e-5b3d-4e8a-9c0f-000000000927
123456789012,responsible-ai-grc,Global,FS-36,No Guardrails — Content Filters Not Applicable,Not failing,N/A,N/A,Informational,Informational,No Bedrock Guardrails configured.,No Bedrock Guardrails configured.,Configure guardrails with content filters.,https://docs.aws.amazon.com/bedrock/latest/userguide/guardrails-content-filters.html,exact,2f6c1a7e-5b3d-4e8a-9c0f-000000000903,2f6c1a7e-5b3d-4e8a-9c0f-000000000927
123456789012,responsible-ai-grc,Global,FS-37,ADVISORY: User Feedback Mechanism — Manual Review Required,Not failing,N/A,N/A,Informational,Informational,User feedback mechanisms for harmful outputs cannot be verified via AWS APIs. Manual review required.,User feedback mechanisms for harmful outputs cannot be verified via AWS APIs. Manual review required.,"1. Implement thumbs-up/down or flag-for-review UI in GenAI applications.
2. Route flagged outputs to human reviewers via SQS/SNS.
3. Log feedback to DynamoDB/S3 for model improvement.
4. Define SLAs for reviewing flagged content.",https://docs.aws.amazon.com/bedrock/latest/userguide/guardrails.html,exact,2f6c1a7e-5b3d-4e8a-9c0f-000000000903,2f6c1a7e-5b3d-4e8a-9c0f-000000000927
123456789012,responsible-ai-grc,Global,FS-38,No Guardrails — Word Filters Not Applicable,Not failing,N/A,N/A,Informational,Informational,No Bedrock Guardrails configured.,No Bedrock Guardrails configured.,Configure guardrails with word filters.,https://docs.aws.amazon.com/bedrock/latest/userguide/guardrails-components.html,exact,2f6c1a7e-5b3d-4e8a-9c0f-000000000903,2f6c1a7e-5b3d-4e8a-9c0f-000000000927
123456789012,responsible-ai-grc,Global,FS-39,No SageMaker Clarify Bias Monitoring,Still open,Failed,Failed,High,High,"No SageMaker Clarify model bias monitoring schedules found. Models making financial decisions (credit, insurance) may exhibit discriminatory bias without detection.","No SageMaker Clarify model bias monitoring schedules found. Models making financial decisions (credit, insurance) may exhibit discriminatory bias without detection.","1. Configure SageMaker Clarify bias detection for all models making credit, insurance, or employment decisions.
2. Define protected attributes (age, gender, race proxies).
3. Set bias metric thresholds and alert on violations.
4. Document bias testing results for regulatory examination.",https://docs.aws.amazon.com/sagemaker/latest/dg/clarify-model-monitor-bias-drift.html,exact,2f6c1a7e-5b3d-4e8a-9c0f-000000000903,2f6c1a7e-5b3d-4e8a-9c0f-000000000927
123456789012,responsible-ai-grc,Global,FS-40,ADVISORY: Bias Dataset Coverage — Manual Review Required,Not failing,N/A,N/A,Informational,Informational,"Bedrock model-evaluation dataset content cannot be inspected via API. Manually verify your model-evaluation jobs include bias/fairness datasets (demographic parity, equal-opportunity, counterfactual fairness) for any GenAI models used in financial decisions (ECOA/Fair Housing). Whether any evaluation jobs exist at all is assessed by FS-15.","Bedrock model-evaluation dataset content cannot be inspected via API. Manually verify your model-evaluation jobs include bias/fairness datasets (demographic parity, equal-opportunity, counterfactual fairness) for any GenAI models used in financial decisions (ECOA/Fair Housing). Whether any evaluation jobs exist at all is assessed by FS-15.","Run Bedrock Model Evaluation with bias test datasets:
- Demographic parity test cases
- Equal opportunity scenarios
- Counterfactual fairness tests",https://docs.aws.amazon.com/bedrock/latest/userguide/evaluation-automatic.html,exact,2f6c1a7e-5b3d-4e8a-9c0f-000000000903,2f6c1a7e-5b3d-4e8a-9c0f-000000000927
123456789012,responsible-ai-grc,Global,FS-41,No SageMaker Clarify Explainability Monitoring,Still open,Failed,Failed,High,High,No SageMaker Clarify explainability monitoring found. Models making adverse financial decisions may not provide required explanations (ECOA adverse action notices).,No SageMaker Clarify explainability monitoring found. Models making adverse financial decisions may not provide required explanations (ECOA adverse action notices).,"1. Configure SageMaker Clarify explainability for credit/lending models.
2. Generate SHAP values for feature importance.
3. Map top features to human-readable adverse action reason codes.
4. Store explanations for regulatory examination.",https://docs.aws.amazon.com/sagemaker/latest/dg/clarify-model-explainability.html,exact,2f6c1a7e-5b3d-4e8a-9c0f-000000000903,2f6c1a7e-5b3d-4e8a-9c0f-000000000927
123456789012,responsible-ai-grc,Global,FS-42,No SageMaker Model Cards Found,Not failing,N/A,N/A,Informational,Informational,"No SageMaker Model Cards found. If GenAI workloads run on Bedrock rather than SageMaker, model documentation may legitimately live elsewhere; Model Cards are a SageMaker-specific artifact.","No SageMaker Model Cards found. If GenAI workloads run on Bedrock rather than SageMaker, model documentation may legitimately live elsewhere; Model Cards are a SageMaker-specific artifact.","1. For SageMaker models, create a Model Card documenting intended use, out-of-scope uses, training data and bias evaluations.
2. For Bedrock-only estates, record the equivalent documentation in your model-governance system and reference the AWS AI Service Cards.",https://docs.aws.amazon.com/sagemaker/latest/dg/model-cards.html,exact,2f6c1a7e-5b3d-4e8a-9c0f-000000000903,2f6c1a7e-5b3d-4e8a-9c0f-000000000927
123456789012,responsible-ai-grc,Global,FS-43,Bedrock Invocation Logging Not Enabled,Not failing,N/A,N/A,Informational,Informational,"Bedrock model invocation logging is not enabled, so no invocation logs are being delivered and there is no log content to mask. Prompt and completion content is therefore also unavailable for audit.","Bedrock model invocation logging is not enabled, so no invocation logs are being delivered and there is no log content to mask. Prompt and completion content is therefore also unavailable for audit.","1. Enable Bedrock model invocation logging.
2. If delivering to CloudWatch Logs, attach a data protection policy masking PII to the destination log group.",https://docs.aws.amazon.com/AmazonCloudWatch/latest/logs/mask-sensitive-log-data.html,exact,2f6c1a7e-5b3d-4e8a-9c0f-000000000903,2f6c1a7e-5b3d-4e8a-9c0f-000000000927
123456789012,responsible-ai-grc,Global,FS-44,Amazon Macie Enabled but Automated Discovery Disabled,Still open,Failed,Failed,High,High,"Amazon Macie is enabled, but automated sensitive data discovery is DISABLED. Enabling Macie alone does not scan any data, so S3 buckets containing training data and KB data sources are not being evaluated for PII.","Amazon Macie is enabled, but automated sensitive data discovery is DISABLED. Enabling Macie alone does not scan any data, so S3 buckets containing training data and KB data sources are not being evaluated for PII.","1. Enable automated sensitive data discovery in Macie.
2. Confirm the classification scope includes training data and KB source buckets.
3. Alternatively, create targeted classification jobs for those buckets.",https://docs.aws.amazon.com/macie/latest/user/what-is-macie.html,exact,2f6c1a7e-5b3d-4e8a-9c0f-000000000903,2f6c1a7e-5b3d-4e8a-9c0f-000000000927
123456789012,responsible-ai-grc,Global,FS-45,No Guardrails — PII Filters Not Applicable,Not failing,N/A,N/A,Informational,Informational,No Bedrock Guardrails configured.,No Bedrock Guardrails configured.,Configure guardrails with PII/sensitive information filters.,https://docs.aws.amazon.com/bedrock/latest/userguide/guardrails-sensitive-filters.html,exact,2f6c1a7e-5b3d-4e8a-9c0f-000000000903,2f6c1a7e-5b3d-4e8a-9c0f-000000000927
123456789012,responsible-ai-grc,Global,FS-46,No AI/ML Data Buckets Identified,Not failing,N/A,N/A,Informational,Informational,No S3 buckets with AI/ML naming found.,No S3 buckets with AI/ML naming found.,Tag AI/ML data buckets with data-classification labels.,https://docs.aws.amazon.com/AmazonS3/latest/userguide/object-tagging.html,exact,2f6c1a7e-5b3d-4e8a-9c0f-000000000903,2f6c1a7e-5b3d-4e8a-9c0f-000000000927
123456789012,responsible-ai-grc,Global,FS-47,No Guardrails — Grounding Threshold Not Applicable,Not failing,N/A,N/A,Informational,Informational,No Bedrock Guardrails configured.,No Bedrock Guardrails configured.,Configure guardrails with contextual grounding checks.,https://docs.aws.amazon.com/bedrock/latest/userguide/guardrails-contextual-grounding-check.html,exact,2f6c1a7e-5b3d-4e8a-9c0f-000000000903,2f6c1a7e-5b3d-4e8a-9c0f-000000000927
123456789012,responsible-ai-grc,Global,FS-48,No Active Knowledge Bases for RAG,Still open,Failed,Failed,Medium,Medium,"No active Bedrock Knowledge Bases found. GenAI responses are not grounded in authoritative data sources, increasing hallucination risk.","No active Bedrock Knowledge Bases found. GenAI responses are not grounded in authoritative data sources, increasing hallucination risk.","1. Create Bedrock Knowledge Bases with authoritative financial data.
2. Use RetrieveAndGenerate API to ground responses.
3. Configure data sources with current regulatory and product information.",https://docs.aws.amazon.com/bedrock/latest/userguide/knowledge-base.html,exact,2f6c1a7e-5b3d-4e8a-9c0f-000000000903,2f6c1a7e-5b3d-4e8a-9c0f-000000000927
123456789012,responsible-ai-grc,Global,FS-49,ADVISORY: Hallucination Disclaimer — Manual Review Required,Not failing,N/A,N/A,Informational,Informational,Application-level hallucination disclaimers cannot be verified via AWS APIs. Manual review required.,Application-level hallucination disclaimers cannot be verified via AWS APIs. Manual review required.,"1. Add disclaimers to GenAI outputs: 'AI-generated content may contain errors. Verify with authoritative sources before acting.'
2. Implement post-processing to append disclaimers.
3. Test disclaimer presence in QA before production.",https://docs.aws.amazon.com/bedrock/latest/userguide/guardrails.html,exact,2f6c1a7e-5b3d-4e8a-9c0f-000000000903,2f6c1a7e-5b3d-4e8a-9c0f-000000000927
123456789012,responsible-ai-grc,Global,FS-50,No Guardrails With Relevance Grounding Filters,Still open,Failed,Failed,Medium,Medium,"No guardrails have RELEVANCE contextual grounding filters. Without relevance filters, responses that are off-topic or unrelated to the user query will not be blocked, increasing hallucination risk in RAG-based applications.","No guardrails have RELEVANCE contextual grounding filters. Without relevance filters, responses that are off-topic or unrelated to the user query will not be blocked, increasing hallucination risk in RAG-based applications.",Enable the RELEVANCE contextual grounding filter in Bedrock Guardrails with a threshold of ≥0.7 to block responses that are not relevant to the user query. Also enable the GROUNDING filter (≥0.7) to block responses not supported by the retrieved source context.,https://docs.aws.amazon.com/bedrock/latest/userguide/guardrails-contextual-grounding-check.html,exact,2f6c1a7e-5b3d-4e8a-9c0f-000000000903,2f6c1a7e-5b3d-4e8a-9c0f-000000000927
123456789012,responsible-ai-grc,Global,FS-51,No Guardrails — Prompt Attack Filters Not Applicable,Not failing,N/A,N/A,Informational,Informational,No Bedrock Guardrails configured.,No Bedrock Guardrails configured.,Configure guardrails with prompt attack filters.,https://docs.aws.amazon.com/bedrock/latest/userguide/guardrails-components.html,exact,2f6c1a7e-5b3d-4e8a-9c0f-000000000903,2f6c1a7e-5b3d-4e8a-9c0f-000000000927
123456789012,responsible-ai-grc,Global,FS-52,Bedrock Lambda Functions on Current Runtimes,Not failing,Passed,Passed,Medium,Medium,All 12 Bedrock Lambda function(s) use current runtimes.,All 12 Bedrock Lambda function(s) use current runtimes.,No action required.,https://docs.aws.amazon.com/lambda/latest/dg/runtimes-update.html,exact,2f6c1a7e-5b3d-4e8a-9c0f-000000000903,2f6c1a7e-5b3d-4e8a-9c0f-000000000927
123456789012,responsible-ai-grc,Global,FS-53,No WAF Web ACLs — Injection Rules Not Applicable,Not failing,N/A,N/A,Informational,Informational,No regional WAF Web ACLs found.,No regional WAF Web ACLs found.,Create WAF Web ACLs with injection protection rules (see FS-01).,https://docs.aws.amazon.com/waf/latest/developerguide/aws-managed-rule-groups-baseline.html,exact,2f6c1a7e-5b3d-4e8a-9c0f-000000000903,2f6c1a7e-5b3d-4e8a-9c0f-000000000927
123456789012,responsible-ai-grc,Global,FS-54,ADVISORY: Penetration Testing — Manual Review Required,Not failing,N/A,N/A,Informational,Informational,Penetration testing evidence cannot be verified via AWS APIs. Manual review required to confirm GenAI applications have been tested.,Penetration testing evidence cannot be verified via AWS APIs. Manual review required to confirm GenAI applications have been tested.,"1. Conduct penetration testing of GenAI applications at least annually and before major releases.
2. Include AI-specific test cases: prompt injection, jailbreak, indirect (cross-domain) injection, system-prompt leakage, and data-extraction attempts.
3. Consider AWS Security Agent (now part of AWS Continuum) for on-demand, AI-driven penetration testing (GA March 2026 in US East N. Virginia, US West Oregon, Europe Ireland, Europe Frankfurt, Asia Pacific Sydney, Asia Pacific Tokyo, since expanded to additional Regions, with cross-account shared-VPC testing via AWS RAM). Open-source tools such as Garak or PyRIT and manual red-teaming are complementary options. Verify current regional availability in the AWS Security Agent documentation (Data protection page, Regions where requests can originate) before relying on it.
4. Document findings and remediation for regulatory examination, and tag tested resources with a last-pentest-date for audit trail.
5. For DORA compliance, include GenAI in TLPT (Threat-Led Penetration Testing) scope.",https://aws.amazon.com/security/penetration-testing/,exact,2f6c1a7e-5b3d-4e8a-9c0f-000000000903,2f6c1a7e-5b3d-4e8a-9c0f-000000000927
123456789012,responsible-ai-grc,Global,FS-55,No Output Validation Functions Found,Still open,Failed,Failed,Medium,Medium,No Lambda functions with output validation/sanitization naming found. GenAI outputs may be passed directly to downstream systems without validation.,No Lambda functions with output validation/sanitization naming found. GenAI outputs may be passed directly to downstream systems without validation.,"1. Implement output validation Lambda functions in GenAI pipelines.
2. Validate output schema, length, and content before downstream use.
3. Sanitize outputs before rendering in web UIs (XSS prevention).
4. Encode outputs appropriately for the target context (HTML, SQL, JSON).",https://genai.owasp.org/llmrisk/llm052025-improper-output-handling/,exact,2f6c1a7e-5b3d-4e8a-9c0f-000000000903,2f6c1a7e-5b3d-4e8a-9c0f-000000000927
123456789012,responsible-ai-grc,Global,FS-56,No WAF ACLs — XSS Prevention Not Applicable,Not failing,N/A,N/A,Informational,Informational,No regional WAF Web ACLs found.,No regional WAF Web ACLs found.,Create WAF ACLs with XSS prevention rules.,https://docs.aws.amazon.com/waf/latest/developerguide/aws-managed-rule-groups-baseline.html,exact,2f6c1a7e-5b3d-4e8a-9c0f-000000000903,2f6c1a7e-5b3d-4e8a-9c0f-000000000927
123456789012,responsible-ai-grc,Global,FS-57,ADVISORY: Output Encoding — Manual Review Required,Not failing,N/A,N/A,Informational,Informational,Output encoding practices cannot be verified via AWS APIs. Manual code review required.,Output encoding practices cannot be verified via AWS APIs. Manual code review required.,"1. HTML-encode GenAI outputs before rendering in web UIs.
2. Use parameterized queries when GenAI output is used in database operations.
3. JSON-encode outputs before embedding in JavaScript contexts.
4. Validate output length and format before passing to downstream APIs.",https://cheatsheetseries.owasp.org/cheatsheets/Cross_Site_Scripting_Prevention_Cheat_Sheet.html,exact,2f6c1a7e-5b3d-4e8a-9c0f-000000000903,2f6c1a7e-5b3d-4e8a-9c0f-000000000927
123456789012,responsible-ai-grc,Global,FS-58,ADVISORY: Output Schema Validation — Manual Review Required,Not failing,N/A,N/A,Informational,Informational,Found 0 Lambda function(s) whose names suggest schema/validation handling. Structured-output / JSON-schema validation of GenAI responses is an application-layer control that cannot be verified automatically — manual review required.,Found 0 Lambda function(s) whose names suggest schema/validation handling. Structured-output / JSON-schema validation of GenAI responses is an application-layer control that cannot be verified automatically — manual review required.,"1. Use Bedrock structured output (response schemas) where supported.
2. Implement JSON schema validation on Lambda output processors.
3. Reject malformed outputs and return safe error responses.
4. Log schema validation failures to CloudWatch for monitoring.",https://docs.aws.amazon.com/bedrock/latest/userguide/inference-parameters.html,exact,2f6c1a7e-5b3d-4e8a-9c0f-000000000903,2f6c1a7e-5b3d-4e8a-9c0f-000000000927
123456789012,responsible-ai-grc,Global,FS-59,No Guardrails — Topic Allowlist Not Applicable,Not failing,N/A,N/A,Informational,Informational,No Bedrock Guardrails configured.,No Bedrock Guardrails configured.,Configure guardrails with topic policies to restrict off-topic responses.,https://docs.aws.amazon.com/bedrock/latest/userguide/guardrails-components.html,exact,2f6c1a7e-5b3d-4e8a-9c0f-000000000903,2f6c1a7e-5b3d-4e8a-9c0f-000000000927
123456789012,responsible-ai-grc,Global,FS-60,ADVISORY: Contextual Grounding for Off-Topic Prevention,Not failing,N/A,N/A,Informational,Informational,Contextual grounding for off-topic prevention is covered by guardrail grounding checks (FS-47) and RAG configuration (FS-48). Additionally verify system prompts explicitly scope the assistant's role.,Contextual grounding for off-topic prevention is covered by guardrail grounding checks (FS-47) and RAG configuration (FS-48). Additionally verify system prompts explicitly scope the assistant's role.,"1. Include explicit scope instructions in system prompts.
2. Use Bedrock Guardrails relevance grounding filter.
3. Test with off-topic prompts in QA to verify rejection behavior.",https://docs.aws.amazon.com/bedrock/latest/userguide/guardrails-contextual-grounding-check.html,exact,2f6c1a7e-5b3d-4e8a-9c0f-000000000903,2f6c1a7e-5b3d-4e8a-9c0f-000000000927
123456789012,responsible-ai-grc,Global,FS-61,No Knowledge Bases Found,Not failing,N/A,N/A,Informational,Informational,No Bedrock Knowledge Bases found.,No Bedrock Knowledge Bases found.,No action required.,https://docs.aws.amazon.com/bedrock/latest/userguide/kb-data-source-sync-ingest.html,exact,2f6c1a7e-5b3d-4e8a-9c0f-000000000903,2f6c1a7e-5b3d-4e8a-9c0f-000000000927
123456789012,responsible-ai-grc,Global,FS-62,ADVISORY: Data Currency Disclaimer — Manual Review Required,Not failing,N/A,N/A,Informational,Informational,Data currency disclaimers cannot be verified via AWS APIs. Manual review required.,Data currency disclaimers cannot be verified via AWS APIs. Manual review required.,"1. Add data currency disclaimers to GenAI outputs: 'Information based on data current as of [KB last sync date].'
2. Expose KB last sync timestamp in application responses.
3. Alert users when KB data is older than defined threshold.",https://docs.aws.amazon.com/bedrock/latest/userguide/kb-data-source-sync-ingest.html,exact,2f6c1a7e-5b3d-4e8a-9c0f-000000000903,2f6c1a7e-5b3d-4e8a-9c0f-000000000927
123456789012,responsible-ai-grc,Global,FS-63,Foundation Model Lifecycle Governance Detected,Not failing,Passed,Passed,Medium,Medium,"12 AWS Config rule(s) with lifecycle- or model-related names were found, indicating some account-side model lifecycle governance: s3-version-lifecycle-policy-check-conformance-pack-v9atrhlyf, s3-version-lifecycle-policy-check-conformance-pack-prqocsazj, securityhub-ecr-private-lifecycle-policy-configured-c72ebd28, securityhub-s3-lifecycle-policy-check-6039fb41, securityhub-s3express-dir-bucket-lifecycle-rules-check-f12f0aa0. Rule names are a heuristic; whether these rules enforce model currency is not assessed. For context, 17 of 122 model(s) offered in this region are marked LEGACY (for example ai21.jamba-1-5-large-v1:0, ai21.jamba-1-5-mini-v1:0, amazon.nova-canvas-v1:0, amazon.nova-premier-v1:0, amazon.nova-premier-v1:0:1000k); this reflects the regional catalogue, not this account's usage.","12 AWS Config rule(s) with lifecycle- or model-related names were found, indicating some account-side model lifecycle governance: s3-version-lifecycle-policy-check-conformance-pack-v9atrhlyf, s3-version-lifecycle-policy-check-conformance-pack-prqocsazj, securityhub-ecr-private-lifecycle-policy-configured-c72ebd28, securityhub-s3-lifecycle-policy-check-6039fb41, securityhub-s3express-dir-bucket-lifecycle-rules-check-f12f0aa0. Rule names are a heuristic; whether these rules enforce model currency is not assessed. For context, 17 of 122 model(s) offered in this region are marked LEGACY (for example ai21.jamba-1-5-large-v1:0, ai21.jamba-1-5-mini-v1:0, amazon.nova-canvas-v1:0, amazon.nova-premier-v1:0, amazon.nova-premier-v1:0:1000k); this reflects the regional catalogue, not this account's usage.","Confirm the matched rules genuinely track model currency, and that deprecation notifications are monitored.",https://docs.aws.amazon.com/bedrock/latest/userguide/model-lifecycle.html,exact,2f6c1a7e-5b3d-4e8a-9c0f-000000000903,2f6c1a7e-5b3d-4e8a-9c0f-000000000927
123456789012,responsible-ai-grc,Global,FS-65,No Knowledge Bases Found,Not failing,N/A,N/A,Informational,Informational,No Bedrock Knowledge Bases found; S3 event notification check not applicable.,No Bedrock Knowledge Bases found; S3 event notification check not applicable.,No action required.,https://docs.aws.amazon.com/AmazonS3/latest/userguide/EventNotifications.html,exact,2f6c1a7e-5b3d-4e8a-9c0f-000000000903,2f6c1a7e-5b3d-4e8a-9c0f-000000000927
123456789012,responsible-ai-grc,Global,FS-66,No AgentCore Runtimes Found,Not failing,N/A,N/A,Informational,Informational,No AgentCore runtimes found; identity propagation check not applicable.,No AgentCore runtimes found; identity propagation check not applicable.,"If using AgentCore, configure token propagation so end-user identities are forwarded to tool services.",https://docs.aws.amazon.com/bedrock-agentcore/latest/devguide/runtime-oauth.html,exact,2f6c1a7e-5b3d-4e8a-9c0f-000000000903,2f6c1a7e-5b3d-4e8a-9c0f-000000000927
123456789012,responsible-ai-grc,Global,FS-67,No Agent Action-Group Lambda Functions Found,Not failing,N/A,N/A,Informational,Informational,"No Lambda functions matching agent action-group naming patterns found. If agents perform financial transactions, verify transaction-value limits are enforced in the action-group implementation.","No Lambda functions matching agent action-group naming patterns found. If agents perform financial transactions, verify transaction-value limits are enforced in the action-group implementation.","1. Implement transaction-value threshold checks in all agent action-group Lambda functions that initiate financial operations.
2. Use AgentCore Policy Engine to enforce maximum transaction amounts as a policy constraint on tool calls.
3. Reject or escalate to human review any transaction exceeding defined limits.",https://docs.aws.amazon.com/bedrock-agentcore-control/latest/APIReference/API_GatewayPolicyEngineConfiguration.html,exact,2f6c1a7e-5b3d-4e8a-9c0f-000000000903,2f6c1a7e-5b3d-4e8a-9c0f-000000000927
123456789012,responsible-ai-grc,Global,FS-68,API Gateway Request Body Size Limits Not Enforced,Still open,Failed,Failed,Medium,Medium,"Found 4 REST API(s) and 0 regional WAF Web ACL(s), but none enforce a maximum request-body size. Note: an API Gateway request validator does NOT cap body size (it validates the schema and required params; the REST limit is a fixed 10 MB), and a WAF body SizeConstraint only inspects the first ~16 KB of the body by default. Oversized prompts can exhaust Bedrock token quotas and inflate costs.","Found 4 REST API(s) and 0 regional WAF Web ACL(s), but none enforce a maximum request-body size. Note: an API Gateway request validator does NOT cap body size (it validates the schema and required params; the REST limit is a fixed 10 MB), and a WAF body SizeConstraint only inspects the first ~16 KB of the body by default. Oversized prompts can exhaust Bedrock token quotas and inflate costs.","1. Add a maxLength (or maxItems/maxProperties) bound to the request-body JSON-Schema model used by your request validator, so oversized prompts are rejected with a 400.
2. Add a WAF SizeConstraintStatement on the request Body sized within WAF's body-inspection window (default 16 KB; raise via the web ACL AssociationConfig, or set OversizeHandling=MATCH to block bodies beyond the window), and associate the ACL with the API stage.
3. Set the max_tokens parameter in Bedrock API calls to cap output length.
4. Implement client-side token counting before submitting requests.",https://docs.aws.amazon.com/waf/latest/developerguide/waf-oversize-request-components.html,exact,2f6c1a7e-5b3d-4e8a-9c0f-000000000903,2f6c1a7e-5b3d-4e8a-9c0f-000000000927
123456789012,responsible-ai-grc,Global,FS-69,Prompt Input Validation Functions Present,Not failing,Passed,Passed,Medium,Medium,Found 1 Lambda function(s) with input validation/sanitization naming patterns: aiml-security-aiml-sec-123456789012-CleanupBucket.,Found 1 Lambda function(s) with input validation/sanitization naming patterns: aiml-security-aiml-sec-123456789012-CleanupBucket.,"Review these functions to confirm they cover: special-character stripping, format validation, size limits, and injection-sequence detection.",https://docs.aws.amazon.com/bedrock/latest/userguide/prompt-injection.html,exact,2f6c1a7e-5b3d-4e8a-9c0f-000000000903,2f6c1a7e-5b3d-4e8a-9c0f-000000000927
123456789012,responsible-ai-grc,us-east-1,FS-00,Responsible AI GRC — Regional Scope Not Applicable,Not failing,N/A,N/A,Informational,Informational,"No regional Bedrock, AgentCore, or SageMaker resources were found in us-east-1; Responsible AI GRC checks were not applied to this region.","No regional Bedrock, AgentCore, or SageMaker resources were found in us-east-1; Responsible AI GRC checks were not applied to this region.",No action required unless GenAI workloads are expected in this region.,https://d1.awsstatic.com/onedam/marketing-channels/website/public/global-FinServ-ComplianceGuide-GenAIRisks-public.pdf,exact,2f6c1a7e-5b3d-4e8a-9c0f-000000000903,2f6c1a7e-5b3d-4e8a-9c0f-000000000927
123456789012,responsible-ai-grc,us-east-2,FS-00,Responsible AI GRC — Regional Scope Not Applicable,Not failing,N/A,N/A,Informational,Informational,"No regional Bedrock, AgentCore, or SageMaker resources were found in us-east-2; Responsible AI GRC checks were not applied to this region.","No regional Bedrock, AgentCore, or SageMaker resources were found in us-east-2; Responsible AI GRC checks were not applied to this region.",No action required unless GenAI workloads are expected in this region.,https://d1.awsstatic.com/onedam/marketing-channels/website/public/global-FinServ-ComplianceGuide-GenAIRisks-public.pdf,exact,2f6c1a7e-5b3d-4e8a-9c0f-000000000903,2f6c1a7e-5b3d-4e8a-9c0f-000000000927
123456789012,responsible-ai-grc,us-west-2,FS-00,Responsible AI GRC — Regional Scope Not Applicable,Not failing,N/A,N/A,Informational,Informational,"No regional Bedrock, AgentCore, or SageMaker resources were found in us-west-2; Responsible AI GRC checks were not applied to this region.","No regional Bedrock, AgentCore, or SageMaker resources were found in us-west-2; Responsible AI GRC checks were not applied to this region.",No action required unless GenAI workloads are expected in this region.,https://d1.awsstatic.com/onedam/marketing-channels/website/public/global-FinServ-ComplianceGuide-GenAIRisks-public.pdf,exact,2f6c1a7e-5b3d-4e8a-9c0f-000000000903,2f6c1a7e-5b3d-4e8a-9c0f-000000000927
123456789012,owasp,Global,OW-01,OWASP LLM01: Adversarial Testing Evidence,Not failing,N/A,N/A,Informational,Informational,OWASP category: LLM01:2025 Prompt Injection. Source check FS-54: Penetration testing evidence cannot be verified via AWS APIs. Manual review required to confirm GenAI applications have been tested.,OWASP category: LLM01:2025 Prompt Injection. Source check FS-54: Penetration testing evidence cannot be verified via AWS APIs. Manual review required to confirm GenAI applications have been tested.,Track adversarial / red-team penetration test evidence for the GenAI application via resource tags or an equivalent audit trail.,https://genai.owasp.org/llmrisk/llm01-prompt-injection/,exact,2f6c1a7e-5b3d-4e8a-9c0f-000000000903,2f6c1a7e-5b3d-4e8a-9c0f-000000000927
123456789012,owasp,Global,OW-01,OWASP LLM01: Bedrock-Calling Lambda Runtimes,Not failing,Passed,Passed,Medium,Medium,OWASP category: LLM01:2025 Prompt Injection. Source check FS-52: All 12 Bedrock Lambda function(s) use current runtimes.,OWASP category: LLM01:2025 Prompt Injection. Source check FS-52: All 12 Bedrock Lambda function(s) use current runtimes.,Ensure Lambda functions that invoke Bedrock use a supported (non-deprecated) runtime to receive security patches.,https://genai.owasp.org/llmrisk/llm01-prompt-injection/,exact,2f6c1a7e-5b3d-4e8a-9c0f-000000000903,2f6c1a7e-5b3d-4e8a-9c0f-000000000927
123456789012,owasp,Global,OW-01,OWASP LLM01: PROMPT_ATTACK Filter at Standard Tier,Not failing,N/A,N/A,Informational,Informational,OWASP category: LLM01:2025 Prompt Injection. Source check FS-51: No Bedrock Guardrails configured.,OWASP category: LLM01:2025 Prompt Injection. Source check FS-51: No Bedrock Guardrails configured.,Set guardrail PROMPT_ATTACK filter to Standard tier with inputStrength=HIGH.,https://genai.owasp.org/llmrisk/llm01-prompt-injection/,exact,2f6c1a7e-5b3d-4e8a-9c0f-000000000903,2f6c1a7e-5b3d-4e8a-9c0f-000000000927
123456789012,owasp,Global,OW-01,OWASP LLM01: Prompt-Input Validation Lambda,Not failing,Passed,Passed,Medium,Medium,OWASP category: LLM01:2025 Prompt Injection. Source check FS-69: Found 1 Lambda function(s) with input validation/sanitization naming patterns: aiml-security-aiml-sec-123456789012-CleanupBucket.,OWASP category: LLM01:2025 Prompt Injection. Source check FS-69: Found 1 Lambda function(s) with input validation/sanitization naming patterns: aiml-security-aiml-sec-123456789012-CleanupBucket.,Deploy a prompt-input validation Lambda in front of Bedrock invocations to sanitise untrusted input before it reaches the model.,https://genai.owasp.org/llmrisk/llm01-prompt-injection/,exact,2f6c1a7e-5b3d-4e8a-9c0f-000000000903,2f6c1a7e-5b3d-4e8a-9c0f-000000000927
123456789012,owasp,Global,OW-01,OWASP LLM01: WAF SQLi & KnownBadInputs Coverage,Not failing,N/A,N/A,Informational,Informational,OWASP category: LLM01:2025 Prompt Injection. Source check FS-53: No regional WAF Web ACLs found.,OWASP category: LLM01:2025 Prompt Injection. Source check FS-53: No regional WAF Web ACLs found.,Add AWS Managed Rule Groups AWSManagedRulesSQLiRuleSet and AWSManagedRulesKnownBadInputsRuleSet to the WAF Web ACL guarding GenAI ingress.,https://genai.owasp.org/llmrisk/llm01-prompt-injection/,exact,2f6c1a7e-5b3d-4e8a-9c0f-000000000903,2f6c1a7e-5b3d-4e8a-9c0f-000000000927
123456789012,owasp,Global,OW-02,OWASP LLM02: CloudWatch Log Data Protection Policies,Not failing,N/A,N/A,Informational,Informational,"OWASP category: LLM02:2025 Sensitive Information Disclosure. Source check FS-43: Bedrock model invocation logging is not enabled, so no invocation logs are being delivered and there is no log content to mask. Prompt and completion content is therefore also unavailable for audit.","OWASP category: LLM02:2025 Sensitive Information Disclosure. Source check FS-43: Bedrock model invocation logging is not enabled, so no invocation logs are being delivered and there is no log content to mask. Prompt and completion content is therefore also unavailable for audit.",Apply a CloudWatch Logs data protection policy to log groups that receive Bedrock invocation logs.,https://genai.owasp.org/llmrisk/llm022025-sensitive-information-disclosure/,exact,2f6c1a7e-5b3d-4e8a-9c0f-000000000903,2f6c1a7e-5b3d-4e8a-9c0f-000000000927
123456789012,owasp,Global,OW-02,OWASP LLM02: Guardrail PII Entities Coverage,Not failing,N/A,N/A,Informational,Informational,OWASP category: LLM02:2025 Sensitive Information Disclosure. Source check FS-45: No Bedrock Guardrails configured.,OWASP category: LLM02:2025 Sensitive Information Disclosure. Source check FS-45: No Bedrock Guardrails configured.,Add the required PII entity types to the guardrail sensitiveInformationPolicy so PII in prompts/responses is filtered.,https://genai.owasp.org/llmrisk/llm022025-sensitive-information-disclosure/,exact,2f6c1a7e-5b3d-4e8a-9c0f-000000000903,2f6c1a7e-5b3d-4e8a-9c0f-000000000927
123456789012,owasp,Global,OW-02,OWASP LLM02: Macie Sensitive-Data Discovery,Still open,Failed,Failed,High,High,"OWASP category: LLM02:2025 Sensitive Information Disclosure. Source check FS-44: Amazon Macie is enabled, but automated sensitive data discovery is DISABLED. Enabling Macie alone does not scan any data, so S3 buckets containing training data and KB data sources are not being evaluated for PII.","OWASP category: LLM02:2025 Sensitive Information Disclosure. Source check FS-44: Amazon Macie is enabled, but automated sensitive data discovery is DISABLED. Enabling Macie alone does not scan any data, so S3 buckets containing training data and KB data sources are not being evaluated for PII.",Enable Amazon Macie with automated discovery on S3 buckets that hold training or knowledge-base data.,https://genai.owasp.org/llmrisk/llm022025-sensitive-information-disclosure/,exact,2f6c1a7e-5b3d-4e8a-9c0f-000000000903,2f6c1a7e-5b3d-4e8a-9c0f-000000000927
123456789012,owasp,Global,OW-02,OWASP LLM02: S3 Data-Classification Tagging,Not failing,N/A,N/A,Informational,Informational,OWASP category: LLM02:2025 Sensitive Information Disclosure. Source check FS-46: No S3 buckets with AI/ML naming found.,OWASP category: LLM02:2025 Sensitive Information Disclosure. Source check FS-46: No S3 buckets with AI/ML naming found.,Tag training and knowledge-base S3 buckets with a data-classification tag so downstream automations enforce controls consistent with the sensitivity level.,https://genai.owasp.org/llmrisk/llm022025-sensitive-information-disclosure/,exact,2f6c1a7e-5b3d-4e8a-9c0f-000000000903,2f6c1a7e-5b3d-4e8a-9c0f-000000000927
123456789012,owasp,Global,OW-03,OWASP LLM03: Adversarial Evaluation Coverage,Still open,Failed,Failed,Medium,Medium,OWASP category: LLM03:2025 Supply Chain. Source check FS-15: No Bedrock Model Evaluation jobs found. Models have not been evaluated for adversarial robustness. Model-risk management (SR 11-7) expects documented model validation/evaluation.,OWASP category: LLM03:2025 Supply Chain. Source check FS-15: No Bedrock Model Evaluation jobs found. Models have not been evaluated for adversarial robustness. Model-risk management (SR 11-7) expects documented model validation/evaluation.,Run Bedrock evaluation jobs that include adversarial and safety datasets before promoting a model to production.,https://genai.owasp.org/llmrisk/llm032025-supply-chain/,exact,2f6c1a7e-5b3d-4e8a-9c0f-000000000903,2f6c1a7e-5b3d-4e8a-9c0f-000000000927
123456789012,owasp,Global,OW-03,OWASP LLM03: Config Rules for Model Onboarding,Not failing,Passed,Passed,Medium,Medium,OWASP category: LLM03:2025 Supply Chain. Source check FS-14: Found 11 model-related Config rule(s).,OWASP category: LLM03:2025 Supply Chain. Source check FS-14: Found 11 model-related Config rule(s).,Deploy AWS Config rules that enforce required tags and configuration on AWS::Bedrock::* resources at creation time.,https://genai.owasp.org/llmrisk/llm032025-supply-chain/,exact,2f6c1a7e-5b3d-4e8a-9c0f-000000000903,2f6c1a7e-5b3d-4e8a-9c0f-000000000927
123456789012,owasp,Global,OW-03,OWASP LLM03: Custom-Model Provenance Tags,Not failing,Passed,Passed,Medium,Medium,OWASP category: LLM03:2025 Supply Chain. Source check FS-13: All reviewed models have required provenance tags.,OWASP category: LLM03:2025 Supply Chain. Source check FS-13: All reviewed models have required provenance tags.,"Tag every Bedrock custom model with model-source, model-version, approval-date, and risk-tier so provenance is auditable.",https://genai.owasp.org/llmrisk/llm032025-supply-chain/,exact,2f6c1a7e-5b3d-4e8a-9c0f-000000000903,2f6c1a7e-5b3d-4e8a-9c0f-000000000927
123456789012,owasp,Global,OW-03,OWASP LLM03: ECR Image Scanning,Not failing,Passed,Passed,High,High,"OWASP category: LLM03:2025 Supply Chain. Source check FS-16: Amazon Inspector enhanced scanning for ECR is ENABLED account-wide, so all 2 repository(ies) are continuously scanned. 1 repository(ies) do not set scan-on-push (cdk-hnb659fds-container-assets-123456789012-us-east-1), which is expected when enhanced scanning supersedes basic scanning.","OWASP category: LLM03:2025 Supply Chain. Source check FS-16: Amazon Inspector enhanced scanning for ECR is ENABLED account-wide, so all 2 repository(ies) are continuously scanned. 1 repository(ies) do not set scan-on-push (cdk-hnb659fds-container-assets-123456789012-us-east-1), which is expected when enhanced scanning supersedes basic scanning.",Enable Amazon Inspector enhanced scanning or scan-on-push on ECR repositories that hold model / agent container images.,https://genai.owasp.org/llmrisk/llm032025-supply-chain/,exact,2f6c1a7e-5b3d-4e8a-9c0f-000000000903,2f6c1a7e-5b3d-4e8a-9c0f-000000000927
123456789012,owasp,Global,OW-03,OWASP LLM03: SCP-Enforced Model Allowlist,Still open,Failed,Failed,High,High,"OWASP category: LLM03:2025 Supply Chain. Source check FS-12: No Service Control Policies reference Bedrock. Without SCPs, any account in the organization can access any Bedrock model, including unapproved third-party models.","OWASP category: LLM03:2025 Supply Chain. Source check FS-12: No Service Control Policies reference Bedrock. Without SCPs, any account in the organization can access any Bedrock model, including unapproved third-party models.",Attach an Organizations SCP that denies Bedrock inference outside allowlisted model and inference-profile ARNs using Resource or NotResource scoping.,https://genai.owasp.org/llmrisk/llm032025-supply-chain/,exact,2f6c1a7e-5b3d-4e8a-9c0f-000000000903,2f6c1a7e-5b3d-4e8a-9c0f-000000000927
123456789012,owasp,Global,OW-04,OWASP LLM04: Feature Store Offline Recovery,Not failing,N/A,N/A,Informational,Informational,OWASP category: LLM04:2025 Data and Model Poisoning. Source check FS-20: No SageMaker Feature Store groups found.,OWASP category: LLM04:2025 Data and Model Poisoning. Source check FS-20: No SageMaker Feature Store groups found.,"Enable OfflineStoreConfig on SageMaker Feature Groups so features have a durable, point-in-time record for rollback after a poisoning event.",https://genai.owasp.org/llmrisk/llm042025-data-and-model-poisoning/,exact,2f6c1a7e-5b3d-4e8a-9c0f-000000000903,2f6c1a7e-5b3d-4e8a-9c0f-000000000927
123456789012,owasp,Global,OW-04,OWASP LLM04: SageMaker Model Card Documentation,Not failing,N/A,N/A,Informational,Informational,"OWASP category: LLM04:2025 Data and Model Poisoning. Source check FS-42: No SageMaker Model Cards found. If GenAI workloads run on Bedrock rather than SageMaker, model documentation may legitimately live elsewhere; Model Cards are a SageMaker-specific artifact.","OWASP category: LLM04:2025 Data and Model Poisoning. Source check FS-42: No SageMaker Model Cards found. If GenAI workloads run on Bedrock rather than SageMaker, model documentation may legitimately live elsewhere; Model Cards are a SageMaker-specific artifact.","Create SageMaker Model Cards for production models that document intended use, training data provenance, and bias/fairness evaluations so poisoned or drifted models are detectable against a documented baseline.",https://genai.owasp.org/llmrisk/llm042025-data-and-model-poisoning/,exact,2f6c1a7e-5b3d-4e8a-9c0f-000000000903,2f6c1a7e-5b3d-4e8a-9c0f-000000000927
123456789012,owasp,Global,OW-04,OWASP LLM04: Training-Data Versioning,Not failing,N/A,N/A,Informational,Informational,OWASP category: LLM04:2025 Data and Model Poisoning. Source check FS-21: No S3 buckets with training/model naming found.,OWASP category: LLM04:2025 Data and Model Poisoning. Source check FS-21: No S3 buckets with training/model naming found.,Enable S3 versioning on training-data buckets so poisoned data can be reverted.,https://genai.owasp.org/llmrisk/llm042025-data-and-model-poisoning/,exact,2f6c1a7e-5b3d-4e8a-9c0f-000000000903,2f6c1a7e-5b3d-4e8a-9c0f-000000000927
123456789012,owasp,Global,OW-05,OWASP LLM05: Output Encoding Libraries,Not failing,N/A,N/A,Informational,Informational,OWASP category: LLM05:2025 Improper Output Handling. Source check FS-57: Output encoding practices cannot be verified via AWS APIs. Manual code review required.,OWASP category: LLM05:2025 Improper Output Handling. Source check FS-57: Output encoding practices cannot be verified via AWS APIs. Manual code review required.,"Ensure Lambdas that render model output use a well-known output-encoding library appropriate to the downstream sink (HTML, SQL, shell, etc.).",https://genai.owasp.org/llmrisk/llm052025-improper-output-handling/,exact,2f6c1a7e-5b3d-4e8a-9c0f-000000000903,2f6c1a7e-5b3d-4e8a-9c0f-000000000927
123456789012,owasp,Global,OW-05,OWASP LLM05: Output-Validation Lambda,Still open,Failed,Failed,Medium,Medium,OWASP category: LLM05:2025 Improper Output Handling. Source check FS-55: No Lambda functions with output validation/sanitization naming found. GenAI outputs may be passed directly to downstream systems without validation.,OWASP category: LLM05:2025 Improper Output Handling. Source check FS-55: No Lambda functions with output validation/sanitization naming found. GenAI outputs may be passed directly to downstream systems without validation.,Deploy an output-validation / sanitisation Lambda between the model response and any downstream consumer to filter injection payloads in generated output.,https://genai.owasp.org/llmrisk/llm052025-improper-output-handling/,exact,2f6c1a7e-5b3d-4e8a-9c0f-000000000903,2f6c1a7e-5b3d-4e8a-9c0f-000000000927
123456789012,owasp,Global,OW-05,OWASP LLM05: Step Functions Output Schema Validation,Not failing,N/A,N/A,Informational,Informational,OWASP category: LLM05:2025 Improper Output Handling. Source check FS-58: Found 0 Lambda function(s) whose names suggest schema/validation handling. Structured-output / JSON-schema validation of GenAI responses is an application-layer control that cannot be verified automatically — manual review required.,OWASP category: LLM05:2025 Improper Output Handling. Source check FS-58: Found 0 Lambda function(s) whose names suggest schema/validation handling. Structured-output / JSON-schema validation of GenAI responses is an application-layer control that cannot be verified automatically — manual review required.,Add explicit schema-validation states in Step Functions workflows that consume model output.,https://genai.owasp.org/llmrisk/llm052025-improper-output-handling/,exact,2f6c1a7e-5b3d-4e8a-9c0f-000000000903,2f6c1a7e-5b3d-4e8a-9c0f-000000000927
123456789012,owasp,Global,OW-05,OWASP LLM05: WAF XSS Protection,Not failing,N/A,N/A,Informational,Informational,OWASP category: LLM05:2025 Improper Output Handling. Source check FS-56: No regional WAF Web ACLs found.,OWASP category: LLM05:2025 Improper Output Handling. Source check FS-56: No regional WAF Web ACLs found.,Ensure the WAF Web ACL guarding GenAI ingress includes AWSManagedRulesCommonRuleSet (XSS) or an equivalent XssMatchStatement.,https://genai.owasp.org/llmrisk/llm052025-improper-output-handling/,exact,2f6c1a7e-5b3d-4e8a-9c0f-000000000903,2f6c1a7e-5b3d-4e8a-9c0f-000000000927
123456789012,owasp,Global,OW-06,OWASP LLM06: Agent Execution Role Least Privilege,Not failing,N/A,N/A,Informational,Informational,OWASP category: LLM06:2025 Excessive Agency. Source check FS-07: No Bedrock agents found.,OWASP category: LLM06:2025 Excessive Agency. Source check FS-07: No Bedrock agents found.,Remove wildcard sensitive actions from Bedrock Agent execution roles.,https://genai.owasp.org/llmrisk/llm062025-excessive-agency/,exact,2f6c1a7e-5b3d-4e8a-9c0f-000000000903,2f6c1a7e-5b3d-4e8a-9c0f-000000000927
123456789012,owasp,Global,OW-06,OWASP LLM06: Agent Tool Concurrency Limits,Still open,Failed,Failed,Medium,Medium,"OWASP category: LLM06:2025 Excessive Agency. Source check FS-09: Agent-related Lambda functions without reserved concurrency: aiml-security-aiml-sec-123456789012-AgentCoreAssessment, aiml-security-aiml-sec-123456789012-CleanupBucket, aiml-security-aiml-sec-123456789012-ResolveRegions, aiml-security-aiml-sec-123456789012-SagemakerAssessment, aiml-security-aiml-sec-123456789012-GenerateReport, aiml-security-aiml-sec-123456789012-AgentRegistryAssessment, aiml-security-aiml-sec-123456789012-RAIGRCAssessment, aiml-security-aiml-sec-123456789012-BedrockAssessment, AIML-Standalone-CodeBuildStartBuildLambda-eAzlGvTTrtQW, aiml-security-aiml-sec-123456789012-IAMPermissionCaching. Unlimited concurrency allows runaway agent loops to exhaust account limits.","OWASP category: LLM06:2025 Excessive Agency. Source check FS-09: Agent-related Lambda functions without reserved concurrency: aiml-security-aiml-sec-123456789012-AgentCoreAssessment, aiml-security-aiml-sec-123456789012-CleanupBucket, aiml-security-aiml-sec-123456789012-ResolveRegions, aiml-security-aiml-sec-123456789012-SagemakerAssessment, aiml-security-aiml-sec-123456789012-GenerateReport, aiml-security-aiml-sec-123456789012-AgentRegistryAssessment, aiml-security-aiml-sec-123456789012-RAIGRCAssessment, aiml-security-aiml-sec-123456789012-BedrockAssessment, AIML-Standalone-CodeBuildStartBuildLambda-eAzlGvTTrtQW, aiml-security-aiml-sec-123456789012-IAMPermissionCaching. Unlimited concurrency allows runaway agent loops to exhaust account limits.",Set reserved concurrency on agent action-group Lambdas so a runaway agent cannot exhaust downstream capacity.,https://genai.owasp.org/llmrisk/llm062025-excessive-agency/,exact,2f6c1a7e-5b3d-4e8a-9c0f-000000000903,2f6c1a7e-5b3d-4e8a-9c0f-000000000927
123456789012,owasp,Global,OW-06,OWASP LLM06: Agent Transaction Thresholds,Not failing,N/A,N/A,Informational,Informational,"OWASP category: LLM06:2025 Excessive Agency. Source check FS-67: No Lambda functions matching agent action-group naming patterns found. If agents perform financial transactions, verify transaction-value limits are enforced in the action-group implementation.","OWASP category: LLM06:2025 Excessive Agency. Source check FS-67: No Lambda functions matching agent action-group naming patterns found. If agents perform financial transactions, verify transaction-value limits are enforced in the action-group implementation.",Encode agent transaction thresholds in Cedar policies or Lambda configuration so per-action limits are enforced.,https://genai.owasp.org/llmrisk/llm062025-excessive-agency/,exact,2f6c1a7e-5b3d-4e8a-9c0f-000000000903,2f6c1a7e-5b3d-4e8a-9c0f-000000000927
123456789012,owasp,Global,OW-06,OWASP LLM06: AgentCore Gateway Policy Engine,Not failing,N/A,N/A,Informational,Informational,OWASP category: LLM06:2025 Excessive Agency. Source check FS-08: No AgentCore runtimes found; inbound authorizer check not applicable.,OWASP category: LLM06:2025 Excessive Agency. Source check FS-08: No AgentCore runtimes found; inbound authorizer check not applicable.,Set AgentCore Gateway policyEngineConfiguration.mode to ENFORCE and require identity propagation on Runtimes.,https://genai.owasp.org/llmrisk/llm062025-excessive-agency/,exact,2f6c1a7e-5b3d-4e8a-9c0f-000000000903,2f6c1a7e-5b3d-4e8a-9c0f-000000000927
123456789012,owasp,Global,OW-06,OWASP LLM06: AgentCore IAM Least Privilege,Not failing,Passed,Passed,High,High,OWASP category: LLM06:2025 Excessive Agency. Source check AC-02: No roles with overly permissive AgentCore access found,OWASP category: LLM06:2025 Excessive Agency. Source check AC-02: No roles with overly permissive AgentCore access found,Remove AmazonBedrockAgentCoreFullAccess (or equivalents) from identities that only need read/execute permissions.,https://genai.owasp.org/llmrisk/llm062025-excessive-agency/,exact,2f6c1a7e-5b3d-4e8a-9c0f-000000000903,2f6c1a7e-5b3d-4e8a-9c0f-000000000927
123456789012,owasp,Global,OW-06,OWASP LLM06: Human-in-the-Loop Callback States,Not failing,N/A,N/A,Informational,Informational,"OWASP category: LLM06:2025 Excessive Agency. Source check FS-10: No Step Functions state machines with agent/approval naming found. Verify that high-risk agent actions (e.g., fund transfers, account changes) have human approval gates.","OWASP category: LLM06:2025 Excessive Agency. Source check FS-10: No Step Functions state machines with agent/approval naming found. Verify that high-risk agent actions (e.g., fund transfers, account changes) have human approval gates.",Insert Step Functions .waitForTaskToken callback states before any high-risk agent-triggered action.,https://genai.owasp.org/llmrisk/llm062025-excessive-agency/,exact,2f6c1a7e-5b3d-4e8a-9c0f-000000000903,2f6c1a7e-5b3d-4e8a-9c0f-000000000927
123456789012,owasp,Global,OW-08,OWASP LLM08: KB IAM Scope,Still open,Failed,Failed,High,High,"OWASP category: LLM08:2025 Vector and Embedding Weaknesses. Source check FS-22: 787 role(s) with wildcard KB permissions:
- Role 'Admin' allows '*'
- Role 'aiml-sec-123456789012-BedrockSecurityAssessmentFunc-sl8sQor1MSud' allows 'bedrock:ListGuardrails' on Resource '*' (no ARN scoping to specific Knowledge Bases)
- Role 'aiml-sec-123456789012-BedrockSecurityAssessmentFunc-sl8sQor1MSud' allows 'bedrock:GetGuardrail' on Resource '*' (no ARN scoping to specific Knowledge Bases)
- Role 'aiml-sec-123456789012-BedrockSecurityAssessmentFunc-sl8sQor1MSud' allows 'bedrock:GetModelInvocationLoggingConfiguration' on Resource '*' (no ARN scoping to specific Knowledge Bases)
- Role 'aiml-sec-123456789012-BedrockSecurityAssessmentFunc-sl8sQor1MSud' allows 'bedrock:ListPrompts' on Resource '*' (no ARN scoping to specific Knowledge Bases)
- Role 'aiml-sec-123456789012-BedrockSecurityAssessmentFunc-sl8sQor1MSud' allows 'bedrock:GetPrompt' on Resource '*' (no ARN scoping to specific Knowledge Bases)
- Role 'aiml-sec-123456789012-BedrockSecurityAssessmentFunc-sl8sQor1MSud' allows 'bedrock:ListAgents' on Resource '*' (no ARN scoping to specific Knowledge Bases)
- Role 'aiml-sec-123456789012-BedrockSecurityAssessmentFunc-sl8sQor1MSud' allows 'bedrock:GetAgent' on Resource '*' (no ARN scoping to specific Knowledge Bases)
- Role 'aiml-sec-123456789012-BedrockSecurityAssessmentFunc-sl8sQor1MSud' allows 'bedrock:ListCustomModels' on Resource '*' (no ARN scoping to specific Knowledge Bases)
- Role 'aiml-sec-123456789012-BedrockSecurityAssessmentFunc-sl8sQor1MSud' allows 'bedrock:GetCustomModel' on Resource '*' (no ARN scoping to specific Knowledge Bases)","OWASP category: LLM08:2025 Vector and Embedding Weaknesses. Source check FS-22: 787 role(s) with wildcard KB permissions:
- Role 'Admin' allows '*'
- Role 'aiml-sec-123456789012-BedrockSecurityAssessmentFunc-sl8sQor1MSud' allows 'bedrock:ListGuardrails' on Resource '*' (no ARN scoping to specific Knowledge Bases)
- Role 'aiml-sec-123456789012-BedrockSecurityAssessmentFunc-sl8sQor1MSud' allows 'bedrock:GetGuardrail' on Resource '*' (no ARN scoping to specific Knowledge Bases)
- Role 'aiml-sec-123456789012-BedrockSecurityAssessmentFunc-sl8sQor1MSud' allows 'bedrock:GetModelInvocationLoggingConfiguration' on Resource '*' (no ARN scoping to specific Knowledge Bases)
- Role 'aiml-sec-123456789012-BedrockSecurityAssessmentFunc-sl8sQor1MSud' allows 'bedrock:ListPrompts' on Resource '*' (no ARN scoping to specific Knowledge Bases)
- Role 'aiml-sec-123456789012-BedrockSecurityAssessmentFunc-sl8sQor1MSud' allows 'bedrock:GetPrompt' on Resource '*' (no ARN scoping to specific Knowledge Bases)
- Role 'aiml-sec-123456789012-BedrockSecurityAssessmentFunc-sl8sQor1MSud' allows 'bedrock:ListAgents' on Resource '*' (no ARN scoping to specific Knowledge Bases)
- Role 'aiml-sec-123456789012-BedrockSecurityAssessmentFunc-sl8sQor1MSud' allows 'bedrock:GetAgent' on Resource '*' (no ARN scoping to specific Knowledge Bases)
- Role 'aiml-sec-123456789012-BedrockSecurityAssessmentFunc-sl8sQor1MSud' allows 'bedrock:ListCustomModels' on Resource '*' (no ARN scoping to specific Knowledge Bases)
- Role 'aiml-sec-123456789012-BedrockSecurityAssessmentFunc-sl8sQor1MSud' allows 'bedrock:GetCustomModel' on Resource '*' (no ARN scoping to specific Knowledge Bases)",Scope Knowledge Base IAM roles to specific KB ARNs; remove wildcard bedrock:* on KB actions.,https://genai.owasp.org/llmrisk/llm082025-vector-and-embedding-weaknesses/,exact,2f6c1a7e-5b3d-4e8a-9c0f-000000000903,2f6c1a7e-5b3d-4e8a-9c0f-000000000927
123456789012,owasp,Global,OW-08,OWASP LLM08: KB Metadata Filtering,Not failing,N/A,N/A,Informational,Informational,OWASP category: LLM08:2025 Vector and Embedding Weaknesses. Source check FS-24: No Bedrock Knowledge Bases found.,OWASP category: LLM08:2025 Vector and Embedding Weaknesses. Source check FS-24: No Bedrock Knowledge Bases found.,Define Knowledge Base metadata fields so tenant / document-level filtering can be applied at retrieval time.,https://genai.owasp.org/llmrisk/llm082025-vector-and-embedding-weaknesses/,exact,2f6c1a7e-5b3d-4e8a-9c0f-000000000903,2f6c1a7e-5b3d-4e8a-9c0f-000000000927
123456789012,owasp,Global,OW-08,OWASP LLM08: OpenSearch Serverless Encryption,Not failing,N/A,N/A,Informational,Informational,"OWASP category: LLM08:2025 Vector and Embedding Weaknesses. Source check FS-25: No OpenSearch Serverless collections exist in this region, so there is no OpenSearch vector-store data at rest to encrypt. If Bedrock Knowledge Bases use a different vector store (S3 Vectors, Aurora, Pinecone), verify its encryption separately.","OWASP category: LLM08:2025 Vector and Embedding Weaknesses. Source check FS-25: No OpenSearch Serverless collections exist in this region, so there is no OpenSearch vector-store data at rest to encrypt. If Bedrock Knowledge Bases use a different vector store (S3 Vectors, Aurora, Pinecone), verify its encryption separately.",Use a customer-managed KMS key on the OpenSearch Serverless encryption policy for the vector collection.,https://genai.owasp.org/llmrisk/llm082025-vector-and-embedding-weaknesses/,exact,2f6c1a7e-5b3d-4e8a-9c0f-000000000903,2f6c1a7e-5b3d-4e8a-9c0f-000000000927
123456789012,owasp,Global,OW-08,OWASP LLM08: OpenSearch Serverless Network Policy,Still open,Failed,Failed,High,High,OWASP category: LLM08:2025 Vector and Embedding Weaknesses. Source check FS-26: No OpenSearch Serverless network policies found. Vector store collections may be publicly accessible.,OWASP category: LLM08:2025 Vector and Embedding Weaknesses. Source check FS-26: No OpenSearch Serverless network policies found. Vector store collections may be publicly accessible.,Set AllowFromPublic=false on the OpenSearch Serverless network policy and restrict access to bedrock.amazonaws.com or a specific VPC endpoint.,https://genai.owasp.org/llmrisk/llm082025-vector-and-embedding-weaknesses/,exact,2f6c1a7e-5b3d-4e8a-9c0f-000000000903,2f6c1a7e-5b3d-4e8a-9c0f-000000000927
123456789012,owasp,Global,OW-09,OWASP LLM09: Active Knowledge Base Present,Still open,Failed,Failed,Medium,Medium,"OWASP category: LLM09:2025 Misinformation. Source check FS-48: No active Bedrock Knowledge Bases found. GenAI responses are not grounded in authoritative data sources, increasing hallucination risk.","OWASP category: LLM09:2025 Misinformation. Source check FS-48: No active Bedrock Knowledge Bases found. GenAI responses are not grounded in authoritative data sources, increasing hallucination risk.","Deploy at least one ACTIVE Knowledge Base when Bedrock models are used, so grounded retrieval is available.",https://genai.owasp.org/llmrisk/llm092025-misinformation/,exact,2f6c1a7e-5b3d-4e8a-9c0f-000000000903,2f6c1a7e-5b3d-4e8a-9c0f-000000000927
123456789012,owasp,Global,OW-09,OWASP LLM09: Grounding Filter Threshold,Not failing,N/A,N/A,Informational,Informational,OWASP category: LLM09:2025 Misinformation. Source check FS-47: No Bedrock Guardrails configured.,OWASP category: LLM09:2025 Misinformation. Source check FS-47: No Bedrock Guardrails configured.,Set the contextual grounding filter threshold to at least 0.70 on guardrails used for RAG workflows.,https://genai.owasp.org/llmrisk/llm092025-misinformation/,exact,2f6c1a7e-5b3d-4e8a-9c0f-000000000903,2f6c1a7e-5b3d-4e8a-9c0f-000000000927
123456789012,owasp,Global,OW-09,OWASP LLM09: KB S3 Data-Source Integrity,Not failing,N/A,N/A,Informational,Informational,OWASP category: LLM09:2025 Misinformation. Source check FS-33: No Bedrock Knowledge Bases found.,OWASP category: LLM09:2025 Misinformation. Source check FS-33: No Bedrock Knowledge Bases found.,Enable S3 versioning + notifications on Knowledge Base data-source buckets so ingest failures are visible.,https://genai.owasp.org/llmrisk/llm092025-misinformation/,exact,2f6c1a7e-5b3d-4e8a-9c0f-000000000903,2f6c1a7e-5b3d-4e8a-9c0f-000000000927
123456789012,owasp,Global,OW-09,OWASP LLM09: Knowledge-Base Ingestion Freshness,Not failing,N/A,N/A,Informational,Informational,OWASP category: LLM09:2025 Misinformation. Source check FS-31: No Bedrock Knowledge Bases found.,OWASP category: LLM09:2025 Misinformation. Source check FS-31: No Bedrock Knowledge Bases found.,Sync Knowledge Base data sources on a schedule (weekly at most); stale KB content increases hallucination risk.,https://genai.owasp.org/llmrisk/llm092025-misinformation/,exact,2f6c1a7e-5b3d-4e8a-9c0f-000000000903,2f6c1a7e-5b3d-4e8a-9c0f-000000000927
123456789012,owasp,Global,OW-09,OWASP LLM09: SageMaker Model Card Documentation,Not failing,N/A,N/A,Informational,Informational,"OWASP category: LLM09:2025 Misinformation. Source check FS-42: No SageMaker Model Cards found. If GenAI workloads run on Bedrock rather than SageMaker, model documentation may legitimately live elsewhere; Model Cards are a SageMaker-specific artifact.","OWASP category: LLM09:2025 Misinformation. Source check FS-42: No SageMaker Model Cards found. If GenAI workloads run on Bedrock rather than SageMaker, model documentation may legitimately live elsewhere; Model Cards are a SageMaker-specific artifact.","Document each production model's intended use, known limitations, and evaluation results in a SageMaker Model Card so misinformation risks tied to model behaviour are traceable to a reviewed system card.",https://genai.owasp.org/llmrisk/llm092025-misinformation/,exact,2f6c1a7e-5b3d-4e8a-9c0f-000000000903,2f6c1a7e-5b3d-4e8a-9c0f-000000000927
123456789012,owasp,Global,OW-09,OWASP LLM09: Source Attribution,Not failing,N/A,N/A,Informational,Informational,OWASP category: LLM09:2025 Misinformation. Source check FS-32: Source attribution in GenAI responses cannot be verified via AWS APIs. Manual review required to confirm responses include citations.,OWASP category: LLM09:2025 Misinformation. Source check FS-32: Source attribution in GenAI responses cannot be verified via AWS APIs. Manual review required to confirm responses include citations.,Return citations in RetrieveAndGenerate responses so end users can verify grounding.,https://genai.owasp.org/llmrisk/llm092025-misinformation/,exact,2f6c1a7e-5b3d-4e8a-9c0f-000000000903,2f6c1a7e-5b3d-4e8a-9c0f-000000000927
123456789012,owasp,Global,OW-10,OWASP LLM10: API Gateway Request Body Size Limits,Still open,Failed,Failed,Medium,Medium,"OWASP category: LLM10:2025 Unbounded Consumption. Source check FS-68: Found 4 REST API(s) and 0 regional WAF Web ACL(s), but none enforce a maximum request-body size. Note: an API Gateway request validator does NOT cap body size (it validates the schema and required params; the REST limit is a fixed 10 MB), and a WAF body SizeConstraint only inspects the first ~16 KB of the body by default. Oversized prompts can exhaust Bedrock token quotas and inflate costs.","OWASP category: LLM10:2025 Unbounded Consumption. Source check FS-68: Found 4 REST API(s) and 0 regional WAF Web ACL(s), but none enforce a maximum request-body size. Note: an API Gateway request validator does NOT cap body size (it validates the schema and required params; the REST limit is a fixed 10 MB), and a WAF body SizeConstraint only inspects the first ~16 KB of the body by default. Oversized prompts can exhaust Bedrock token quotas and inflate costs.",Configure API Gateway request validation or an equivalent ingress control so GenAI endpoints reject oversized request bodies before they can drive excessive model consumption.,https://genai.owasp.org/llmrisk/llm102025-unbounded-consumption/,exact,2f6c1a7e-5b3d-4e8a-9c0f-000000000903,2f6c1a7e-5b3d-4e8a-9c0f-000000000927
123456789012,owasp,Global,OW-10,OWASP LLM10: API Gateway Usage Plans,Not failing,N/A,N/A,Informational,Informational,OWASP category: LLM10:2025 Unbounded Consumption. Source check FS-02: No usage plans configured. GenAI API endpoints may have no rate limits.,OWASP category: LLM10:2025 Unbounded Consumption. Source check FS-02: No usage plans configured. GenAI API endpoints may have no rate limits.,Attach API Gateway Usage Plans with non-zero rateLimit / burstLimit to any REST APIs that proxy Bedrock.,https://genai.owasp.org/llmrisk/llm102025-unbounded-consumption/,exact,2f6c1a7e-5b3d-4e8a-9c0f-000000000903,2f6c1a7e-5b3d-4e8a-9c0f-000000000927
123456789012,owasp,Global,OW-10,OWASP LLM10: AWS Budgets with Bedrock Filters,Still open,Failed,Failed,Medium,Medium,OWASP category: LLM10:2025 Unbounded Consumption. Source check FS-06: No AWS Budgets found scoped to Bedrock or SageMaker. Unbounded GenAI spend can go undetected until the monthly bill.,OWASP category: LLM10:2025 Unbounded Consumption. Source check FS-06: No AWS Budgets found scoped to Bedrock or SageMaker. Unbounded GenAI spend can go undetected until the monthly bill.,"Configure AWS Budgets with FilterExpression / CostFilters targeting Bedrock or SageMaker spend, with an alerting SNS action.",https://genai.owasp.org/llmrisk/llm102025-unbounded-consumption/,exact,2f6c1a7e-5b3d-4e8a-9c0f-000000000903,2f6c1a7e-5b3d-4e8a-9c0f-000000000927
123456789012,owasp,Global,OW-10,OWASP LLM10: Bedrock TPM/RPM Quotas Customised,Not failing,Passed,Passed,Medium,Medium,"OWASP category: LLM10:2025 Unbounded Consumption. Source check FS-03: Found 266 Bedrock token-based quota(s); at least one applied value exceeds the AWS default, indicating quotas have been reviewed and raised.","OWASP category: LLM10:2025 Unbounded Consumption. Source check FS-03: Found 266 Bedrock token-based quota(s); at least one applied value exceeds the AWS default, indicating quotas have been reviewed and raised.",Customise Bedrock service quotas above the account default so consumption is explicitly bounded.,https://genai.owasp.org/llmrisk/llm102025-unbounded-consumption/,exact,2f6c1a7e-5b3d-4e8a-9c0f-000000000903,2f6c1a7e-5b3d-4e8a-9c0f-000000000927
123456789012,owasp,Global,OW-10,OWASP LLM10: Cost Anomaly Detection,Still open,Failed,Failed,Medium,Medium,"OWASP category: LLM10:2025 Unbounded Consumption. Source check FS-04: No AWS Cost Anomaly Detection monitors found. Unexpected spikes in Bedrock/SageMaker usage (e.g., from prompt injection loops) will go undetected.","OWASP category: LLM10:2025 Unbounded Consumption. Source check FS-04: No AWS Cost Anomaly Detection monitors found. Unexpected spikes in Bedrock/SageMaker usage (e.g., from prompt injection loops) will go undetected.",Configure AWS Cost Anomaly Detection monitors that include Bedrock and SageMaker.,https://genai.owasp.org/llmrisk/llm102025-unbounded-consumption/,exact,2f6c1a7e-5b3d-4e8a-9c0f-000000000903,2f6c1a7e-5b3d-4e8a-9c0f-000000000927
123456789012,owasp,Global,OW-10,OWASP LLM10: Token / Throttle Alarms,Still open,Failed,Failed,Medium,Medium,OWASP category: LLM10:2025 Unbounded Consumption. Source check FS-05: No CloudWatch alarms found for Bedrock metrics. Token exhaustion and throttling events will not trigger operational alerts.,OWASP category: LLM10:2025 Unbounded Consumption. Source check FS-05: No CloudWatch alarms found for Bedrock metrics. Token exhaustion and throttling events will not trigger operational alerts.,Create CloudWatch alarms on the Bedrock namespace for InvocationThrottles and token counters.,https://genai.owasp.org/llmrisk/llm102025-unbounded-consumption/,exact,2f6c1a7e-5b3d-4e8a-9c0f-000000000903,2f6c1a7e-5b3d-4e8a-9c0f-000000000927
123456789012,owasp,Global,OW-10,OWASP LLM10: WAF Rate-Based & Shield Protection,Still open,Failed,Failed,Low,Low,OWASP category: LLM10:2025 Unbounded Consumption. Source check FS-01: AWS Shield Advanced is not subscribed. GenAI API endpoints are vulnerable to volumetric DDoS attacks that can exhaust token quotas and inflate costs.,OWASP category: LLM10:2025 Unbounded Consumption. Source check FS-01: AWS Shield Advanced is not subscribed. GenAI API endpoints are vulnerable to volumetric DDoS attacks that can exhaust token quotas and inflate costs.,Add a WAF RateBasedStatement plus a SizeConstraintStatement on the GenAI ingress and subscribe to AWS Shield Advanced.,https://genai.owasp.org/llmrisk/llm102025-unbounded-consumption/,exact,2f6c1a7e-5b3d-4e8a-9c0f-000000000903,2f6c1a7e-5b3d-4e8a-9c0f-000000000927
123456789012,owasp,Global,OW-10,OWASP LLM10: WAF Rate-Based & Shield Protection,Still open,Failed,Failed,Medium,Medium,"OWASP category: LLM10:2025 Unbounded Consumption. Source check FS-01: No AWS WAF regional Web ACLs found. Without WAF, GenAI endpoints lack rate-based rules to block abusive callers.","OWASP category: LLM10:2025 Unbounded Consumption. Source check FS-01: No AWS WAF regional Web ACLs found. Without WAF, GenAI endpoints lack rate-based rules to block abusive callers.",Add a WAF RateBasedStatement plus a SizeConstraintStatement on the GenAI ingress and subscribe to AWS Shield Advanced.,https://genai.owasp.org/llmrisk/llm102025-unbounded-consumption/,exact,2f6c1a7e-5b3d-4e8a-9c0f-000000000903,2f6c1a7e-5b3d-4e8a-9c0f-000000000927
123456789012,owasp,us-east-1,OW-01,OWASP LLM01: Contextual Grounding Guardrail,Not failing,N/A,N/A,Informational,Informational,OWASP category: LLM01:2025 Prompt Injection. Source check BR-27: No Bedrock guardrails configured in this region,OWASP category: LLM01:2025 Prompt Injection. Source check BR-27: No Bedrock guardrails configured in this region,Enable Bedrock guardrail contextual grounding checks to reduce the surface for indirect prompt injection through retrieved context.,https://genai.owasp.org/llmrisk/llm01-prompt-injection/,exact,2f6c1a7e-5b3d-4e8a-9c0f-000000000903,2f6c1a7e-5b3d-4e8a-9c0f-000000000927
123456789012,owasp,us-east-1,OW-01,OWASP LLM01: GuardDuty AI Protection,Still open,Failed,Failed,High,High,"OWASP category: LLM01:2025 Prompt Injection. Source check SM-26: GuardDuty is enabled, but the AI Protection detector feature is not enabled.","OWASP category: LLM01:2025 Prompt Injection. Source check SM-26: GuardDuty is enabled, but the AI Protection detector feature is not enabled.",Enable the GuardDuty AI_PROTECTION detector feature to detect supported direct prompt-injection activity.,https://genai.owasp.org/llmrisk/llm01-prompt-injection/,exact,2f6c1a7e-5b3d-4e8a-9c0f-000000000903,2f6c1a7e-5b3d-4e8a-9c0f-000000000927
123456789012,owasp,us-east-1,OW-01,OWASP LLM01: Guardrail Content Filter Coverage,Not failing,N/A,N/A,Informational,Informational,OWASP category: LLM01:2025 Prompt Injection. Source check BR-23: No Bedrock guardrails configured in this region,OWASP category: LLM01:2025 Prompt Injection. Source check BR-23: No Bedrock guardrails configured in this region,"Enable Bedrock guardrail content filters (HATE, VIOLENCE, SEXUAL, INSULTS, MISCONDUCT) at MEDIUM strength or higher, and set the PROMPT_ATTACK filter at STANDARD tier.",https://genai.owasp.org/llmrisk/llm01-prompt-injection/,exact,2f6c1a7e-5b3d-4e8a-9c0f-000000000903,2f6c1a7e-5b3d-4e8a-9c0f-000000000927
123456789012,owasp,us-east-1,OW-01,OWASP LLM01: Model Invocation Logging,Not failing,N/A,N/A,Informational,Informational,OWASP category: LLM01:2025 Prompt Injection. Source check BR-04: No regional Bedrock resources found to monitor with invocation logging,OWASP category: LLM01:2025 Prompt Injection. Source check BR-04: No regional Bedrock resources found to monitor with invocation logging,Enable Bedrock model invocation logging to S3 and/or CloudWatch Logs so injection attempts and their surrounding context are captured for detection and post-incident analysis.,https://genai.owasp.org/llmrisk/llm01-prompt-injection/,exact,2f6c1a7e-5b3d-4e8a-9c0f-000000000903,2f6c1a7e-5b3d-4e8a-9c0f-000000000927
123456789012,owasp,us-east-1,OW-01,OWASP LLM01: Preventive Prompt Attack Filter,Not failing,N/A,N/A,Informational,Informational,OWASP category: LLM01:2025 Prompt Injection. Source check BR-34: No Bedrock guardrails configured in this region,OWASP category: LLM01:2025 Prompt Injection. Source check BR-34: No Bedrock guardrails configured in this region,Configure a preventive Bedrock Guardrails PROMPT_ATTACK input filter with BLOCK action and a non-NONE strength.,https://genai.owasp.org/llmrisk/llm01-prompt-injection/,exact,2f6c1a7e-5b3d-4e8a-9c0f-000000000903,2f6c1a7e-5b3d-4e8a-9c0f-000000000927
123456789012,owasp,us-east-1,OW-02,OWASP LLM02: AgentCore Token Vault CMK Encryption,Resolved,Failed,Passed,High,High,OWASP category: LLM02:2025 Sensitive Information Disclosure. Source check AC-14: AgentCore token vault 'default' uses a service-managed or AWS-owned key.,OWASP category: LLM02:2025 Sensitive Information Disclosure. Source check AC-14: AgentCore token vault 'default' uses a customer-managed KMS key.,Configure the AgentCore Identity token vault with a customer-managed KMS key to protect stored credentials and tokens.,https://genai.owasp.org/llmrisk/llm022025-sensitive-information-disclosure/,single-row,2f6c1a7e-5b3d-4e8a-9c0f-000000000903,2f6c1a7e-5b3d-4e8a-9c0f-000000000927
123456789012,owasp,us-east-1,OW-02,OWASP LLM02: Automated Reasoning Policy Encryption,Not failing,N/A,N/A,Informational,Informational,OWASP category: LLM02:2025 Sensitive Information Disclosure. Source check BR-38: No Automated Reasoning policies found,OWASP category: LLM02:2025 Sensitive Information Disclosure. Source check BR-38: No Automated Reasoning policies found,Encrypt Automated Reasoning policies with a customer-managed KMS key to protect policy definitions and associated sensitive configuration.,https://genai.owasp.org/llmrisk/llm022025-sensitive-information-disclosure/,exact,2f6c1a7e-5b3d-4e8a-9c0f-000000000903,2f6c1a7e-5b3d-4e8a-9c0f-000000000927
123456789012,owasp,us-east-1,OW-02,OWASP LLM02: Bedrock Data Retention Boundary,Still open,Failed,Failed,High,High,OWASP category: LLM02:2025 Sensitive Information Disclosure. Source check BR-37: Bedrock account data retention is inherit; this does not establish an explicit account-level zero-data-retention setting.,OWASP category: LLM02:2025 Sensitive Information Disclosure. Source check BR-37: Bedrock account data retention is inherit; this does not establish an explicit account-level zero-data-retention setting.,Configure Bedrock account data retention as none and disable provider data sharing when prompts or responses may contain sensitive information.,https://genai.owasp.org/llmrisk/llm022025-sensitive-information-disclosure/,exact,2f6c1a7e-5b3d-4e8a-9c0f-000000000903,2f6c1a7e-5b3d-4e8a-9c0f-000000000927
123456789012,owasp,us-east-1,OW-02,OWASP LLM02: Guardrail PII / Regex Filters,Not failing,N/A,N/A,Informational,Informational,OWASP category: LLM02:2025 Sensitive Information Disclosure. Source check BR-26: No Bedrock guardrails configured in this region,OWASP category: LLM02:2025 Sensitive Information Disclosure. Source check BR-26: No Bedrock guardrails configured in this region,Configure guardrail sensitiveInformationPolicy with PII entities and regex patterns; set outputAction=ANONYMIZE or BLOCK.,https://genai.owasp.org/llmrisk/llm022025-sensitive-information-disclosure/,exact,2f6c1a7e-5b3d-4e8a-9c0f-000000000903,2f6c1a7e-5b3d-4e8a-9c0f-000000000927
123456789012,owasp,us-east-1,OW-02,OWASP LLM02: HyperPod Volume CMK Encryption,Not failing,N/A,N/A,Informational,Informational,OWASP category: LLM02:2025 Sensitive Information Disclosure. Source check SM-27: No SageMaker HyperPod clusters found,OWASP category: LLM02:2025 Sensitive Information Disclosure. Source check SM-27: No SageMaker HyperPod clusters found,Encrypt HyperPod root and secondary EBS volumes with customer-managed KMS keys to protect training data and model artifacts at rest.,https://genai.owasp.org/llmrisk/llm022025-sensitive-information-disclosure/,exact,2f6c1a7e-5b3d-4e8a-9c0f-000000000903,2f6c1a7e-5b3d-4e8a-9c0f-000000000927
123456789012,owasp,us-east-1,OW-02,OWASP LLM02: Marketplace Endpoint CMK Encryption,Not failing,N/A,N/A,Informational,Informational,OWASP category: LLM02:2025 Sensitive Information Disclosure. Source check BR-40: No Bedrock Marketplace model endpoints found,OWASP category: LLM02:2025 Sensitive Information Disclosure. Source check BR-40: No Bedrock Marketplace model endpoints found,Configure Bedrock Marketplace model endpoints with a customer-managed KMS key rather than an AWS-managed key.,https://genai.owasp.org/llmrisk/llm022025-sensitive-information-disclosure/,exact,2f6c1a7e-5b3d-4e8a-9c0f-000000000903,2f6c1a7e-5b3d-4e8a-9c0f-000000000927
123456789012,owasp,us-east-1,OW-02,OWASP LLM02: SageMaker Data Encryption,Not failing,N/A,N/A,Informational,Informational,OWASP category: LLM02:2025 Sensitive Information Disclosure. Source check SM-03: No SageMaker resources found to check for data protection,OWASP category: LLM02:2025 Sensitive Information Disclosure. Source check SM-03: No SageMaker resources found to check for data protection,"Configure SageMaker notebooks, domains, and training jobs to use customer-managed KMS keys and encryption in transit for sensitive training and inference data.",https://genai.owasp.org/llmrisk/llm022025-sensitive-information-disclosure/,exact,2f6c1a7e-5b3d-4e8a-9c0f-000000000903,2f6c1a7e-5b3d-4e8a-9c0f-000000000927
123456789012,owasp,us-east-1,OW-02,OWASP LLM02: SageMaker Feature Store Encryption,Not failing,N/A,N/A,Informational,Informational,OWASP category: LLM02:2025 Sensitive Information Disclosure. Source check SM-15: No feature groups with offline stores found,OWASP category: LLM02:2025 Sensitive Information Disclosure. Source check SM-15: No feature groups with offline stores found,Encrypt SageMaker Feature Store offline stores with customer-managed KMS keys so sensitive feature data is protected at rest.,https://genai.owasp.org/llmrisk/llm022025-sensitive-information-disclosure/,exact,2f6c1a7e-5b3d-4e8a-9c0f-000000000903,2f6c1a7e-5b3d-4e8a-9c0f-000000000927
123456789012,owasp,us-east-1,OW-03,OWASP LLM03: HyperPod VPC Boundary,Not failing,N/A,N/A,Informational,Informational,OWASP category: LLM03:2025 Supply Chain. Source check SM-28: No SageMaker HyperPod clusters found,OWASP category: LLM03:2025 Supply Chain. Source check SM-28: No SageMaker HyperPod clusters found,"Configure every HyperPod instance group with approved VPC subnets and security groups to control training-data, model-artifact, and dependency access paths.",https://genai.owasp.org/llmrisk/llm032025-supply-chain/,exact,2f6c1a7e-5b3d-4e8a-9c0f-000000000903,2f6c1a7e-5b3d-4e8a-9c0f-000000000927
123456789012,owasp,us-east-1,OW-03,OWASP LLM03: Imported-Model KMS Provenance,Not failing,N/A,N/A,Informational,Informational,OWASP category: LLM03:2025 Supply Chain. Source check BR-30: No imported custom Bedrock models found in this region,OWASP category: LLM03:2025 Supply Chain. Source check BR-30: No imported custom Bedrock models found in this region,Encrypt imported Bedrock models with a customer-managed KMS key to preserve provenance and access control across model artefacts.,https://genai.owasp.org/llmrisk/llm032025-supply-chain/,exact,2f6c1a7e-5b3d-4e8a-9c0f-000000000903,2f6c1a7e-5b3d-4e8a-9c0f-000000000927
123456789012,owasp,us-east-1,OW-03,OWASP LLM03: Inspector Lambda Code Scanning,Not failing,Passed,Passed,Medium,Medium,OWASP category: LLM03:2025 Supply Chain. Source check BR-33: Amazon Inspector Lambda standard scanning and Lambda code scanning are both ENABLED in us-east-1. Detected 1 Lambda function(s) with Bedrock indicators: aiml-security-aiml-sec-123456789012-BedrockAssessment.,OWASP category: LLM03:2025 Supply Chain. Source check BR-33: Amazon Inspector Lambda standard scanning and Lambda code scanning are both ENABLED in us-east-1. Detected 1 Lambda function(s) with Bedrock indicators: aiml-security-aiml-sec-123456789012-BedrockAssessment.,Enable Amazon Inspector Lambda standard scanning and Lambda code scanning so vulnerable dependencies and hardcoded secrets in Bedrock-calling Lambda functions are detected as part of the GenAI supply chain.,https://genai.owasp.org/llmrisk/llm032025-supply-chain/,exact,2f6c1a7e-5b3d-4e8a-9c0f-000000000903,2f6c1a7e-5b3d-4e8a-9c0f-000000000927
123456789012,owasp,us-east-1,OW-03,OWASP LLM03: Marketplace Endpoint VPC Isolation,Not failing,N/A,N/A,Informational,Informational,OWASP category: LLM03:2025 Supply Chain. Source check BR-39: No Bedrock Marketplace model endpoints found,OWASP category: LLM03:2025 Supply Chain. Source check BR-39: No Bedrock Marketplace model endpoints found,Configure Bedrock Marketplace model endpoints with approved VPC subnets and security groups so model and dependency paths remain inside controlled network boundaries.,https://genai.owasp.org/llmrisk/llm032025-supply-chain/,exact,2f6c1a7e-5b3d-4e8a-9c0f-000000000903,2f6c1a7e-5b3d-4e8a-9c0f-000000000927
123456789012,owasp,us-east-1,OW-03,OWASP LLM03: Model Registry Resource Policy Boundary,Not failing,N/A,N/A,Informational,Informational,OWASP category: LLM03:2025 Supply Chain. Source check SM-30: No SageMaker model package groups found,OWASP category: LLM03:2025 Supply Chain. Source check SM-30: No SageMaker model package groups found,"Restrict SageMaker model package group resource policies to approved accounts and organizations, and remove public access.",https://genai.owasp.org/llmrisk/llm032025-supply-chain/,exact,2f6c1a7e-5b3d-4e8a-9c0f-000000000903,2f6c1a7e-5b3d-4e8a-9c0f-000000000927
123456789012,owasp,us-east-1,OW-03,OWASP LLM03: SageMaker AutoML Network Isolation,Not failing,N/A,N/A,Informational,Informational,OWASP category: LLM03:2025 Supply Chain. Source check SM-21: No AutoML jobs found,OWASP category: LLM03:2025 Supply Chain. Source check SM-21: No AutoML jobs found,Enable network isolation on AutoML jobs so generated training containers cannot fetch unapproved dependencies or send data over unmanaged network paths.,https://genai.owasp.org/llmrisk/llm032025-supply-chain/,exact,2f6c1a7e-5b3d-4e8a-9c0f-000000000903,2f6c1a7e-5b3d-4e8a-9c0f-000000000927
123456789012,owasp,us-east-1,OW-03,OWASP LLM03: SageMaker Container Repository Access,Not failing,N/A,N/A,Informational,Informational,OWASP category: LLM03:2025 Supply Chain. Source check SM-14: No models found or all use default Platform access,OWASP category: LLM03:2025 Supply Chain. Source check SM-14: No models found or all use default Platform access,Configure SageMaker models to pull container images from private ECR repositories through VPC repository access instead of platform or public registry paths.,https://genai.owasp.org/llmrisk/llm032025-supply-chain/,exact,2f6c1a7e-5b3d-4e8a-9c0f-000000000903,2f6c1a7e-5b3d-4e8a-9c0f-000000000927
123456789012,owasp,us-east-1,OW-03,OWASP LLM03: SageMaker Internet Exposure,Not failing,N/A,N/A,Informational,Informational,OWASP category: LLM03:2025 Supply Chain. Source check SM-01: No SageMaker notebook instances or domains found to check,OWASP category: LLM03:2025 Supply Chain. Source check SM-01: No SageMaker notebook instances or domains found to check,Disable direct internet access on SageMaker notebooks and configure domains for VPC-only access to reduce supply-chain exposure from unmanaged network paths.,https://genai.owasp.org/llmrisk/llm032025-supply-chain/,exact,2f6c1a7e-5b3d-4e8a-9c0f-000000000903,2f6c1a7e-5b3d-4e8a-9c0f-000000000927
123456789012,owasp,us-east-1,OW-03,OWASP LLM03: SageMaker ML Lineage Tracking,Not failing,N/A,N/A,Informational,Informational,OWASP category: LLM03:2025 Supply Chain. Source check SM-25: No SageMaker Experiments found. ML Lineage tracking through Experiments is not being utilized.,OWASP category: LLM03:2025 Supply Chain. Source check SM-25: No SageMaker Experiments found. ML Lineage tracking through Experiments is not being utilized.,"Use SageMaker Experiments and lineage associations to track training runs, parameters, artifacts, and model package provenance across the ML supply chain.",https://genai.owasp.org/llmrisk/llm032025-supply-chain/,exact,2f6c1a7e-5b3d-4e8a-9c0f-000000000903,2f6c1a7e-5b3d-4e8a-9c0f-000000000927
123456789012,owasp,us-east-1,OW-03,OWASP LLM03: SageMaker Model Network Isolation,Not failing,N/A,N/A,Informational,Informational,OWASP category: LLM03:2025 Supply Chain. Source check SM-11: No models found,OWASP category: LLM03:2025 Supply Chain. Source check SM-11: No models found,Enable network isolation on SageMaker models so inference containers cannot make unmanaged outbound calls that alter dependencies or exfiltrate model artifacts.,https://genai.owasp.org/llmrisk/llm032025-supply-chain/,exact,2f6c1a7e-5b3d-4e8a-9c0f-000000000903,2f6c1a7e-5b3d-4e8a-9c0f-000000000927
123456789012,owasp,us-east-1,OW-03,OWASP LLM03: SageMaker Notebook VPC Deployment,Not failing,N/A,N/A,Informational,Informational,OWASP category: LLM03:2025 Supply Chain. Source check SM-10: No notebook instances found,OWASP category: LLM03:2025 Supply Chain. Source check SM-10: No notebook instances found,"Deploy SageMaker notebook instances inside a VPC so package, data, and model artifact access can be controlled through private network paths.",https://genai.owasp.org/llmrisk/llm032025-supply-chain/,exact,2f6c1a7e-5b3d-4e8a-9c0f-000000000903,2f6c1a7e-5b3d-4e8a-9c0f-000000000927
123456789012,owasp,us-east-1,OW-04,OWASP LLM04: Contextual Grounding on Retrieved Data,Not failing,N/A,N/A,Informational,Informational,OWASP category: LLM04:2025 Data and Model Poisoning. Source check BR-27: No Bedrock guardrails configured in this region,OWASP category: LLM04:2025 Data and Model Poisoning. Source check BR-27: No Bedrock guardrails configured in this region,Enable contextual grounding guardrail filters so retrieved context that diverges from ground truth is filtered before reaching the model.,https://genai.owasp.org/llmrisk/llm042025-data-and-model-poisoning/,exact,2f6c1a7e-5b3d-4e8a-9c0f-000000000903,2f6c1a7e-5b3d-4e8a-9c0f-000000000927
123456789012,owasp,us-east-1,OW-04,OWASP LLM04: RAG Evaluation Coverage,Not failing,N/A,N/A,Informational,Informational,OWASP category: LLM04:2025 Data and Model Poisoning. Source check BR-25: No Bedrock knowledge bases found in this region,OWASP category: LLM04:2025 Data and Model Poisoning. Source check BR-25: No Bedrock knowledge bases found in this region,Run Bedrock RAG evaluation jobs against knowledge bases regularly to detect degraded retrieval or poisoned context.,https://genai.owasp.org/llmrisk/llm042025-data-and-model-poisoning/,exact,2f6c1a7e-5b3d-4e8a-9c0f-000000000903,2f6c1a7e-5b3d-4e8a-9c0f-000000000927
123456789012,owasp,us-east-1,OW-04,OWASP LLM04: SageMaker ML Lineage Tracking,Not failing,N/A,N/A,Informational,Informational,OWASP category: LLM04:2025 Data and Model Poisoning. Source check SM-25: No SageMaker Experiments found. ML Lineage tracking through Experiments is not being utilized.,OWASP category: LLM04:2025 Data and Model Poisoning. Source check SM-25: No SageMaker Experiments found. ML Lineage tracking through Experiments is not being utilized.,Track SageMaker training lineage from source data through model artifacts so poisoned data or model versions can be traced and remediated.,https://genai.owasp.org/llmrisk/llm042025-data-and-model-poisoning/,exact,2f6c1a7e-5b3d-4e8a-9c0f-000000000903,2f6c1a7e-5b3d-4e8a-9c0f-000000000927
123456789012,owasp,us-east-1,OW-04,OWASP LLM04: SageMaker Model Approval Workflow,Not failing,N/A,N/A,Informational,Informational,OWASP category: LLM04:2025 Data and Model Poisoning. Source check SM-22: No model package groups found. Model Registry is not being used for model governance.,OWASP category: LLM04:2025 Data and Model Poisoning. Source check SM-22: No model package groups found. Model Registry is not being used for model governance.,Require SageMaker Model Registry approval workflows before production deployment so poisoned or unreviewed model versions are not promoted automatically.,https://genai.owasp.org/llmrisk/llm042025-data-and-model-poisoning/,exact,2f6c1a7e-5b3d-4e8a-9c0f-000000000903,2f6c1a7e-5b3d-4e8a-9c0f-000000000927
123456789012,owasp,us-east-1,OW-04,OWASP LLM04: SageMaker Model Drift Detection,Not failing,Passed,Passed,Medium,Medium,OWASP category: LLM04:2025 Data and Model Poisoning. Source check SM-23: No InService endpoints found to monitor.,OWASP category: LLM04:2025 Data and Model Poisoning. Source check SM-23: No InService endpoints found to monitor.,"Enable SageMaker Model Monitor drift detection for production endpoints so poisoning, data drift, and model-quality degradation are identified.",https://genai.owasp.org/llmrisk/llm042025-data-and-model-poisoning/,exact,2f6c1a7e-5b3d-4e8a-9c0f-000000000903,2f6c1a7e-5b3d-4e8a-9c0f-000000000927
123456789012,owasp,us-east-1,OW-04,OWASP LLM04: SageMaker Model Monitor Coverage,Not failing,N/A,N/A,Informational,Informational,OWASP category: LLM04:2025 Data and Model Poisoning. Source check SM-07: No Model Monitor schedules found,OWASP category: LLM04:2025 Data and Model Poisoning. Source check SM-07: No Model Monitor schedules found,Configure active SageMaker Model Monitor schedules so data-quality and model-quality regressions caused by poisoned inputs or drift are detected.,https://genai.owasp.org/llmrisk/llm042025-data-and-model-poisoning/,exact,2f6c1a7e-5b3d-4e8a-9c0f-000000000903,2f6c1a7e-5b3d-4e8a-9c0f-000000000927
123456789012,owasp,us-east-1,OW-06,OWASP LLM06: Agent Action-Group Least Privilege,Not failing,N/A,N/A,Informational,Informational,OWASP category: LLM06:2025 Excessive Agency. Source check BR-21: No Bedrock agents configured in this region,OWASP category: LLM06:2025 Excessive Agency. Source check BR-21: No Bedrock agents configured in this region,Restrict agent action-group Lambda roles to only the specific actions and resources needed for each tool.,https://genai.owasp.org/llmrisk/llm062025-excessive-agency/,exact,2f6c1a7e-5b3d-4e8a-9c0f-000000000903,2f6c1a7e-5b3d-4e8a-9c0f-000000000927
123456789012,owasp,us-east-1,OW-06,OWASP LLM06: Agent Idle Session TTL,Not failing,N/A,N/A,Informational,Informational,OWASP category: LLM06:2025 Excessive Agency. Source check BR-29: No Bedrock agents configured in this region,OWASP category: LLM06:2025 Excessive Agency. Source check BR-29: No Bedrock agents configured in this region,"Set idleSessionTTLInSeconds to a conservative value (e.g., <= 3600) so long-lived agent sessions cannot be reused.",https://genai.owasp.org/llmrisk/llm062025-excessive-agency/,exact,2f6c1a7e-5b3d-4e8a-9c0f-000000000903,2f6c1a7e-5b3d-4e8a-9c0f-000000000927
123456789012,owasp,us-east-1,OW-06,OWASP LLM06: AgentCore Resource-Based Policies,Not failing,N/A,N/A,Informational,Informational,OWASP category: LLM06:2025 Excessive Agency. Source check AC-10: No AgentCore resources found to check for resource-based policies,OWASP category: LLM06:2025 Excessive Agency. Source check AC-10: No AgentCore resources found to check for resource-based policies,Attach resource-based policies to AgentCore runtimes and gateways so caller identities are constrained.,https://genai.owasp.org/llmrisk/llm062025-excessive-agency/,exact,2f6c1a7e-5b3d-4e8a-9c0f-000000000903,2f6c1a7e-5b3d-4e8a-9c0f-000000000927
123456789012,owasp,us-east-1,OW-06,OWASP LLM06: Bedrock Agent Guardrail Association,Not failing,N/A,N/A,Informational,Informational,OWASP category: LLM06:2025 Excessive Agency. Source check BR-28: No Bedrock agents configured in this region,OWASP category: LLM06:2025 Excessive Agency. Source check BR-28: No Bedrock agents configured in this region,Attach an approved Bedrock guardrail to every Bedrock agent so autonomous actions are filtered consistently.,https://genai.owasp.org/llmrisk/llm062025-excessive-agency/,exact,2f6c1a7e-5b3d-4e8a-9c0f-000000000903,2f6c1a7e-5b3d-4e8a-9c0f-000000000927
123456789012,owasp,us-east-1,OW-06,OWASP LLM06: Browser Tool Network Isolation,Not failing,N/A,N/A,Informational,Informational,OWASP category: LLM06:2025 Excessive Agency. Source check AC-16: No custom AgentCore browsers found,OWASP category: LLM06:2025 Excessive Agency. Source check AC-16: No custom AgentCore browsers found,Run custom AgentCore browsers in VPC mode with approved subnets and security groups.,https://genai.owasp.org/llmrisk/llm062025-excessive-agency/,exact,2f6c1a7e-5b3d-4e8a-9c0f-000000000903,2f6c1a7e-5b3d-4e8a-9c0f-000000000927
123456789012,owasp,us-east-1,OW-06,OWASP LLM06: Code Interpreter Network Isolation,Not failing,N/A,N/A,Informational,Informational,OWASP category: LLM06:2025 Excessive Agency. Source check AC-15: No custom AgentCore Code Interpreters found,OWASP category: LLM06:2025 Excessive Agency. Source check AC-15: No custom AgentCore Code Interpreters found,Run custom AgentCore Code Interpreters in VPC mode with approved subnets and security groups.,https://genai.owasp.org/llmrisk/llm062025-excessive-agency/,exact,2f6c1a7e-5b3d-4e8a-9c0f-000000000903,2f6c1a7e-5b3d-4e8a-9c0f-000000000927
123456789012,owasp,us-east-1,OW-07,OWASP LLM07: Bedrock Prompt Management Adoption,Not failing,N/A,N/A,Informational,Informational,OWASP category: LLM07:2025 System Prompt Leakage. Source check BR-07: Prompt Management feature is not being used. This may lead to inconsistent prompt handling and suboptimal model responses.,OWASP category: LLM07:2025 System Prompt Leakage. Source check BR-07: Prompt Management feature is not being used. This may lead to inconsistent prompt handling and suboptimal model responses.,"Manage system prompts through Amazon Bedrock Prompt Management rather than inline code or Lambda env vars so prompts are versioned, IAM-scoped, and auditable — reducing the blast radius of a prompt-leakage incident.",https://genai.owasp.org/llmrisk/llm072025-system-prompt-leakage/,exact,2f6c1a7e-5b3d-4e8a-9c0f-000000000903,2f6c1a7e-5b3d-4e8a-9c0f-000000000927
123456789012,owasp,us-east-1,OW-07,OWASP LLM07: Guardrail Standard Tier for Prompt Leakage,Not failing,N/A,N/A,Informational,Informational,OWASP category: LLM07:2025 System Prompt Leakage. Source check BR-16: No Bedrock guardrails configured in this region,OWASP category: LLM07:2025 System Prompt Leakage. Source check BR-16: No Bedrock guardrails configured in this region,Set guardrail contentPolicy.tier.tierName to STANDARD; Standard tier additionally detects prompt-leakage attacks.,https://genai.owasp.org/llmrisk/llm072025-system-prompt-leakage/,exact,2f6c1a7e-5b3d-4e8a-9c0f-000000000903,2f6c1a7e-5b3d-4e8a-9c0f-000000000927
123456789012,owasp,us-east-1,OW-07,OWASP LLM07: Model Invocation Logging,Not failing,N/A,N/A,Informational,Informational,OWASP category: LLM07:2025 System Prompt Leakage. Source check BR-04: No regional Bedrock resources found to monitor with invocation logging,OWASP category: LLM07:2025 System Prompt Leakage. Source check BR-04: No regional Bedrock resources found to monitor with invocation logging,Enable Bedrock model invocation logging so prompt-extraction attempts against the system prompt are auditable after the fact.,https://genai.owasp.org/llmrisk/llm072025-system-prompt-leakage/,exact,2f6c1a7e-5b3d-4e8a-9c0f-000000000903,2f6c1a7e-5b3d-4e8a-9c0f-000000000927
123456789012,owasp,us-east-1,OW-08,OWASP LLM08: Managed Knowledge-Base CMK Encryption,Not failing,N/A,N/A,Informational,Informational,OWASP category: LLM08:2025 Vector and Embedding Weaknesses. Source check BR-20: No Bedrock knowledge bases found in this region,OWASP category: LLM08:2025 Vector and Embedding Weaknesses. Source check BR-20: No Bedrock knowledge bases found in this region,Configure the Bedrock Managed Knowledge Base to use a customer-managed KMS key for storage encryption.,https://genai.owasp.org/llmrisk/llm082025-vector-and-embedding-weaknesses/,exact,2f6c1a7e-5b3d-4e8a-9c0f-000000000903,2f6c1a7e-5b3d-4e8a-9c0f-000000000927
123456789012,owasp,us-east-1,OW-09,OWASP LLM09: Contextual Grounding for Faithfulness,Not failing,N/A,N/A,Informational,Informational,OWASP category: LLM09:2025 Misinformation. Source check BR-27: No Bedrock guardrails configured in this region,OWASP category: LLM09:2025 Misinformation. Source check BR-27: No Bedrock guardrails configured in this region,Set the contextual grounding filter threshold to at least 0.70 to reduce hallucinated responses.,https://genai.owasp.org/llmrisk/llm092025-misinformation/,exact,2f6c1a7e-5b3d-4e8a-9c0f-000000000903,2f6c1a7e-5b3d-4e8a-9c0f-000000000927
123456789012,owasp,us-east-1,OW-09,OWASP LLM09: Model Evaluation Jobs,Not failing,N/A,N/A,Informational,Informational,OWASP category: LLM09:2025 Misinformation. Source check BR-18: No regional Bedrock resources found to assess with model evaluation jobs,OWASP category: LLM09:2025 Misinformation. Source check BR-18: No regional Bedrock resources found to assess with model evaluation jobs,Run Bedrock model evaluation jobs that include correctness and safety datasets.,https://genai.owasp.org/llmrisk/llm092025-misinformation/,exact,2f6c1a7e-5b3d-4e8a-9c0f-000000000903,2f6c1a7e-5b3d-4e8a-9c0f-000000000927
123456789012,owasp,us-east-1,OW-09,OWASP LLM09: RAG Evaluation for Faithfulness,Not failing,N/A,N/A,Informational,Informational,OWASP category: LLM09:2025 Misinformation. Source check BR-25: No Bedrock knowledge bases found in this region,OWASP category: LLM09:2025 Misinformation. Source check BR-25: No Bedrock knowledge bases found in this region,Include faithfulness and correctness metrics in RAG evaluation jobs to catch misinformation before deploying knowledge-base updates.,https://genai.owasp.org/llmrisk/llm092025-misinformation/,exact,2f6c1a7e-5b3d-4e8a-9c0f-000000000903,2f6c1a7e-5b3d-4e8a-9c0f-000000000927
123456789012,owasp,us-east-1,OW-09,OWASP LLM09: SageMaker Clarify Evaluation,Not failing,N/A,N/A,Informational,Informational,OWASP category: LLM09:2025 Misinformation. Source check SM-06: No SageMaker Clarify jobs found,OWASP category: LLM09:2025 Misinformation. Source check SM-06: No SageMaker Clarify jobs found,Use SageMaker Clarify to evaluate bias and explainability for models whose generated outputs can influence user decisions.,https://genai.owasp.org/llmrisk/llm092025-misinformation/,exact,2f6c1a7e-5b3d-4e8a-9c0f-000000000903,2f6c1a7e-5b3d-4e8a-9c0f-000000000927
123456789012,owasp,us-east-1,OW-09,OWASP LLM09: SageMaker Model Approval Workflow,Not failing,N/A,N/A,Informational,Informational,OWASP category: LLM09:2025 Misinformation. Source check SM-22: No model package groups found. Model Registry is not being used for model governance.,OWASP category: LLM09:2025 Misinformation. Source check SM-22: No model package groups found. Model Registry is not being used for model governance.,"Use SageMaker Model Registry approval workflows to ensure model behavior, intended use, and validation evidence are reviewed before production release.",https://genai.owasp.org/llmrisk/llm092025-misinformation/,exact,2f6c1a7e-5b3d-4e8a-9c0f-000000000903,2f6c1a7e-5b3d-4e8a-9c0f-000000000927
123456789012,owasp,us-east-1,OW-09,OWASP LLM09: SageMaker Model Drift Detection,Not failing,Passed,Passed,Medium,Medium,OWASP category: LLM09:2025 Misinformation. Source check SM-23: No InService endpoints found to monitor.,OWASP category: LLM09:2025 Misinformation. Source check SM-23: No InService endpoints found to monitor.,Configure data-quality and model-quality monitoring for SageMaker endpoints so degraded model behavior that can produce misinformation is detected.,https://genai.owasp.org/llmrisk/llm092025-misinformation/,exact,2f6c1a7e-5b3d-4e8a-9c0f-000000000903,2f6c1a7e-5b3d-4e8a-9c0f-000000000927
123456789012,owasp,us-east-1,OW-09,OWASP LLM09: SageMaker Model Monitor Coverage,Not failing,N/A,N/A,Informational,Informational,OWASP category: LLM09:2025 Misinformation. Source check SM-07: No Model Monitor schedules found,OWASP category: LLM09:2025 Misinformation. Source check SM-07: No Model Monitor schedules found,Configure SageMaker Model Monitor schedules for production models so quality regressions that can produce incorrect outputs are detected.,https://genai.owasp.org/llmrisk/llm092025-misinformation/,exact,2f6c1a7e-5b3d-4e8a-9c0f-000000000903,2f6c1a7e-5b3d-4e8a-9c0f-000000000927
123456789012,owasp,us-east-1,OW-10,OWASP LLM10: CloudWatch Consumption Alarms,Not failing,N/A,N/A,Informational,Informational,OWASP category: LLM10:2025 Unbounded Consumption. Source check BR-32: No regional Bedrock resources found to monitor with CloudWatch alarms,OWASP category: LLM10:2025 Unbounded Consumption. Source check BR-32: No regional Bedrock resources found to monitor with CloudWatch alarms,"Create CloudWatch alarms on Bedrock InvocationThrottles, InputTokenCount, OutputTokenCount, and EstimatedTPMQuotaUsage.",https://genai.owasp.org/llmrisk/llm102025-unbounded-consumption/,exact,2f6c1a7e-5b3d-4e8a-9c0f-000000000903,2f6c1a7e-5b3d-4e8a-9c0f-000000000927
123456789012,owasp,us-east-1,OW-10,OWASP LLM10: GuardDuty AI Protection,Still open,Failed,Failed,High,High,"OWASP category: LLM10:2025 Unbounded Consumption. Source check SM-26: GuardDuty is enabled, but the AI Protection detector feature is not enabled.","OWASP category: LLM10:2025 Unbounded Consumption. Source check SM-26: GuardDuty is enabled, but the AI Protection detector feature is not enabled.",Enable the GuardDuty AI_PROTECTION detector feature to detect supported anomalous model invocation and cost-harvesting activity.,https://genai.owasp.org/llmrisk/llm102025-unbounded-consumption/,exact,2f6c1a7e-5b3d-4e8a-9c0f-000000000903,2f6c1a7e-5b3d-4e8a-9c0f-000000000927
123456789012,owasp,us-east-1,OW-10,OWASP LLM10: SageMaker Model Outbound Network Control,Not failing,N/A,N/A,Informational,Informational,OWASP category: LLM10:2025 Unbounded Consumption. Source check SM-11: No models found,OWASP category: LLM10:2025 Unbounded Consumption. Source check SM-11: No models found,Enable SageMaker model network isolation to prevent deployed model containers from making uncontrolled outbound calls that can amplify consumption or abuse downstream services.,https://genai.owasp.org/llmrisk/llm102025-unbounded-consumption/,exact,2f6c1a7e-5b3d-4e8a-9c0f-000000000903,2f6c1a7e-5b3d-4e8a-9c0f-000000000927
123456789012,owasp,us-east-1,OW-10,OWASP LLM10: Service Quota Throttling Limits,Not failing,N/A,N/A,Informational,Informational,OWASP category: LLM10:2025 Unbounded Consumption. Source check BR-22: No regional Bedrock resources found to assess model invocation throttling quotas,OWASP category: LLM10:2025 Unbounded Consumption. Source check BR-22: No regional Bedrock resources found to assess model invocation throttling quotas,Customise Bedrock TPM / RPM service quotas above the account default to establish an explicit consumption ceiling.,https://genai.owasp.org/llmrisk/llm102025-unbounded-consumption/,exact,2f6c1a7e-5b3d-4e8a-9c0f-000000000903,2f6c1a7e-5b3d-4e8a-9c0f-000000000927
123456789012,owasp,us-east-1,OW-11,OWASP LLM07: System Prompt Embedded in Lambda Env Var,Not failing,Passed,Passed,Medium,Medium,No Lambda function env vars in us-east-1 match the embedded-system-prompt heuristic (>= 200 chars containing prompt-shaped tokens).,No Lambda function env vars in us-east-1 match the embedded-system-prompt heuristic (>= 200 chars containing prompt-shaped tokens).,No action required.,https://genai.owasp.org/llmrisk/llm072025-system-prompt-leakage/,exact,2f6c1a7e-5b3d-4e8a-9c0f-000000000903,2f6c1a7e-5b3d-4e8a-9c0f-000000000927
123456789012,owasp,us-east-1,OW-12,OWASP LLM07: System-Prompt-Disclosure Denied Topic,Not failing,N/A,N/A,Informational,Informational,No Bedrock guardrails configured in us-east-1; nothing to inspect.,No Bedrock guardrails configured in us-east-1; nothing to inspect.,No action required.,https://genai.owasp.org/llmrisk/llm072025-system-prompt-leakage/,exact,2f6c1a7e-5b3d-4e8a-9c0f-000000000903,2f6c1a7e-5b3d-4e8a-9c0f-000000000927
123456789012,owasp,us-east-2,OW-01,OWASP LLM01: Contextual Grounding Guardrail,Not failing,N/A,N/A,Informational,Informational,OWASP category: LLM01:2025 Prompt Injection. Source check BR-27: No Bedrock guardrails configured in this region,OWASP category: LLM01:2025 Prompt Injection. Source check BR-27: No Bedrock guardrails configured in this region,Enable Bedrock guardrail contextual grounding checks to reduce the surface for indirect prompt injection through retrieved context.,https://genai.owasp.org/llmrisk/llm01-prompt-injection/,exact,2f6c1a7e-5b3d-4e8a-9c0f-000000000903,2f6c1a7e-5b3d-4e8a-9c0f-000000000927
123456789012,owasp,us-east-2,OW-01,OWASP LLM01: GuardDuty AI Protection,No longer assessed,Failed,N/A,High,Informational,"OWASP category: LLM01:2025 Prompt Injection. Source check SM-26: GuardDuty is enabled, but the AI Protection detector feature is not enabled.",OWASP category: LLM01:2025 Prompt Injection. Source check SM-26: GuardDuty AI Protection status could not be read: AccessDeniedException.,Enable the GuardDuty AI_PROTECTION detector feature to detect supported direct prompt-injection activity.,https://genai.owasp.org/llmrisk/llm01-prompt-injection/,single-row,2f6c1a7e-5b3d-4e8a-9c0f-000000000903,2f6c1a7e-5b3d-4e8a-9c0f-000000000927
123456789012,owasp,us-east-2,OW-01,OWASP LLM01: Guardrail Content Filter Coverage,Not failing,N/A,N/A,Informational,Informational,OWASP category: LLM01:2025 Prompt Injection. Source check BR-23: No Bedrock guardrails configured in this region,OWASP category: LLM01:2025 Prompt Injection. Source check BR-23: No Bedrock guardrails configured in this region,"Enable Bedrock guardrail content filters (HATE, VIOLENCE, SEXUAL, INSULTS, MISCONDUCT) at MEDIUM strength or higher, and set the PROMPT_ATTACK filter at STANDARD tier.",https://genai.owasp.org/llmrisk/llm01-prompt-injection/,exact,2f6c1a7e-5b3d-4e8a-9c0f-000000000903,2f6c1a7e-5b3d-4e8a-9c0f-000000000927
123456789012,owasp,us-east-2,OW-01,OWASP LLM01: Model Invocation Logging,Not failing,N/A,N/A,Informational,Informational,OWASP category: LLM01:2025 Prompt Injection. Source check BR-04: No regional Bedrock resources found to monitor with invocation logging,OWASP category: LLM01:2025 Prompt Injection. Source check BR-04: No regional Bedrock resources found to monitor with invocation logging,Enable Bedrock model invocation logging to S3 and/or CloudWatch Logs so injection attempts and their surrounding context are captured for detection and post-incident analysis.,https://genai.owasp.org/llmrisk/llm01-prompt-injection/,exact,2f6c1a7e-5b3d-4e8a-9c0f-000000000903,2f6c1a7e-5b3d-4e8a-9c0f-000000000927
123456789012,owasp,us-east-2,OW-01,OWASP LLM01: Preventive Prompt Attack Filter,Not failing,N/A,N/A,Informational,Informational,OWASP category: LLM01:2025 Prompt Injection. Source check BR-34: No Bedrock guardrails configured in this region,OWASP category: LLM01:2025 Prompt Injection. Source check BR-34: No Bedrock guardrails configured in this region,Configure a preventive Bedrock Guardrails PROMPT_ATTACK input filter with BLOCK action and a non-NONE strength.,https://genai.owasp.org/llmrisk/llm01-prompt-injection/,exact,2f6c1a7e-5b3d-4e8a-9c0f-000000000903,2f6c1a7e-5b3d-4e8a-9c0f-000000000927
123456789012,owasp,us-east-2,OW-02,OWASP LLM02: AgentCore Token Vault CMK Encryption,Still open,Failed,Failed,High,High,OWASP category: LLM02:2025 Sensitive Information Disclosure. Source check AC-14: AgentCore token vault 'default' uses a service-managed or AWS-owned key.,OWASP category: LLM02:2025 Sensitive Information Disclosure. Source check AC-14: AgentCore token vault 'default' uses a service-managed or AWS-owned key.,Configure the AgentCore Identity token vault with a customer-managed KMS key to protect stored credentials and tokens.,https://genai.owasp.org/llmrisk/llm022025-sensitive-information-disclosure/,exact,2f6c1a7e-5b3d-4e8a-9c0f-000000000903,2f6c1a7e-5b3d-4e8a-9c0f-000000000927
123456789012,owasp,us-east-2,OW-02,OWASP LLM02: Automated Reasoning Policy Encryption,Not failing,N/A,N/A,Informational,Informational,OWASP category: LLM02:2025 Sensitive Information Disclosure. Source check BR-38: No Automated Reasoning policies found,OWASP category: LLM02:2025 Sensitive Information Disclosure. Source check BR-38: No Automated Reasoning policies found,Encrypt Automated Reasoning policies with a customer-managed KMS key to protect policy definitions and associated sensitive configuration.,https://genai.owasp.org/llmrisk/llm022025-sensitive-information-disclosure/,exact,2f6c1a7e-5b3d-4e8a-9c0f-000000000903,2f6c1a7e-5b3d-4e8a-9c0f-000000000927
123456789012,owasp,us-east-2,OW-02,OWASP LLM02: Bedrock Data Retention Boundary,Still open,Failed,Failed,High,High,OWASP category: LLM02:2025 Sensitive Information Disclosure. Source check BR-37: Bedrock account data retention is inherit; this does not establish an explicit account-level zero-data-retention setting.,OWASP category: LLM02:2025 Sensitive Information Disclosure. Source check BR-37: Bedrock account data retention is inherit; this does not establish an explicit account-level zero-data-retention setting.,Configure Bedrock account data retention as none and disable provider data sharing when prompts or responses may contain sensitive information.,https://genai.owasp.org/llmrisk/llm022025-sensitive-information-disclosure/,exact,2f6c1a7e-5b3d-4e8a-9c0f-000000000903,2f6c1a7e-5b3d-4e8a-9c0f-000000000927
123456789012,owasp,us-east-2,OW-02,OWASP LLM02: Guardrail PII / Regex Filters,Not failing,N/A,N/A,Informational,Informational,OWASP category: LLM02:2025 Sensitive Information Disclosure. Source check BR-26: No Bedrock guardrails configured in this region,OWASP category: LLM02:2025 Sensitive Information Disclosure. Source check BR-26: No Bedrock guardrails configured in this region,Configure guardrail sensitiveInformationPolicy with PII entities and regex patterns; set outputAction=ANONYMIZE or BLOCK.,https://genai.owasp.org/llmrisk/llm022025-sensitive-information-disclosure/,exact,2f6c1a7e-5b3d-4e8a-9c0f-000000000903,2f6c1a7e-5b3d-4e8a-9c0f-000000000927
123456789012,owasp,us-east-2,OW-02,OWASP LLM02: HyperPod Volume CMK Encryption,Not failing,N/A,N/A,Informational,Informational,OWASP category: LLM02:2025 Sensitive Information Disclosure. Source check SM-27: No SageMaker HyperPod clusters found,OWASP category: LLM02:2025 Sensitive Information Disclosure. Source check SM-27: No SageMaker HyperPod clusters found,Encrypt HyperPod root and secondary EBS volumes with customer-managed KMS keys to protect training data and model artifacts at rest.,https://genai.owasp.org/llmrisk/llm022025-sensitive-information-disclosure/,exact,2f6c1a7e-5b3d-4e8a-9c0f-000000000903,2f6c1a7e-5b3d-4e8a-9c0f-000000000927
123456789012,owasp,us-east-2,OW-02,OWASP LLM02: Marketplace Endpoint CMK Encryption,Not failing,N/A,N/A,Informational,Informational,OWASP category: LLM02:2025 Sensitive Information Disclosure. Source check BR-40: No Bedrock Marketplace model endpoints found,OWASP category: LLM02:2025 Sensitive Information Disclosure. Source check BR-40: No Bedrock Marketplace model endpoints found,Configure Bedrock Marketplace model endpoints with a customer-managed KMS key rather than an AWS-managed key.,https://genai.owasp.org/llmrisk/llm022025-sensitive-information-disclosure/,exact,2f6c1a7e-5b3d-4e8a-9c0f-000000000903,2f6c1a7e-5b3d-4e8a-9c0f-000000000927
123456789012,owasp,us-east-2,OW-02,OWASP LLM02: SageMaker Data Encryption,Not failing,N/A,N/A,Informational,Informational,OWASP category: LLM02:2025 Sensitive Information Disclosure. Source check SM-03: No SageMaker resources found to check for data protection,OWASP category: LLM02:2025 Sensitive Information Disclosure. Source check SM-03: No SageMaker resources found to check for data protection,"Configure SageMaker notebooks, domains, and training jobs to use customer-managed KMS keys and encryption in transit for sensitive training and inference data.",https://genai.owasp.org/llmrisk/llm022025-sensitive-information-disclosure/,exact,2f6c1a7e-5b3d-4e8a-9c0f-000000000903,2f6c1a7e-5b3d-4e8a-9c0f-000000000927
123456789012,owasp,us-east-2,OW-02,OWASP LLM02: SageMaker Feature Store Encryption,Not failing,N/A,N/A,Informational,Informational,OWASP category: LLM02:2025 Sensitive Information Disclosure. Source check SM-15: No feature groups with offline stores found,OWASP category: LLM02:2025 Sensitive Information Disclosure. Source check SM-15: No feature groups with offline stores found,Encrypt SageMaker Feature Store offline stores with customer-managed KMS keys so sensitive feature data is protected at rest.,https://genai.owasp.org/llmrisk/llm022025-sensitive-information-disclosure/,exact,2f6c1a7e-5b3d-4e8a-9c0f-000000000903,2f6c1a7e-5b3d-4e8a-9c0f-000000000927
123456789012,owasp,us-east-2,OW-03,OWASP LLM03: HyperPod VPC Boundary,Not failing,N/A,N/A,Informational,Informational,OWASP category: LLM03:2025 Supply Chain. Source check SM-28: No SageMaker HyperPod clusters found,OWASP category: LLM03:2025 Supply Chain. Source check SM-28: No SageMaker HyperPod clusters found,"Configure every HyperPod instance group with approved VPC subnets and security groups to control training-data, model-artifact, and dependency access paths.",https://genai.owasp.org/llmrisk/llm032025-supply-chain/,exact,2f6c1a7e-5b3d-4e8a-9c0f-000000000903,2f6c1a7e-5b3d-4e8a-9c0f-000000000927
123456789012,owasp,us-east-2,OW-03,OWASP LLM03: Imported-Model KMS Provenance,Not failing,N/A,N/A,Informational,Informational,OWASP category: LLM03:2025 Supply Chain. Source check BR-30: No imported custom Bedrock models found in this region,OWASP category: LLM03:2025 Supply Chain. Source check BR-30: No imported custom Bedrock models found in this region,Encrypt imported Bedrock models with a customer-managed KMS key to preserve provenance and access control across model artefacts.,https://genai.owasp.org/llmrisk/llm032025-supply-chain/,exact,2f6c1a7e-5b3d-4e8a-9c0f-000000000903,2f6c1a7e-5b3d-4e8a-9c0f-000000000927
123456789012,owasp,us-east-2,OW-03,OWASP LLM03: Inspector Lambda Code Scanning,Not failing,N/A,N/A,Informational,Informational,OWASP category: LLM03:2025 Supply Chain. Source check BR-33: No Lambda functions with Bedrock indicators were found in us-east-2; Inspector Lambda code-scanning coverage was not assessed for Bedrock-calling Lambda workloads.,OWASP category: LLM03:2025 Supply Chain. Source check BR-33: No Lambda functions with Bedrock indicators were found in us-east-2; Inspector Lambda code-scanning coverage was not assessed for Bedrock-calling Lambda workloads.,Enable Amazon Inspector Lambda standard scanning and Lambda code scanning so vulnerable dependencies and hardcoded secrets in Bedrock-calling Lambda functions are detected as part of the GenAI supply chain.,https://genai.owasp.org/llmrisk/llm032025-supply-chain/,exact,2f6c1a7e-5b3d-4e8a-9c0f-000000000903,2f6c1a7e-5b3d-4e8a-9c0f-000000000927
123456789012,owasp,us-east-2,OW-03,OWASP LLM03: Marketplace Endpoint VPC Isolation,Not failing,N/A,N/A,Informational,Informational,OWASP category: LLM03:2025 Supply Chain. Source check BR-39: No Bedrock Marketplace model endpoints found,OWASP category: LLM03:2025 Supply Chain. Source check BR-39: No Bedrock Marketplace model endpoints found,Configure Bedrock Marketplace model endpoints with approved VPC subnets and security groups so model and dependency paths remain inside controlled network boundaries.,https://genai.owasp.org/llmrisk/llm032025-supply-chain/,exact,2f6c1a7e-5b3d-4e8a-9c0f-000000000903,2f6c1a7e-5b3d-4e8a-9c0f-000000000927
123456789012,owasp,us-east-2,OW-03,OWASP LLM03: Model Registry Resource Policy Boundary,Not failing,N/A,N/A,Informational,Informational,OWASP category: LLM03:2025 Supply Chain. Source check SM-30: No SageMaker model package groups found,OWASP category: LLM03:2025 Supply Chain. Source check SM-30: No SageMaker model package groups found,"Restrict SageMaker model package group resource policies to approved accounts and organizations, and remove public access.",https://genai.owasp.org/llmrisk/llm032025-supply-chain/,exact,2f6c1a7e-5b3d-4e8a-9c0f-000000000903,2f6c1a7e-5b3d-4e8a-9c0f-000000000927
123456789012,owasp,us-east-2,OW-03,OWASP LLM03: SageMaker AutoML Network Isolation,Not failing,N/A,N/A,Informational,Informational,OWASP category: LLM03:2025 Supply Chain. Source check SM-21: No AutoML jobs found,OWASP category: LLM03:2025 Supply Chain. Source check SM-21: No AutoML jobs found,Enable network isolation on AutoML jobs so generated training containers cannot fetch unapproved dependencies or send data over unmanaged network paths.,https://genai.owasp.org/llmrisk/llm032025-supply-chain/,exact,2f6c1a7e-5b3d-4e8a-9c0f-000000000903,2f6c1a7e-5b3d-4e8a-9c0f-000000000927
123456789012,owasp,us-east-2,OW-03,OWASP LLM03: SageMaker Container Repository Access,Not failing,N/A,N/A,Informational,Informational,OWASP category: LLM03:2025 Supply Chain. Source check SM-14: No models found or all use default Platform access,OWASP category: LLM03:2025 Supply Chain. Source check SM-14: No models found or all use default Platform access,Configure SageMaker models to pull container images from private ECR repositories through VPC repository access instead of platform or public registry paths.,https://genai.owasp.org/llmrisk/llm032025-supply-chain/,exact,2f6c1a7e-5b3d-4e8a-9c0f-000000000903,2f6c1a7e-5b3d-4e8a-9c0f-000000000927
123456789012,owasp,us-east-2,OW-03,OWASP LLM03: SageMaker Internet Exposure,Not failing,N/A,N/A,Informational,Informational,OWASP category: LLM03:2025 Supply Chain. Source check SM-01: No SageMaker notebook instances or domains found to check,OWASP category: LLM03:2025 Supply Chain. Source check SM-01: No SageMaker notebook instances or domains found to check,Disable direct internet access on SageMaker notebooks and configure domains for VPC-only access to reduce supply-chain exposure from unmanaged network paths.,https://genai.owasp.org/llmrisk/llm032025-supply-chain/,exact,2f6c1a7e-5b3d-4e8a-9c0f-000000000903,2f6c1a7e-5b3d-4e8a-9c0f-000000000927
123456789012,owasp,us-east-2,OW-03,OWASP LLM03: SageMaker ML Lineage Tracking,Not failing,N/A,N/A,Informational,Informational,OWASP category: LLM03:2025 Supply Chain. Source check SM-25: No SageMaker Experiments found. ML Lineage tracking through Experiments is not being utilized.,OWASP category: LLM03:2025 Supply Chain. Source check SM-25: No SageMaker Experiments found. ML Lineage tracking through Experiments is not being utilized.,"Use SageMaker Experiments and lineage associations to track training runs, parameters, artifacts, and model package provenance across the ML supply chain.",https://genai.owasp.org/llmrisk/llm032025-supply-chain/,exact,2f6c1a7e-5b3d-4e8a-9c0f-000000000903,2f6c1a7e-5b3d-4e8a-9c0f-000000000927
123456789012,owasp,us-east-2,OW-03,OWASP LLM03: SageMaker Model Network Isolation,Not failing,N/A,N/A,Informational,Informational,OWASP category: LLM03:2025 Supply Chain. Source check SM-11: No models found,OWASP category: LLM03:2025 Supply Chain. Source check SM-11: No models found,Enable network isolation on SageMaker models so inference containers cannot make unmanaged outbound calls that alter dependencies or exfiltrate model artifacts.,https://genai.owasp.org/llmrisk/llm032025-supply-chain/,exact,2f6c1a7e-5b3d-4e8a-9c0f-000000000903,2f6c1a7e-5b3d-4e8a-9c0f-000000000927
123456789012,owasp,us-east-2,OW-03,OWASP LLM03: SageMaker Notebook VPC Deployment,Not failing,N/A,N/A,Informational,Informational,OWASP category: LLM03:2025 Supply Chain. Source check SM-10: No notebook instances found,OWASP category: LLM03:2025 Supply Chain. Source check SM-10: No notebook instances found,"Deploy SageMaker notebook instances inside a VPC so package, data, and model artifact access can be controlled through private network paths.",https://genai.owasp.org/llmrisk/llm032025-supply-chain/,exact,2f6c1a7e-5b3d-4e8a-9c0f-000000000903,2f6c1a7e-5b3d-4e8a-9c0f-000000000927
123456789012,owasp,us-east-2,OW-04,OWASP LLM04: Contextual Grounding on Retrieved Data,Not failing,N/A,N/A,Informational,Informational,OWASP category: LLM04:2025 Data and Model Poisoning. Source check BR-27: No Bedrock guardrails configured in this region,OWASP category: LLM04:2025 Data and Model Poisoning. Source check BR-27: No Bedrock guardrails configured in this region,Enable contextual grounding guardrail filters so retrieved context that diverges from ground truth is filtered before reaching the model.,https://genai.owasp.org/llmrisk/llm042025-data-and-model-poisoning/,exact,2f6c1a7e-5b3d-4e8a-9c0f-000000000903,2f6c1a7e-5b3d-4e8a-9c0f-000000000927
123456789012,owasp,us-east-2,OW-04,OWASP LLM04: RAG Evaluation Coverage,Not failing,N/A,N/A,Informational,Informational,OWASP category: LLM04:2025 Data and Model Poisoning. Source check BR-25: No Bedrock knowledge bases found in this region,OWASP category: LLM04:2025 Data and Model Poisoning. Source check BR-25: No Bedrock knowledge bases found in this region,Run Bedrock RAG evaluation jobs against knowledge bases regularly to detect degraded retrieval or poisoned context.,https://genai.owasp.org/llmrisk/llm042025-data-and-model-poisoning/,exact,2f6c1a7e-5b3d-4e8a-9c0f-000000000903,2f6c1a7e-5b3d-4e8a-9c0f-000000000927
123456789012,owasp,us-east-2,OW-04,OWASP LLM04: SageMaker ML Lineage Tracking,Not failing,N/A,N/A,Informational,Informational,OWASP category: LLM04:2025 Data and Model Poisoning. Source check SM-25: No SageMaker Experiments found. ML Lineage tracking through Experiments is not being utilized.,OWASP category: LLM04:2025 Data and Model Poisoning. Source check SM-25: No SageMaker Experiments found. ML Lineage tracking through Experiments is not being utilized.,Track SageMaker training lineage from source data through model artifacts so poisoned data or model versions can be traced and remediated.,https://genai.owasp.org/llmrisk/llm042025-data-and-model-poisoning/,exact,2f6c1a7e-5b3d-4e8a-9c0f-000000000903,2f6c1a7e-5b3d-4e8a-9c0f-000000000927
123456789012,owasp,us-east-2,OW-04,OWASP LLM04: SageMaker Model Approval Workflow,Not failing,N/A,N/A,Informational,Informational,OWASP category: LLM04:2025 Data and Model Poisoning. Source check SM-22: No model package groups found. Model Registry is not being used for model governance.,OWASP category: LLM04:2025 Data and Model Poisoning. Source check SM-22: No model package groups found. Model Registry is not being used for model governance.,Require SageMaker Model Registry approval workflows before production deployment so poisoned or unreviewed model versions are not promoted automatically.,https://genai.owasp.org/llmrisk/llm042025-data-and-model-poisoning/,exact,2f6c1a7e-5b3d-4e8a-9c0f-000000000903,2f6c1a7e-5b3d-4e8a-9c0f-000000000927
123456789012,owasp,us-east-2,OW-04,OWASP LLM04: SageMaker Model Drift Detection,Not failing,Passed,Passed,Medium,Medium,OWASP category: LLM04:2025 Data and Model Poisoning. Source check SM-23: No InService endpoints found to monitor.,OWASP category: LLM04:2025 Data and Model Poisoning. Source check SM-23: No InService endpoints found to monitor.,"Enable SageMaker Model Monitor drift detection for production endpoints so poisoning, data drift, and model-quality degradation are identified.",https://genai.owasp.org/llmrisk/llm042025-data-and-model-poisoning/,exact,2f6c1a7e-5b3d-4e8a-9c0f-000000000903,2f6c1a7e-5b3d-4e8a-9c0f-000000000927
123456789012,owasp,us-east-2,OW-04,OWASP LLM04: SageMaker Model Monitor Coverage,Not failing,N/A,N/A,Informational,Informational,OWASP category: LLM04:2025 Data and Model Poisoning. Source check SM-07: No Model Monitor schedules found,OWASP category: LLM04:2025 Data and Model Poisoning. Source check SM-07: No Model Monitor schedules found,Configure active SageMaker Model Monitor schedules so data-quality and model-quality regressions caused by poisoned inputs or drift are detected.,https://genai.owasp.org/llmrisk/llm042025-data-and-model-poisoning/,exact,2f6c1a7e-5b3d-4e8a-9c0f-000000000903,2f6c1a7e-5b3d-4e8a-9c0f-000000000927
123456789012,owasp,us-east-2,OW-06,OWASP LLM06: Agent Action-Group Least Privilege,Not failing,N/A,N/A,Informational,Informational,OWASP category: LLM06:2025 Excessive Agency. Source check BR-21: No Bedrock agents configured in this region,OWASP category: LLM06:2025 Excessive Agency. Source check BR-21: No Bedrock agents configured in this region,Restrict agent action-group Lambda roles to only the specific actions and resources needed for each tool.,https://genai.owasp.org/llmrisk/llm062025-excessive-agency/,exact,2f6c1a7e-5b3d-4e8a-9c0f-000000000903,2f6c1a7e-5b3d-4e8a-9c0f-000000000927
123456789012,owasp,us-east-2,OW-06,OWASP LLM06: Agent Idle Session TTL,Not failing,N/A,N/A,Informational,Informational,OWASP category: LLM06:2025 Excessive Agency. Source check BR-29: No Bedrock agents configured in this region,OWASP category: LLM06:2025 Excessive Agency. Source check BR-29: No Bedrock agents configured in this region,"Set idleSessionTTLInSeconds to a conservative value (e.g., <= 3600) so long-lived agent sessions cannot be reused.",https://genai.owasp.org/llmrisk/llm062025-excessive-agency/,exact,2f6c1a7e-5b3d-4e8a-9c0f-000000000903,2f6c1a7e-5b3d-4e8a-9c0f-000000000927
123456789012,owasp,us-east-2,OW-06,OWASP LLM06: AgentCore Resource-Based Policies,Not failing,N/A,N/A,Informational,Informational,OWASP category: LLM06:2025 Excessive Agency. Source check AC-10: No AgentCore resources found to check for resource-based policies,OWASP category: LLM06:2025 Excessive Agency. Source check AC-10: No AgentCore resources found to check for resource-based policies,Attach resource-based policies to AgentCore runtimes and gateways so caller identities are constrained.,https://genai.owasp.org/llmrisk/llm062025-excessive-agency/,exact,2f6c1a7e-5b3d-4e8a-9c0f-000000000903,2f6c1a7e-5b3d-4e8a-9c0f-000000000927
123456789012,owasp,us-east-2,OW-06,OWASP LLM06: Bedrock Agent Guardrail Association,Not failing,N/A,N/A,Informational,Informational,OWASP category: LLM06:2025 Excessive Agency. Source check BR-28: No Bedrock agents configured in this region,OWASP category: LLM06:2025 Excessive Agency. Source check BR-28: No Bedrock agents configured in this region,Attach an approved Bedrock guardrail to every Bedrock agent so autonomous actions are filtered consistently.,https://genai.owasp.org/llmrisk/llm062025-excessive-agency/,exact,2f6c1a7e-5b3d-4e8a-9c0f-000000000903,2f6c1a7e-5b3d-4e8a-9c0f-000000000927
123456789012,owasp,us-east-2,OW-06,OWASP LLM06: Browser Tool Network Isolation,Not failing,N/A,N/A,Informational,Informational,OWASP category: LLM06:2025 Excessive Agency. Source check AC-16: No custom AgentCore browsers found,OWASP category: LLM06:2025 Excessive Agency. Source check AC-16: No custom AgentCore browsers found,Run custom AgentCore browsers in VPC mode with approved subnets and security groups.,https://genai.owasp.org/llmrisk/llm062025-excessive-agency/,exact,2f6c1a7e-5b3d-4e8a-9c0f-000000000903,2f6c1a7e-5b3d-4e8a-9c0f-000000000927
123456789012,owasp,us-east-2,OW-06,OWASP LLM06: Code Interpreter Network Isolation,Not failing,N/A,N/A,Informational,Informational,OWASP category: LLM06:2025 Excessive Agency. Source check AC-15: No custom AgentCore Code Interpreters found,OWASP category: LLM06:2025 Excessive Agency. Source check AC-15: No custom AgentCore Code Interpreters found,Run custom AgentCore Code Interpreters in VPC mode with approved subnets and security groups.,https://genai.owasp.org/llmrisk/llm062025-excessive-agency/,exact,2f6c1a7e-5b3d-4e8a-9c0f-000000000903,2f6c1a7e-5b3d-4e8a-9c0f-000000000927
123456789012,owasp,us-east-2,OW-07,OWASP LLM07: Bedrock Prompt Management Adoption,Not failing,N/A,N/A,Informational,Informational,OWASP category: LLM07:2025 System Prompt Leakage. Source check BR-07: Prompt Management feature is not being used. This may lead to inconsistent prompt handling and suboptimal model responses.,OWASP category: LLM07:2025 System Prompt Leakage. Source check BR-07: Prompt Management feature is not being used. This may lead to inconsistent prompt handling and suboptimal model responses.,"Manage system prompts through Amazon Bedrock Prompt Management rather than inline code or Lambda env vars so prompts are versioned, IAM-scoped, and auditable — reducing the blast radius of a prompt-leakage incident.",https://genai.owasp.org/llmrisk/llm072025-system-prompt-leakage/,exact,2f6c1a7e-5b3d-4e8a-9c0f-000000000903,2f6c1a7e-5b3d-4e8a-9c0f-000000000927
123456789012,owasp,us-east-2,OW-07,OWASP LLM07: Guardrail Standard Tier for Prompt Leakage,Not failing,N/A,N/A,Informational,Informational,OWASP category: LLM07:2025 System Prompt Leakage. Source check BR-16: No Bedrock guardrails configured in this region,OWASP category: LLM07:2025 System Prompt Leakage. Source check BR-16: No Bedrock guardrails configured in this region,Set guardrail contentPolicy.tier.tierName to STANDARD; Standard tier additionally detects prompt-leakage attacks.,https://genai.owasp.org/llmrisk/llm072025-system-prompt-leakage/,exact,2f6c1a7e-5b3d-4e8a-9c0f-000000000903,2f6c1a7e-5b3d-4e8a-9c0f-000000000927
123456789012,owasp,us-east-2,OW-07,OWASP LLM07: Model Invocation Logging,Not failing,N/A,N/A,Informational,Informational,OWASP category: LLM07:2025 System Prompt Leakage. Source check BR-04: No regional Bedrock resources found to monitor with invocation logging,OWASP category: LLM07:2025 System Prompt Leakage. Source check BR-04: No regional Bedrock resources found to monitor with invocation logging,Enable Bedrock model invocation logging so prompt-extraction attempts against the system prompt are auditable after the fact.,https://genai.owasp.org/llmrisk/llm072025-system-prompt-leakage/,exact,2f6c1a7e-5b3d-4e8a-9c0f-000000000903,2f6c1a7e-5b3d-4e8a-9c0f-000000000927
123456789012,owasp,us-east-2,OW-08,OWASP LLM08: Managed Knowledge-Base CMK Encryption,Not failing,N/A,N/A,Informational,Informational,OWASP category: LLM08:2025 Vector and Embedding Weaknesses. Source check BR-20: No Bedrock knowledge bases found in this region,OWASP category: LLM08:2025 Vector and Embedding Weaknesses. Source check BR-20: No Bedrock knowledge bases found in this region,Configure the Bedrock Managed Knowledge Base to use a customer-managed KMS key for storage encryption.,https://genai.owasp.org/llmrisk/llm082025-vector-and-embedding-weaknesses/,exact,2f6c1a7e-5b3d-4e8a-9c0f-000000000903,2f6c1a7e-5b3d-4e8a-9c0f-000000000927
123456789012,owasp,us-east-2,OW-09,OWASP LLM09: Contextual Grounding for Faithfulness,Not failing,N/A,N/A,Informational,Informational,OWASP category: LLM09:2025 Misinformation. Source check BR-27: No Bedrock guardrails configured in this region,OWASP category: LLM09:2025 Misinformation. Source check BR-27: No Bedrock guardrails configured in this region,Set the contextual grounding filter threshold to at least 0.70 to reduce hallucinated responses.,https://genai.owasp.org/llmrisk/llm092025-misinformation/,exact,2f6c1a7e-5b3d-4e8a-9c0f-000000000903,2f6c1a7e-5b3d-4e8a-9c0f-000000000927
123456789012,owasp,us-east-2,OW-09,OWASP LLM09: Model Evaluation Jobs,Not failing,N/A,N/A,Informational,Informational,OWASP category: LLM09:2025 Misinformation. Source check BR-18: No regional Bedrock resources found to assess with model evaluation jobs,OWASP category: LLM09:2025 Misinformation. Source check BR-18: No regional Bedrock resources found to assess with model evaluation jobs,Run Bedrock model evaluation jobs that include correctness and safety datasets.,https://genai.owasp.org/llmrisk/llm092025-misinformation/,exact,2f6c1a7e-5b3d-4e8a-9c0f-000000000903,2f6c1a7e-5b3d-4e8a-9c0f-000000000927
123456789012,owasp,us-east-2,OW-09,OWASP LLM09: RAG Evaluation for Faithfulness,Not failing,N/A,N/A,Informational,Informational,OWASP category: LLM09:2025 Misinformation. Source check BR-25: No Bedrock knowledge bases found in this region,OWASP category: LLM09:2025 Misinformation. Source check BR-25: No Bedrock knowledge bases found in this region,Include faithfulness and correctness metrics in RAG evaluation jobs to catch misinformation before deploying knowledge-base updates.,https://genai.owasp.org/llmrisk/llm092025-misinformation/,exact,2f6c1a7e-5b3d-4e8a-9c0f-000000000903,2f6c1a7e-5b3d-4e8a-9c0f-000000000927
123456789012,owasp,us-east-2,OW-09,OWASP LLM09: SageMaker Clarify Evaluation,Not failing,N/A,N/A,Informational,Informational,OWASP category: LLM09:2025 Misinformation. Source check SM-06: No SageMaker Clarify jobs found,OWASP category: LLM09:2025 Misinformation. Source check SM-06: No SageMaker Clarify jobs found,Use SageMaker Clarify to evaluate bias and explainability for models whose generated outputs can influence user decisions.,https://genai.owasp.org/llmrisk/llm092025-misinformation/,exact,2f6c1a7e-5b3d-4e8a-9c0f-000000000903,2f6c1a7e-5b3d-4e8a-9c0f-000000000927
123456789012,owasp,us-east-2,OW-09,OWASP LLM09: SageMaker Model Approval Workflow,Not failing,N/A,N/A,Informational,Informational,OWASP category: LLM09:2025 Misinformation. Source check SM-22: No model package groups found. Model Registry is not being used for model governance.,OWASP category: LLM09:2025 Misinformation. Source check SM-22: No model package groups found. Model Registry is not being used for model governance.,"Use SageMaker Model Registry approval workflows to ensure model behavior, intended use, and validation evidence are reviewed before production release.",https://genai.owasp.org/llmrisk/llm092025-misinformation/,exact,2f6c1a7e-5b3d-4e8a-9c0f-000000000903,2f6c1a7e-5b3d-4e8a-9c0f-000000000927
123456789012,owasp,us-east-2,OW-09,OWASP LLM09: SageMaker Model Drift Detection,Not failing,Passed,Passed,Medium,Medium,OWASP category: LLM09:2025 Misinformation. Source check SM-23: No InService endpoints found to monitor.,OWASP category: LLM09:2025 Misinformation. Source check SM-23: No InService endpoints found to monitor.,Configure data-quality and model-quality monitoring for SageMaker endpoints so degraded model behavior that can produce misinformation is detected.,https://genai.owasp.org/llmrisk/llm092025-misinformation/,exact,2f6c1a7e-5b3d-4e8a-9c0f-000000000903,2f6c1a7e-5b3d-4e8a-9c0f-000000000927
123456789012,owasp,us-east-2,OW-09,OWASP LLM09: SageMaker Model Monitor Coverage,Not failing,N/A,N/A,Informational,Informational,OWASP category: LLM09:2025 Misinformation. Source check SM-07: No Model Monitor schedules found,OWASP category: LLM09:2025 Misinformation. Source check SM-07: No Model Monitor schedules found,Configure SageMaker Model Monitor schedules for production models so quality regressions that can produce incorrect outputs are detected.,https://genai.owasp.org/llmrisk/llm092025-misinformation/,exact,2f6c1a7e-5b3d-4e8a-9c0f-000000000903,2f6c1a7e-5b3d-4e8a-9c0f-000000000927
123456789012,owasp,us-east-2,OW-10,OWASP LLM10: CloudWatch Consumption Alarms,Not failing,N/A,N/A,Informational,Informational,OWASP category: LLM10:2025 Unbounded Consumption. Source check BR-32: No regional Bedrock resources found to monitor with CloudWatch alarms,OWASP category: LLM10:2025 Unbounded Consumption. Source check BR-32: No regional Bedrock resources found to monitor with CloudWatch alarms,"Create CloudWatch alarms on Bedrock InvocationThrottles, InputTokenCount, OutputTokenCount, and EstimatedTPMQuotaUsage.",https://genai.owasp.org/llmrisk/llm102025-unbounded-consumption/,exact,2f6c1a7e-5b3d-4e8a-9c0f-000000000903,2f6c1a7e-5b3d-4e8a-9c0f-000000000927
123456789012,owasp,us-east-2,OW-10,OWASP LLM10: GuardDuty AI Protection,No longer assessed,Failed,N/A,High,Informational,"OWASP category: LLM10:2025 Unbounded Consumption. Source check SM-26: GuardDuty is enabled, but the AI Protection detector feature is not enabled.",OWASP category: LLM10:2025 Unbounded Consumption. Source check SM-26: GuardDuty AI Protection status could not be read: AccessDeniedException.,Enable the GuardDuty AI_PROTECTION detector feature to detect supported anomalous model invocation and cost-harvesting activity.,https://genai.owasp.org/llmrisk/llm102025-unbounded-consumption/,single-row,2f6c1a7e-5b3d-4e8a-9c0f-000000000903,2f6c1a7e-5b3d-4e8a-9c0f-000000000927
123456789012,owasp,us-east-2,OW-10,OWASP LLM10: SageMaker Model Outbound Network Control,Not failing,N/A,N/A,Informational,Informational,OWASP category: LLM10:2025 Unbounded Consumption. Source check SM-11: No models found,OWASP category: LLM10:2025 Unbounded Consumption. Source check SM-11: No models found,Enable SageMaker model network isolation to prevent deployed model containers from making uncontrolled outbound calls that can amplify consumption or abuse downstream services.,https://genai.owasp.org/llmrisk/llm102025-unbounded-consumption/,exact,2f6c1a7e-5b3d-4e8a-9c0f-000000000903,2f6c1a7e-5b3d-4e8a-9c0f-000000000927
123456789012,owasp,us-east-2,OW-10,OWASP LLM10: Service Quota Throttling Limits,Not failing,N/A,N/A,Informational,Informational,OWASP category: LLM10:2025 Unbounded Consumption. Source check BR-22: No regional Bedrock resources found to assess model invocation throttling quotas,OWASP category: LLM10:2025 Unbounded Consumption. Source check BR-22: No regional Bedrock resources found to assess model invocation throttling quotas,Customise Bedrock TPM / RPM service quotas above the account default to establish an explicit consumption ceiling.,https://genai.owasp.org/llmrisk/llm102025-unbounded-consumption/,exact,2f6c1a7e-5b3d-4e8a-9c0f-000000000903,2f6c1a7e-5b3d-4e8a-9c0f-000000000927
123456789012,owasp,us-east-2,OW-11,OWASP LLM07: System Prompt Embedded in Lambda Env Var,Not failing,Passed,Passed,Medium,Medium,No Lambda function env vars in us-east-2 match the embedded-system-prompt heuristic (>= 200 chars containing prompt-shaped tokens).,No Lambda function env vars in us-east-2 match the embedded-system-prompt heuristic (>= 200 chars containing prompt-shaped tokens).,No action required.,https://genai.owasp.org/llmrisk/llm072025-system-prompt-leakage/,exact,2f6c1a7e-5b3d-4e8a-9c0f-000000000903,2f6c1a7e-5b3d-4e8a-9c0f-000000000927
123456789012,owasp,us-east-2,OW-12,OWASP LLM07: System-Prompt-Disclosure Denied Topic,Not failing,N/A,N/A,Informational,Informational,No Bedrock guardrails configured in us-east-2; nothing to inspect.,No Bedrock guardrails configured in us-east-2; nothing to inspect.,No action required.,https://genai.owasp.org/llmrisk/llm072025-system-prompt-leakage/,exact,2f6c1a7e-5b3d-4e8a-9c0f-000000000903,2f6c1a7e-5b3d-4e8a-9c0f-000000000927
123456789012,owasp,us-west-2,OW-01,OWASP LLM01: Contextual Grounding Guardrail,Not failing,N/A,N/A,Informational,Informational,OWASP category: LLM01:2025 Prompt Injection. Source check BR-27: No Bedrock guardrails configured in this region,OWASP category: LLM01:2025 Prompt Injection. Source check BR-27: No Bedrock guardrails configured in this region,Enable Bedrock guardrail contextual grounding checks to reduce the surface for indirect prompt injection through retrieved context.,https://genai.owasp.org/llmrisk/llm01-prompt-injection/,exact,2f6c1a7e-5b3d-4e8a-9c0f-000000000903,2f6c1a7e-5b3d-4e8a-9c0f-000000000927
123456789012,owasp,us-west-2,OW-01,OWASP LLM01: GuardDuty AI Protection,Still open,Failed,Failed,High,High,"OWASP category: LLM01:2025 Prompt Injection. Source check SM-26: GuardDuty is enabled, but the AI Protection detector feature is not enabled.","OWASP category: LLM01:2025 Prompt Injection. Source check SM-26: GuardDuty is enabled, but the AI Protection detector feature is not enabled.",Enable the GuardDuty AI_PROTECTION detector feature to detect supported direct prompt-injection activity.,https://genai.owasp.org/llmrisk/llm01-prompt-injection/,exact,2f6c1a7e-5b3d-4e8a-9c0f-000000000903,2f6c1a7e-5b3d-4e8a-9c0f-000000000927
123456789012,owasp,us-west-2,OW-01,OWASP LLM01: Guardrail Content Filter Coverage,Not failing,N/A,N/A,Informational,Informational,OWASP category: LLM01:2025 Prompt Injection. Source check BR-23: No Bedrock guardrails configured in this region,OWASP category: LLM01:2025 Prompt Injection. Source check BR-23: No Bedrock guardrails configured in this region,"Enable Bedrock guardrail content filters (HATE, VIOLENCE, SEXUAL, INSULTS, MISCONDUCT) at MEDIUM strength or higher, and set the PROMPT_ATTACK filter at STANDARD tier.",https://genai.owasp.org/llmrisk/llm01-prompt-injection/,exact,2f6c1a7e-5b3d-4e8a-9c0f-000000000903,2f6c1a7e-5b3d-4e8a-9c0f-000000000927
123456789012,owasp,us-west-2,OW-01,OWASP LLM01: Model Invocation Logging,Not failing,N/A,N/A,Informational,Informational,OWASP category: LLM01:2025 Prompt Injection. Source check BR-04: No regional Bedrock resources found to monitor with invocation logging,OWASP category: LLM01:2025 Prompt Injection. Source check BR-04: No regional Bedrock resources found to monitor with invocation logging,Enable Bedrock model invocation logging to S3 and/or CloudWatch Logs so injection attempts and their surrounding context are captured for detection and post-incident analysis.,https://genai.owasp.org/llmrisk/llm01-prompt-injection/,exact,2f6c1a7e-5b3d-4e8a-9c0f-000000000903,2f6c1a7e-5b3d-4e8a-9c0f-000000000927
123456789012,owasp,us-west-2,OW-01,OWASP LLM01: Preventive Prompt Attack Filter,Not failing,N/A,N/A,Informational,Informational,OWASP category: LLM01:2025 Prompt Injection. Source check BR-34: No Bedrock guardrails configured in this region,OWASP category: LLM01:2025 Prompt Injection. Source check BR-34: No Bedrock guardrails configured in this region,Configure a preventive Bedrock Guardrails PROMPT_ATTACK input filter with BLOCK action and a non-NONE strength.,https://genai.owasp.org/llmrisk/llm01-prompt-injection/,exact,2f6c1a7e-5b3d-4e8a-9c0f-000000000903,2f6c1a7e-5b3d-4e8a-9c0f-000000000927
123456789012,owasp,us-west-2,OW-02,OWASP LLM02: AgentCore Token Vault CMK Encryption,Still open,Failed,Failed,High,High,OWASP category: LLM02:2025 Sensitive Information Disclosure. Source check AC-14: AgentCore token vault 'default' uses a service-managed or AWS-owned key.,OWASP category: LLM02:2025 Sensitive Information Disclosure. Source check AC-14: AgentCore token vault 'default' uses a service-managed or AWS-owned key.,Configure the AgentCore Identity token vault with a customer-managed KMS key to protect stored credentials and tokens.,https://genai.owasp.org/llmrisk/llm022025-sensitive-information-disclosure/,exact,2f6c1a7e-5b3d-4e8a-9c0f-000000000903,2f6c1a7e-5b3d-4e8a-9c0f-000000000927
123456789012,owasp,us-west-2,OW-02,OWASP LLM02: Automated Reasoning Policy Encryption,Not failing,N/A,N/A,Informational,Informational,OWASP category: LLM02:2025 Sensitive Information Disclosure. Source check BR-38: No Automated Reasoning policies found,OWASP category: LLM02:2025 Sensitive Information Disclosure. Source check BR-38: No Automated Reasoning policies found,Encrypt Automated Reasoning policies with a customer-managed KMS key to protect policy definitions and associated sensitive configuration.,https://genai.owasp.org/llmrisk/llm022025-sensitive-information-disclosure/,exact,2f6c1a7e-5b3d-4e8a-9c0f-000000000903,2f6c1a7e-5b3d-4e8a-9c0f-000000000927
123456789012,owasp,us-west-2,OW-02,OWASP LLM02: Bedrock Data Retention Boundary,No longer reported,Failed,Not present,High,,OWASP category: LLM02:2025 Sensitive Information Disclosure. Source check BR-37: Bedrock account data retention is inherit; this does not establish an explicit account-level zero-data-retention setting.,,Configure Bedrock account data retention as none and disable provider data sharing when prompts or responses may contain sensitive information.,https://genai.owasp.org/llmrisk/llm022025-sensitive-information-disclosure/,unmatched,2f6c1a7e-5b3d-4e8a-9c0f-000000000903,2f6c1a7e-5b3d-4e8a-9c0f-000000000927
123456789012,owasp,us-west-2,OW-02,OWASP LLM02: Guardrail PII / Regex Filters,Not failing,N/A,N/A,Informational,Informational,OWASP category: LLM02:2025 Sensitive Information Disclosure. Source check BR-26: No Bedrock guardrails configured in this region,OWASP category: LLM02:2025 Sensitive Information Disclosure. Source check BR-26: No Bedrock guardrails configured in this region,Configure guardrail sensitiveInformationPolicy with PII entities and regex patterns; set outputAction=ANONYMIZE or BLOCK.,https://genai.owasp.org/llmrisk/llm022025-sensitive-information-disclosure/,exact,2f6c1a7e-5b3d-4e8a-9c0f-000000000903,2f6c1a7e-5b3d-4e8a-9c0f-000000000927
123456789012,owasp,us-west-2,OW-02,OWASP LLM02: HyperPod Volume CMK Encryption,Not failing,N/A,N/A,Informational,Informational,OWASP category: LLM02:2025 Sensitive Information Disclosure. Source check SM-27: No SageMaker HyperPod clusters found,OWASP category: LLM02:2025 Sensitive Information Disclosure. Source check SM-27: No SageMaker HyperPod clusters found,Encrypt HyperPod root and secondary EBS volumes with customer-managed KMS keys to protect training data and model artifacts at rest.,https://genai.owasp.org/llmrisk/llm022025-sensitive-information-disclosure/,exact,2f6c1a7e-5b3d-4e8a-9c0f-000000000903,2f6c1a7e-5b3d-4e8a-9c0f-000000000927
123456789012,owasp,us-west-2,OW-02,OWASP LLM02: Marketplace Endpoint CMK Encryption,Not failing,N/A,N/A,Informational,Informational,OWASP category: LLM02:2025 Sensitive Information Disclosure. Source check BR-40: No Bedrock Marketplace model endpoints found,OWASP category: LLM02:2025 Sensitive Information Disclosure. Source check BR-40: No Bedrock Marketplace model endpoints found,Configure Bedrock Marketplace model endpoints with a customer-managed KMS key rather than an AWS-managed key.,https://genai.owasp.org/llmrisk/llm022025-sensitive-information-disclosure/,exact,2f6c1a7e-5b3d-4e8a-9c0f-000000000903,2f6c1a7e-5b3d-4e8a-9c0f-000000000927
123456789012,owasp,us-west-2,OW-02,OWASP LLM02: SageMaker Data Encryption,Not failing,N/A,N/A,Informational,Informational,OWASP category: LLM02:2025 Sensitive Information Disclosure. Source check SM-03: No SageMaker resources found to check for data protection,OWASP category: LLM02:2025 Sensitive Information Disclosure. Source check SM-03: No SageMaker resources found to check for data protection,"Configure SageMaker notebooks, domains, and training jobs to use customer-managed KMS keys and encryption in transit for sensitive training and inference data.",https://genai.owasp.org/llmrisk/llm022025-sensitive-information-disclosure/,exact,2f6c1a7e-5b3d-4e8a-9c0f-000000000903,2f6c1a7e-5b3d-4e8a-9c0f-000000000927
123456789012,owasp,us-west-2,OW-02,OWASP LLM02: SageMaker Feature Store Encryption,Not failing,N/A,N/A,Informational,Informational,OWASP category: LLM02:2025 Sensitive Information Disclosure. Source check SM-15: No feature groups with offline stores found,OWASP category: LLM02:2025 Sensitive Information Disclosure. Source check SM-15: No feature groups with offline stores found,Encrypt SageMaker Feature Store offline stores with customer-managed KMS keys so sensitive feature data is protected at rest.,https://genai.owasp.org/llmrisk/llm022025-sensitive-information-disclosure/,exact,2f6c1a7e-5b3d-4e8a-9c0f-000000000903,2f6c1a7e-5b3d-4e8a-9c0f-000000000927
123456789012,owasp,us-west-2,OW-03,OWASP LLM03: HyperPod VPC Boundary,Not failing,N/A,N/A,Informational,Informational,OWASP category: LLM03:2025 Supply Chain. Source check SM-28: No SageMaker HyperPod clusters found,OWASP category: LLM03:2025 Supply Chain. Source check SM-28: No SageMaker HyperPod clusters found,"Configure every HyperPod instance group with approved VPC subnets and security groups to control training-data, model-artifact, and dependency access paths.",https://genai.owasp.org/llmrisk/llm032025-supply-chain/,exact,2f6c1a7e-5b3d-4e8a-9c0f-000000000903,2f6c1a7e-5b3d-4e8a-9c0f-000000000927
123456789012,owasp,us-west-2,OW-03,OWASP LLM03: Imported-Model KMS Provenance,Not failing,N/A,N/A,Informational,Informational,OWASP category: LLM03:2025 Supply Chain. Source check BR-30: No imported custom Bedrock models found in this region,OWASP category: LLM03:2025 Supply Chain. Source check BR-30: No imported custom Bedrock models found in this region,Encrypt imported Bedrock models with a customer-managed KMS key to preserve provenance and access control across model artefacts.,https://genai.owasp.org/llmrisk/llm032025-supply-chain/,exact,2f6c1a7e-5b3d-4e8a-9c0f-000000000903,2f6c1a7e-5b3d-4e8a-9c0f-000000000927
123456789012,owasp,us-west-2,OW-03,OWASP LLM03: Inspector Lambda Code Scanning,Not failing,N/A,N/A,Informational,Informational,OWASP category: LLM03:2025 Supply Chain. Source check BR-33: No Lambda functions with Bedrock indicators were found in us-west-2; Inspector Lambda code-scanning coverage was not assessed for Bedrock-calling Lambda workloads.,OWASP category: LLM03:2025 Supply Chain. Source check BR-33: No Lambda functions with Bedrock indicators were found in us-west-2; Inspector Lambda code-scanning coverage was not assessed for Bedrock-calling Lambda workloads.,Enable Amazon Inspector Lambda standard scanning and Lambda code scanning so vulnerable dependencies and hardcoded secrets in Bedrock-calling Lambda functions are detected as part of the GenAI supply chain.,https://genai.owasp.org/llmrisk/llm032025-supply-chain/,exact,2f6c1a7e-5b3d-4e8a-9c0f-000000000903,2f6c1a7e-5b3d-4e8a-9c0f-000000000927
123456789012,owasp,us-west-2,OW-03,OWASP LLM03: Marketplace Endpoint VPC Isolation,Not failing,N/A,N/A,Informational,Informational,OWASP category: LLM03:2025 Supply Chain. Source check BR-39: No Bedrock Marketplace model endpoints found,OWASP category: LLM03:2025 Supply Chain. Source check BR-39: No Bedrock Marketplace model endpoints found,Configure Bedrock Marketplace model endpoints with approved VPC subnets and security groups so model and dependency paths remain inside controlled network boundaries.,https://genai.owasp.org/llmrisk/llm032025-supply-chain/,exact,2f6c1a7e-5b3d-4e8a-9c0f-000000000903,2f6c1a7e-5b3d-4e8a-9c0f-000000000927
123456789012,owasp,us-west-2,OW-03,OWASP LLM03: Model Registry Resource Policy Boundary,Not failing,N/A,N/A,Informational,Informational,OWASP category: LLM03:2025 Supply Chain. Source check SM-30: No SageMaker model package groups found,OWASP category: LLM03:2025 Supply Chain. Source check SM-30: No SageMaker model package groups found,"Restrict SageMaker model package group resource policies to approved accounts and organizations, and remove public access.",https://genai.owasp.org/llmrisk/llm032025-supply-chain/,exact,2f6c1a7e-5b3d-4e8a-9c0f-000000000903,2f6c1a7e-5b3d-4e8a-9c0f-000000000927
123456789012,owasp,us-west-2,OW-03,OWASP LLM03: SageMaker AutoML Network Isolation,Not failing,N/A,N/A,Informational,Informational,OWASP category: LLM03:2025 Supply Chain. Source check SM-21: No AutoML jobs found,OWASP category: LLM03:2025 Supply Chain. Source check SM-21: No AutoML jobs found,Enable network isolation on AutoML jobs so generated training containers cannot fetch unapproved dependencies or send data over unmanaged network paths.,https://genai.owasp.org/llmrisk/llm032025-supply-chain/,exact,2f6c1a7e-5b3d-4e8a-9c0f-000000000903,2f6c1a7e-5b3d-4e8a-9c0f-000000000927
123456789012,owasp,us-west-2,OW-03,OWASP LLM03: SageMaker Container Repository Access,Not failing,N/A,N/A,Informational,Informational,OWASP category: LLM03:2025 Supply Chain. Source check SM-14: No models found or all use default Platform access,OWASP category: LLM03:2025 Supply Chain. Source check SM-14: No models found or all use default Platform access,Configure SageMaker models to pull container images from private ECR repositories through VPC repository access instead of platform or public registry paths.,https://genai.owasp.org/llmrisk/llm032025-supply-chain/,exact,2f6c1a7e-5b3d-4e8a-9c0f-000000000903,2f6c1a7e-5b3d-4e8a-9c0f-000000000927
123456789012,owasp,us-west-2,OW-03,OWASP LLM03: SageMaker Internet Exposure,Not failing,N/A,N/A,Informational,Informational,OWASP category: LLM03:2025 Supply Chain. Source check SM-01: No SageMaker notebook instances or domains found to check,OWASP category: LLM03:2025 Supply Chain. Source check SM-01: No SageMaker notebook instances or domains found to check,Disable direct internet access on SageMaker notebooks and configure domains for VPC-only access to reduce supply-chain exposure from unmanaged network paths.,https://genai.owasp.org/llmrisk/llm032025-supply-chain/,exact,2f6c1a7e-5b3d-4e8a-9c0f-000000000903,2f6c1a7e-5b3d-4e8a-9c0f-000000000927
123456789012,owasp,us-west-2,OW-03,OWASP LLM03: SageMaker ML Lineage Tracking,Not failing,N/A,N/A,Informational,Informational,OWASP category: LLM03:2025 Supply Chain. Source check SM-25: No SageMaker Experiments found. ML Lineage tracking through Experiments is not being utilized.,OWASP category: LLM03:2025 Supply Chain. Source check SM-25: No SageMaker Experiments found. ML Lineage tracking through Experiments is not being utilized.,"Use SageMaker Experiments and lineage associations to track training runs, parameters, artifacts, and model package provenance across the ML supply chain.",https://genai.owasp.org/llmrisk/llm032025-supply-chain/,exact,2f6c1a7e-5b3d-4e8a-9c0f-000000000903,2f6c1a7e-5b3d-4e8a-9c0f-000000000927
123456789012,owasp,us-west-2,OW-03,OWASP LLM03: SageMaker Model Network Isolation,Not failing,N/A,N/A,Informational,Informational,OWASP category: LLM03:2025 Supply Chain. Source check SM-11: No models found,OWASP category: LLM03:2025 Supply Chain. Source check SM-11: No models found,Enable network isolation on SageMaker models so inference containers cannot make unmanaged outbound calls that alter dependencies or exfiltrate model artifacts.,https://genai.owasp.org/llmrisk/llm032025-supply-chain/,exact,2f6c1a7e-5b3d-4e8a-9c0f-000000000903,2f6c1a7e-5b3d-4e8a-9c0f-000000000927
123456789012,owasp,us-west-2,OW-03,OWASP LLM03: SageMaker Notebook VPC Deployment,Not failing,N/A,N/A,Informational,Informational,OWASP category: LLM03:2025 Supply Chain. Source check SM-10: No notebook instances found,OWASP category: LLM03:2025 Supply Chain. Source check SM-10: No notebook instances found,"Deploy SageMaker notebook instances inside a VPC so package, data, and model artifact access can be controlled through private network paths.",https://genai.owasp.org/llmrisk/llm032025-supply-chain/,exact,2f6c1a7e-5b3d-4e8a-9c0f-000000000903,2f6c1a7e-5b3d-4e8a-9c0f-000000000927
123456789012,owasp,us-west-2,OW-04,OWASP LLM04: Contextual Grounding on Retrieved Data,Not failing,N/A,N/A,Informational,Informational,OWASP category: LLM04:2025 Data and Model Poisoning. Source check BR-27: No Bedrock guardrails configured in this region,OWASP category: LLM04:2025 Data and Model Poisoning. Source check BR-27: No Bedrock guardrails configured in this region,Enable contextual grounding guardrail filters so retrieved context that diverges from ground truth is filtered before reaching the model.,https://genai.owasp.org/llmrisk/llm042025-data-and-model-poisoning/,exact,2f6c1a7e-5b3d-4e8a-9c0f-000000000903,2f6c1a7e-5b3d-4e8a-9c0f-000000000927
123456789012,owasp,us-west-2,OW-04,OWASP LLM04: RAG Evaluation Coverage,Not failing,N/A,N/A,Informational,Informational,OWASP category: LLM04:2025 Data and Model Poisoning. Source check BR-25: No Bedrock knowledge bases found in this region,OWASP category: LLM04:2025 Data and Model Poisoning. Source check BR-25: No Bedrock knowledge bases found in this region,Run Bedrock RAG evaluation jobs against knowledge bases regularly to detect degraded retrieval or poisoned context.,https://genai.owasp.org/llmrisk/llm042025-data-and-model-poisoning/,exact,2f6c1a7e-5b3d-4e8a-9c0f-000000000903,2f6c1a7e-5b3d-4e8a-9c0f-000000000927
123456789012,owasp,us-west-2,OW-04,OWASP LLM04: SageMaker ML Lineage Tracking,Not failing,N/A,N/A,Informational,Informational,OWASP category: LLM04:2025 Data and Model Poisoning. Source check SM-25: No SageMaker Experiments found. ML Lineage tracking through Experiments is not being utilized.,OWASP category: LLM04:2025 Data and Model Poisoning. Source check SM-25: No SageMaker Experiments found. ML Lineage tracking through Experiments is not being utilized.,Track SageMaker training lineage from source data through model artifacts so poisoned data or model versions can be traced and remediated.,https://genai.owasp.org/llmrisk/llm042025-data-and-model-poisoning/,exact,2f6c1a7e-5b3d-4e8a-9c0f-000000000903,2f6c1a7e-5b3d-4e8a-9c0f-000000000927
123456789012,owasp,us-west-2,OW-04,OWASP LLM04: SageMaker Model Approval Workflow,Not failing,N/A,N/A,Informational,Informational,OWASP category: LLM04:2025 Data and Model Poisoning. Source check SM-22: No model package groups found. Model Registry is not being used for model governance.,OWASP category: LLM04:2025 Data and Model Poisoning. Source check SM-22: No model package groups found. Model Registry is not being used for model governance.,Require SageMaker Model Registry approval workflows before production deployment so poisoned or unreviewed model versions are not promoted automatically.,https://genai.owasp.org/llmrisk/llm042025-data-and-model-poisoning/,exact,2f6c1a7e-5b3d-4e8a-9c0f-000000000903,2f6c1a7e-5b3d-4e8a-9c0f-000000000927
123456789012,owasp,us-west-2,OW-04,OWASP LLM04: SageMaker Model Drift Detection,Not failing,Passed,Passed,Medium,Medium,OWASP category: LLM04:2025 Data and Model Poisoning. Source check SM-23: No InService endpoints found to monitor.,OWASP category: LLM04:2025 Data and Model Poisoning. Source check SM-23: No InService endpoints found to monitor.,"Enable SageMaker Model Monitor drift detection for production endpoints so poisoning, data drift, and model-quality degradation are identified.",https://genai.owasp.org/llmrisk/llm042025-data-and-model-poisoning/,exact,2f6c1a7e-5b3d-4e8a-9c0f-000000000903,2f6c1a7e-5b3d-4e8a-9c0f-000000000927
123456789012,owasp,us-west-2,OW-04,OWASP LLM04: SageMaker Model Monitor Coverage,Not failing,N/A,N/A,Informational,Informational,OWASP category: LLM04:2025 Data and Model Poisoning. Source check SM-07: No Model Monitor schedules found,OWASP category: LLM04:2025 Data and Model Poisoning. Source check SM-07: No Model Monitor schedules found,Configure active SageMaker Model Monitor schedules so data-quality and model-quality regressions caused by poisoned inputs or drift are detected.,https://genai.owasp.org/llmrisk/llm042025-data-and-model-poisoning/,exact,2f6c1a7e-5b3d-4e8a-9c0f-000000000903,2f6c1a7e-5b3d-4e8a-9c0f-000000000927
123456789012,owasp,us-west-2,OW-06,OWASP LLM06: Agent Action-Group Least Privilege,Not failing,N/A,N/A,Informational,Informational,OWASP category: LLM06:2025 Excessive Agency. Source check BR-21: No Bedrock agents configured in this region,OWASP category: LLM06:2025 Excessive Agency. Source check BR-21: No Bedrock agents configured in this region,Restrict agent action-group Lambda roles to only the specific actions and resources needed for each tool.,https://genai.owasp.org/llmrisk/llm062025-excessive-agency/,exact,2f6c1a7e-5b3d-4e8a-9c0f-000000000903,2f6c1a7e-5b3d-4e8a-9c0f-000000000927
123456789012,owasp,us-west-2,OW-06,OWASP LLM06: Agent Idle Session TTL,Not failing,N/A,N/A,Informational,Informational,OWASP category: LLM06:2025 Excessive Agency. Source check BR-29: No Bedrock agents configured in this region,OWASP category: LLM06:2025 Excessive Agency. Source check BR-29: No Bedrock agents configured in this region,"Set idleSessionTTLInSeconds to a conservative value (e.g., <= 3600) so long-lived agent sessions cannot be reused.",https://genai.owasp.org/llmrisk/llm062025-excessive-agency/,exact,2f6c1a7e-5b3d-4e8a-9c0f-000000000903,2f6c1a7e-5b3d-4e8a-9c0f-000000000927
123456789012,owasp,us-west-2,OW-06,OWASP LLM06: AgentCore Resource-Based Policies,Not failing,N/A,N/A,Informational,Informational,OWASP category: LLM06:2025 Excessive Agency. Source check AC-10: No AgentCore resources found to check for resource-based policies,OWASP category: LLM06:2025 Excessive Agency. Source check AC-10: No AgentCore resources found to check for resource-based policies,Attach resource-based policies to AgentCore runtimes and gateways so caller identities are constrained.,https://genai.owasp.org/llmrisk/llm062025-excessive-agency/,exact,2f6c1a7e-5b3d-4e8a-9c0f-000000000903,2f6c1a7e-5b3d-4e8a-9c0f-000000000927
123456789012,owasp,us-west-2,OW-06,OWASP LLM06: Bedrock Agent Guardrail Association,Not failing,N/A,N/A,Informational,Informational,OWASP category: LLM06:2025 Excessive Agency. Source check BR-28: No Bedrock agents configured in this region,OWASP category: LLM06:2025 Excessive Agency. Source check BR-28: No Bedrock agents configured in this region,Attach an approved Bedrock guardrail to every Bedrock agent so autonomous actions are filtered consistently.,https://genai.owasp.org/llmrisk/llm062025-excessive-agency/,exact,2f6c1a7e-5b3d-4e8a-9c0f-000000000903,2f6c1a7e-5b3d-4e8a-9c0f-000000000927
123456789012,owasp,us-west-2,OW-06,OWASP LLM06: Browser Tool Network Isolation,Not failing,N/A,N/A,Informational,Informational,OWASP category: LLM06:2025 Excessive Agency. Source check AC-16: No custom AgentCore browsers found,OWASP category: LLM06:2025 Excessive Agency. Source check AC-16: No custom AgentCore browsers found,Run custom AgentCore browsers in VPC mode with approved subnets and security groups.,https://genai.owasp.org/llmrisk/llm062025-excessive-agency/,exact,2f6c1a7e-5b3d-4e8a-9c0f-000000000903,2f6c1a7e-5b3d-4e8a-9c0f-000000000927
123456789012,owasp,us-west-2,OW-06,OWASP LLM06: Code Interpreter Network Isolation,Not failing,N/A,N/A,Informational,Informational,OWASP category: LLM06:2025 Excessive Agency. Source check AC-15: No custom AgentCore Code Interpreters found,OWASP category: LLM06:2025 Excessive Agency. Source check AC-15: No custom AgentCore Code Interpreters found,Run custom AgentCore Code Interpreters in VPC mode with approved subnets and security groups.,https://genai.owasp.org/llmrisk/llm062025-excessive-agency/,exact,2f6c1a7e-5b3d-4e8a-9c0f-000000000903,2f6c1a7e-5b3d-4e8a-9c0f-000000000927
123456789012,owasp,us-west-2,OW-07,OWASP LLM07: Bedrock Prompt Management Adoption,Not failing,N/A,N/A,Informational,Informational,OWASP category: LLM07:2025 System Prompt Leakage. Source check BR-07: Prompt Management feature is not being used. This may lead to inconsistent prompt handling and suboptimal model responses.,OWASP category: LLM07:2025 System Prompt Leakage. Source check BR-07: Prompt Management feature is not being used. This may lead to inconsistent prompt handling and suboptimal model responses.,"Manage system prompts through Amazon Bedrock Prompt Management rather than inline code or Lambda env vars so prompts are versioned, IAM-scoped, and auditable — reducing the blast radius of a prompt-leakage incident.",https://genai.owasp.org/llmrisk/llm072025-system-prompt-leakage/,exact,2f6c1a7e-5b3d-4e8a-9c0f-000000000903,2f6c1a7e-5b3d-4e8a-9c0f-000000000927
123456789012,owasp,us-west-2,OW-07,OWASP LLM07: Guardrail Standard Tier for Prompt Leakage,Not failing,N/A,N/A,Informational,Informational,OWASP category: LLM07:2025 System Prompt Leakage. Source check BR-16: No Bedrock guardrails configured in this region,OWASP category: LLM07:2025 System Prompt Leakage. Source check BR-16: No Bedrock guardrails configured in this region,Set guardrail contentPolicy.tier.tierName to STANDARD; Standard tier additionally detects prompt-leakage attacks.,https://genai.owasp.org/llmrisk/llm072025-system-prompt-leakage/,exact,2f6c1a7e-5b3d-4e8a-9c0f-000000000903,2f6c1a7e-5b3d-4e8a-9c0f-000000000927
123456789012,owasp,us-west-2,OW-07,OWASP LLM07: Model Invocation Logging,Not failing,N/A,N/A,Informational,Informational,OWASP category: LLM07:2025 System Prompt Leakage. Source check BR-04: No regional Bedrock resources found to monitor with invocation logging,OWASP category: LLM07:2025 System Prompt Leakage. Source check BR-04: No regional Bedrock resources found to monitor with invocation logging,Enable Bedrock model invocation logging so prompt-extraction attempts against the system prompt are auditable after the fact.,https://genai.owasp.org/llmrisk/llm072025-system-prompt-leakage/,exact,2f6c1a7e-5b3d-4e8a-9c0f-000000000903,2f6c1a7e-5b3d-4e8a-9c0f-000000000927
123456789012,owasp,us-west-2,OW-08,OWASP LLM08: Managed Knowledge-Base CMK Encryption,Not failing,N/A,N/A,Informational,Informational,OWASP category: LLM08:2025 Vector and Embedding Weaknesses. Source check BR-20: No Bedrock knowledge bases found in this region,OWASP category: LLM08:2025 Vector and Embedding Weaknesses. Source check BR-20: No Bedrock knowledge bases found in this region,Configure the Bedrock Managed Knowledge Base to use a customer-managed KMS key for storage encryption.,https://genai.owasp.org/llmrisk/llm082025-vector-and-embedding-weaknesses/,exact,2f6c1a7e-5b3d-4e8a-9c0f-000000000903,2f6c1a7e-5b3d-4e8a-9c0f-000000000927
123456789012,owasp,us-west-2,OW-09,OWASP LLM09: Contextual Grounding for Faithfulness,Not failing,N/A,N/A,Informational,Informational,OWASP category: LLM09:2025 Misinformation. Source check BR-27: No Bedrock guardrails configured in this region,OWASP category: LLM09:2025 Misinformation. Source check BR-27: No Bedrock guardrails configured in this region,Set the contextual grounding filter threshold to at least 0.70 to reduce hallucinated responses.,https://genai.owasp.org/llmrisk/llm092025-misinformation/,exact,2f6c1a7e-5b3d-4e8a-9c0f-000000000903,2f6c1a7e-5b3d-4e8a-9c0f-000000000927
123456789012,owasp,us-west-2,OW-09,OWASP LLM09: Model Evaluation Jobs,Not failing,N/A,N/A,Informational,Informational,OWASP category: LLM09:2025 Misinformation. Source check BR-18: No regional Bedrock resources found to assess with model evaluation jobs,OWASP category: LLM09:2025 Misinformation. Source check BR-18: No regional Bedrock resources found to assess with model evaluation jobs,Run Bedrock model evaluation jobs that include correctness and safety datasets.,https://genai.owasp.org/llmrisk/llm092025-misinformation/,exact,2f6c1a7e-5b3d-4e8a-9c0f-000000000903,2f6c1a7e-5b3d-4e8a-9c0f-000000000927
123456789012,owasp,us-west-2,OW-09,OWASP LLM09: RAG Evaluation for Faithfulness,Not failing,N/A,N/A,Informational,Informational,OWASP category: LLM09:2025 Misinformation. Source check BR-25: No Bedrock knowledge bases found in this region,OWASP category: LLM09:2025 Misinformation. Source check BR-25: No Bedrock knowledge bases found in this region,Include faithfulness and correctness metrics in RAG evaluation jobs to catch misinformation before deploying knowledge-base updates.,https://genai.owasp.org/llmrisk/llm092025-misinformation/,exact,2f6c1a7e-5b3d-4e8a-9c0f-000000000903,2f6c1a7e-5b3d-4e8a-9c0f-000000000927
123456789012,owasp,us-west-2,OW-09,OWASP LLM09: SageMaker Clarify Evaluation,Not failing,N/A,N/A,Informational,Informational,OWASP category: LLM09:2025 Misinformation. Source check SM-06: No SageMaker Clarify jobs found,OWASP category: LLM09:2025 Misinformation. Source check SM-06: No SageMaker Clarify jobs found,Use SageMaker Clarify to evaluate bias and explainability for models whose generated outputs can influence user decisions.,https://genai.owasp.org/llmrisk/llm092025-misinformation/,exact,2f6c1a7e-5b3d-4e8a-9c0f-000000000903,2f6c1a7e-5b3d-4e8a-9c0f-000000000927
123456789012,owasp,us-west-2,OW-09,OWASP LLM09: SageMaker Model Approval Workflow,Not failing,N/A,N/A,Informational,Informational,OWASP category: LLM09:2025 Misinformation. Source check SM-22: No model package groups found. Model Registry is not being used for model governance.,OWASP category: LLM09:2025 Misinformation. Source check SM-22: No model package groups found. Model Registry is not being used for model governance.,"Use SageMaker Model Registry approval workflows to ensure model behavior, intended use, and validation evidence are reviewed before production release.",https://genai.owasp.org/llmrisk/llm092025-misinformation/,exact,2f6c1a7e-5b3d-4e8a-9c0f-000000000903,2f6c1a7e-5b3d-4e8a-9c0f-000000000927
123456789012,owasp,us-west-2,OW-09,OWASP LLM09: SageMaker Model Drift Detection,Not failing,Passed,Passed,Medium,Medium,OWASP category: LLM09:2025 Misinformation. Source check SM-23: No InService endpoints found to monitor.,OWASP category: LLM09:2025 Misinformation. Source check SM-23: No InService endpoints found to monitor.,Configure data-quality and model-quality monitoring for SageMaker endpoints so degraded model behavior that can produce misinformation is detected.,https://genai.owasp.org/llmrisk/llm092025-misinformation/,exact,2f6c1a7e-5b3d-4e8a-9c0f-000000000903,2f6c1a7e-5b3d-4e8a-9c0f-000000000927
123456789012,owasp,us-west-2,OW-09,OWASP LLM09: SageMaker Model Monitor Coverage,Not failing,N/A,N/A,Informational,Informational,OWASP category: LLM09:2025 Misinformation. Source check SM-07: No Model Monitor schedules found,OWASP category: LLM09:2025 Misinformation. Source check SM-07: No Model Monitor schedules found,Configure SageMaker Model Monitor schedules for production models so quality regressions that can produce incorrect outputs are detected.,https://genai.owasp.org/llmrisk/llm092025-misinformation/,exact,2f6c1a7e-5b3d-4e8a-9c0f-000000000903,2f6c1a7e-5b3d-4e8a-9c0f-000000000927
123456789012,owasp,us-west-2,OW-10,OWASP LLM10: CloudWatch Consumption Alarms,Not failing,N/A,N/A,Informational,Informational,OWASP category: LLM10:2025 Unbounded Consumption. Source check BR-32: No regional Bedrock resources found to monitor with CloudWatch alarms,OWASP category: LLM10:2025 Unbounded Consumption. Source check BR-32: No regional Bedrock resources found to monitor with CloudWatch alarms,"Create CloudWatch alarms on Bedrock InvocationThrottles, InputTokenCount, OutputTokenCount, and EstimatedTPMQuotaUsage.",https://genai.owasp.org/llmrisk/llm102025-unbounded-consumption/,exact,2f6c1a7e-5b3d-4e8a-9c0f-000000000903,2f6c1a7e-5b3d-4e8a-9c0f-000000000927
123456789012,owasp,us-west-2,OW-10,OWASP LLM10: GuardDuty AI Protection,Still open,Failed,Failed,High,High,"OWASP category: LLM10:2025 Unbounded Consumption. Source check SM-26: GuardDuty is enabled, but the AI Protection detector feature is not enabled.","OWASP category: LLM10:2025 Unbounded Consumption. Source check SM-26: GuardDuty is enabled, but the AI Protection detector feature is not enabled.",Enable the GuardDuty AI_PROTECTION detector feature to detect supported anomalous model invocation and cost-harvesting activity.,https://genai.owasp.org/llmrisk/llm102025-unbounded-consumption/,exact,2f6c1a7e-5b3d-4e8a-9c0f-000000000903,2f6c1a7e-5b3d-4e8a-9c0f-000000000927
123456789012,owasp,us-west-2,OW-10,OWASP LLM10: SageMaker Model Outbound Network Control,Not failing,N/A,N/A,Informational,Informational,OWASP category: LLM10:2025 Unbounded Consumption. Source check SM-11: No models found,OWASP category: LLM10:2025 Unbounded Consumption. Source check SM-11: No models found,Enable SageMaker model network isolation to prevent deployed model containers from making uncontrolled outbound calls that can amplify consumption or abuse downstream services.,https://genai.owasp.org/llmrisk/llm102025-unbounded-consumption/,exact,2f6c1a7e-5b3d-4e8a-9c0f-000000000903,2f6c1a7e-5b3d-4e8a-9c0f-000000000927
123456789012,owasp,us-west-2,OW-10,OWASP LLM10: Service Quota Throttling Limits,Not failing,N/A,N/A,Informational,Informational,OWASP category: LLM10:2025 Unbounded Consumption. Source check BR-22: No regional Bedrock resources found to assess model invocation throttling quotas,OWASP category: LLM10:2025 Unbounded Consumption. Source check BR-22: No regional Bedrock resources found to assess model invocation throttling quotas,Customise Bedrock TPM / RPM service quotas above the account default to establish an explicit consumption ceiling.,https://genai.owasp.org/llmrisk/llm102025-unbounded-consumption/,exact,2f6c1a7e-5b3d-4e8a-9c0f-000000000903,2f6c1a7e-5b3d-4e8a-9c0f-000000000927
123456789012,owasp,us-west-2,OW-11,OWASP LLM07: System Prompt Embedded in Lambda Env Var,Not failing,Passed,Passed,Medium,Medium,No Lambda function env vars in us-west-2 match the embedded-system-prompt heuristic (>= 200 chars containing prompt-shaped tokens).,No Lambda function env vars in us-west-2 match the embedded-system-prompt heuristic (>= 200 chars containing prompt-shaped tokens).,No action required.,https://genai.owasp.org/llmrisk/llm072025-system-prompt-leakage/,exact,2f6c1a7e-5b3d-4e8a-9c0f-000000000903,2f6c1a7e-5b3d-4e8a-9c0f-000000000927
123456789012,owasp,us-west-2,OW-12,OWASP LLM07: System-Prompt-Disclosure Denied Topic,Not failing,N/A,N/A,Informational,Informational,No Bedrock guardrails configured in us-west-2; nothing to inspect.,No Bedrock guardrails configured in us-west-2; nothing to inspect.,No action required.,https://genai.owasp.org/llmrisk/llm072025-system-prompt-leakage/,exact,2f6c1a7e-5b3d-4e8a-9c0f-000000000903,2f6c1a7e-5b3d-4e8a-9c0f-000000000927
